ISO-10303-21;
HEADER;
FILE_DESCRIPTION (( 'STEP AP214' ),
    '1' );
FILE_NAME ('FILTER-SMD_4P-L7.0-W6.0-P3.00-TL.STEP',
    '2022-05-19T13:07:54',
    ( '微软用户' ),
    ( '微软中国' ),
    'SwSTEP 2.0',
    'SolidWorks 2020',
    '' );
FILE_SCHEMA (( 'AUTOMOTIVE_DESIGN' ));
ENDSEC;

DATA;
#1 = FILL_AREA_STYLE_COLOUR ( '', #3747 ) ;
#2 = DIRECTION ( 'NONE',  ( -1.239088197126291063E-16, -1.000000000000000000, 0.0000000000000000000 ) ) ;
#3 = DIRECTION ( 'NONE',  ( 0.0000000000000000000, 0.0000000000000000000, -1.000000000000000000 ) ) ;
#4 = ORIENTED_EDGE ( 'NONE', *, *, #7998, .F. ) ;
#5 = CARTESIAN_POINT ( 'NONE',  ( 0.08214573218600322579, 0.03065415226217993797, -0.9899999999999999911 ) ) ;
#6 =( LENGTH_UNIT ( ) NAMED_UNIT ( * ) SI_UNIT ( .MILLI., .METRE. ) );
#7 = CARTESIAN_POINT ( 'NONE',  ( -0.3499999999999995337, -2.200000000000000622, -2.000000000000000000 ) ) ;
#8 = EDGE_LOOP ( 'NONE', ( #8890, #4914, #3210, #3873 ) ) ;
#9 =( NAMED_UNIT ( * ) PLANE_ANGLE_UNIT ( ) SI_UNIT ( $, .RADIAN. ) );
#10 = UNCERTAINTY_MEASURE_WITH_UNIT (LENGTH_MEASURE( 1.000000000000000082E-05 ), #9320, 'distance_accuracy_value', 'NONE');
#11 = DIRECTION ( 'NONE',  ( -0.0000000000000000000, -1.000000000000000000, -0.0000000000000000000 ) ) ;
#12 = ORIENTED_EDGE ( 'NONE', *, *, #7880, .F. ) ;
#13 = FILL_AREA_STYLE ('',( #7459 ) ) ;
#14 = CARTESIAN_POINT ( 'NONE',  ( 1.150000000000000133, 1.500000000000000444, -2.000000000000000000 ) ) ;
#15 = SURFACE_STYLE_USAGE ( .BOTH. , #7461 ) ;
#16 = ORIENTED_EDGE ( 'NONE', *, *, #9253, .T. ) ;
#17 = DIRECTION ( 'NONE',  ( -1.275531967630004752E-16, -1.000000000000000000, 0.0000000000000000000 ) ) ;
#18 = CARTESIAN_POINT ( 'NONE',  ( 3.549999999999998934, -2.250000000000001332, -3.000000000000000000 ) ) ;
#19 = EDGE_CURVE ( 'NONE', #6408, #1525, #319, .T. ) ;
#20 = CARTESIAN_POINT ( 'NONE',  ( -0.3499999999999997002, -0.8000000000000001554, -2.000000000000000000 ) ) ;
#21 = EDGE_LOOP ( 'NONE', ( #2242, #6129, #5453, #7940 ) ) ;
#22 = ORIENTED_EDGE ( 'NONE', *, *, #7581, .F. ) ;
#23 = DIRECTION ( 'NONE',  ( 0.0000000000000000000, 0.0000000000000000000, -1.000000000000000000 ) ) ;
#24 = B_SPLINE_SURFACE_WITH_KNOTS ( 'NONE', 3, 1, ( 
 ( #1249, #10382 ),
 ( #2974, #6305 ),
 ( #9590, #2169 ),
 ( #5498, #8799 ),
 ( #1367, #4692 ),
 ( #7991, #538 ),
 ( #3860, #7172 ),
 ( #10440, #3036 ),
 ( #6375, #9649 ),
 ( #2229, #5551 ),
 ( #8848, #1412 ) ),
 .UNSPECIFIED., .F., .F., .F.,
 ( 4, 1, 1, 1, 1, 1, 1, 1, 4 ),
 ( 2, 2 ),
 ( 0.0000000000000000000, 0.1451868664724696723, 0.2834426109197301091, 0.4165243659288290767, 0.5431811235350824107, 0.6651530826377128891, 0.7813602063127155217, 0.8927566556418091714, 1.000000000000000000 ),
 ( 0.0000000000000000000, 1.000000000000000000 ),
 .UNSPECIFIED. ) ;
#25 =( NAMED_UNIT ( * ) PLANE_ANGLE_UNIT ( ) SI_UNIT ( $, .RADIAN. ) );
#26 = PRESENTATION_STYLE_ASSIGNMENT (( #7472 ) ) ;
#27 = FILL_AREA_STYLE ('',( #7473 ) ) ;
#28 = CARTESIAN_POINT ( 'NONE',  ( -0.09605412333808657777, 0.05335206417546477231, -1.000000000000000000 ) ) ;
#29 = FACE_OUTER_BOUND ( 'NONE', #6165, .T. ) ;
#30 = CARTESIAN_POINT ( 'NONE',  ( -1.549999999999999600, 1.500000000000000444, -2.000000000000000000 ) ) ;
#31 =( NAMED_UNIT ( * ) SI_UNIT ( $, .STERADIAN. ) SOLID_ANGLE_UNIT ( ) );
#32 = EDGE_CURVE ( 'NONE', #10355, #967, #4760, .T. ) ;
#33 = DIRECTION ( 'NONE',  ( 0.0000000000000000000, -1.000000000000000000, 0.0000000000000000000 ) ) ;
#34 = CARTESIAN_POINT ( 'NONE',  ( -1.649999999999999467, 2.999999999999998668, -1.000000000000000000 ) ) ;
#35 = VERTEX_POINT ( 'NONE', #9414 ) ;
#36 = CARTESIAN_POINT ( 'NONE',  ( -0.2503838247370802073, 0.04697698400472063995, -0.9900000000000002132 ) ) ;
#37 = CARTESIAN_POINT ( 'NONE',  ( -0.3988361355332085134, 0.2070106007608306375, -1.000000000000000000 ) ) ;
#38 = DIRECTION ( 'NONE',  ( -1.000000000000000000, 1.239088197126291063E-16, 0.0000000000000000000 ) ) ;
#39 = ORIENTED_EDGE ( 'NONE', *, *, #1186, .F. ) ;
#40 = FILL_AREA_STYLE ('',( #7490 ) ) ;
#41 = DIRECTION ( 'NONE',  ( 1.445602896647339163E-16, 1.000000000000000000, -0.0000000000000000000 ) ) ;
#42 = CARTESIAN_POINT ( 'NONE',  ( -0.04999999999999978767, 0.8000000000000001554, -2.000000000000000000 ) ) ;
#43 = ORIENTED_EDGE ( 'NONE', *, *, #4717, .F. ) ;
#44 = EDGE_CURVE ( 'NONE', #2981, #9675, #1991, .T. ) ;
#45 = VECTOR ( 'NONE', #336, 1000.000000000000000 ) ;
#46 = CARTESIAN_POINT ( 'NONE',  ( 0.1952318559125586772, 0.1608285421117535974, -0.9899999999999995470 ) ) ;
#47 = VERTEX_POINT ( 'NONE', #1188 ) ;
#48 = SURFACE_STYLE_FILL_AREA ( #7497 ) ;
#49 = CARTESIAN_POINT ( 'NONE',  ( -0.1902995501673548084, 0.05335206417546477231, -0.9899999999999999911 ) ) ;
#50 = PRESENTATION_LAYER_ASSIGNMENT (  '', '', ( #6133 ) ) ;
#51 = COLOUR_RGB ( '',0.7921568627450980005, 0.8196078431372548767, 0.9333333333333333481 ) ;
#52 = DIRECTION ( 'NONE',  ( 9.856383386231855129E-17, -1.000000000000000000, 0.0000000000000000000 ) ) ;
#53 = FACE_OUTER_BOUND ( 'NONE', #2251, .T. ) ;
#54 = FILL_AREA_STYLE ('',( #7502 ) ) ;
#55 = COLOUR_RGB ( '',0.9882352941176471006, 0.7372549019607843590, 0.5176470588235293491 ) ;
#56 = STYLED_ITEM ( 'NONE', ( #7612 ), #3582 ) ;
#57 =( GEOMETRIC_REPRESENTATION_CONTEXT ( 3 ) GLOBAL_UNCERTAINTY_ASSIGNED_CONTEXT ( ( #5670 ) ) GLOBAL_UNIT_ASSIGNED_CONTEXT ( ( #7430, #6608, #5796 ) ) REPRESENTATION_CONTEXT ( 'NONE', 'WORKASPACE' ) );
#58 =( NAMED_UNIT ( * ) SI_UNIT ( $, .STERADIAN. ) SOLID_ANGLE_UNIT ( ) );
#59 = VECTOR ( 'NONE', #6942, 1000.000000000000000 ) ;
#60 = SURFACE_STYLE_USAGE ( .BOTH. , #7503 ) ;
#61 = VERTEX_POINT ( 'NONE', #4516 ) ;
#62 = CARTESIAN_POINT ( 'NONE',  ( 0.1348809068538395495, 0.03259089095425485305, -1.000000000000000222 ) ) ;
#63 = STYLED_ITEM ( 'NONE', ( #1256 ), #9789 ) ;
#64 = CARTESIAN_POINT ( 'NONE',  ( -3.550000000000000266, 2.249999999999999556, -3.500000000000000000 ) ) ;
#65 =( GEOMETRIC_REPRESENTATION_CONTEXT ( 3 ) GLOBAL_UNCERTAINTY_ASSIGNED_CONTEXT ( ( #876 ) ) GLOBAL_UNIT_ASSIGNED_CONTEXT ( ( #152, #10041, #9249 ) ) REPRESENTATION_CONTEXT ( 'NONE', 'WORKASPACE' ) );
#66 = AXIS2_PLACEMENT_3D ( 'NONE', #617, #3948, #7258 ) ;
#67 = CLOSED_SHELL ( 'NONE', ( #1243, #6038, #1858, #9957, #444, #4012 ) ) ;
#68 = MECHANICAL_DESIGN_GEOMETRIC_PRESENTATION_REPRESENTATION (  '', ( #1971 ), #6152 ) ;
#69 = ORIENTED_EDGE ( 'NONE', *, *, #9833, .T. ) ;
#70 = ORIENTED_EDGE ( 'NONE', *, *, #10129, .F. ) ;
#71 = AXIS2_PLACEMENT_3D ( 'NONE', #203, #3520, #6829 ) ;
#72 =( LENGTH_UNIT ( ) NAMED_UNIT ( * ) SI_UNIT ( .MILLI., .METRE. ) );
#73 = CARTESIAN_POINT ( 'NONE',  ( 0.1053178278814256713, 0.02896182027302574707, -1.000000000000000000 ) ) ;
#74 = CARTESIAN_POINT ( 'NONE',  ( -3.500000000000000444, -3.000000000000000444, -3.500000000000000000 ) ) ;
#75 = AXIS2_PLACEMENT_3D ( 'NONE', #8528, #1076, #4399 ) ;
#76 = AXIS2_PLACEMENT_3D ( 'NONE', #5886, #9170, #1749 ) ;
#77 = STYLED_ITEM ( 'NONE', ( #8236 ), #4012 ) ;
#78 =( NAMED_UNIT ( * ) SI_UNIT ( $, .STERADIAN. ) SOLID_ANGLE_UNIT ( ) );
#79 = PRESENTATION_LAYER_ASSIGNMENT (  '', '', ( #4780 ) ) ;
#80 = CARTESIAN_POINT ( 'NONE',  ( -0.2663794647228267531, 0.1590567915938213839, -0.9900000000000002132 ) ) ;
#81 = DIRECTION ( 'NONE',  ( -1.445602896647339163E-16, -1.000000000000000000, 0.0000000000000000000 ) ) ;
#82 = AXIS2_PLACEMENT_3D ( 'NONE', #10146, #2742, #6066 ) ;
#83 = SURFACE_STYLE_USAGE ( .BOTH. , #7523 ) ;
#84 = CARTESIAN_POINT ( 'NONE',  ( -0.1914047330941841540, 0.2094496251510745422, -1.000000000000000000 ) ) ;
#85 = PRESENTATION_LAYER_ASSIGNMENT (  '', '', ( #4786 ) ) ;
#86 = SURFACE_STYLE_FILL_AREA ( #7525 ) ;
#87 =( GEOMETRIC_REPRESENTATION_CONTEXT ( 3 ) GLOBAL_UNCERTAINTY_ASSIGNED_CONTEXT ( ( #1542 ) ) GLOBAL_UNIT_ASSIGNED_CONTEXT ( ( #2052, #1241, #419 ) ) REPRESENTATION_CONTEXT ( 'NONE', 'WORKASPACE' ) );
#88 = MECHANICAL_DESIGN_GEOMETRIC_PRESENTATION_REPRESENTATION (  '', ( #9438 ), #2866 ) ;
#89 = DIRECTION ( 'NONE',  ( 1.000000000000000000, 0.0000000000000000000, 0.0000000000000000000 ) ) ;
#90 = ORIENTED_EDGE ( 'NONE', *, *, #1945, .F. ) ;
#91 = CARTESIAN_POINT ( 'NONE',  ( -0.1932892789290100999, 0.03147010573850075876, -0.9999999999999997780 ) ) ;
#92 = FILL_AREA_STYLE_COLOUR ( '', #3920 ) ;
#93 = COLOUR_RGB ( '',0.7921568627450980005, 0.8196078431372548767, 0.9333333333333333481 ) ;
#94 = CARTESIAN_POINT ( 'NONE',  ( -1.749999999999999556, 2.999999999999999556, -0.5000000000000000000 ) ) ;
#95 = AXIS2_PLACEMENT_3D ( 'NONE', #6012, #9301, #1875 ) ;
#96 = ADVANCED_FACE ( 'NONE', ( #7811 ), #5426, .T. ) ;
#97 = STYLED_ITEM ( 'NONE', ( #3511 ), #4429 ) ;
#98 = VERTEX_POINT ( 'NONE', #364 ) ;
#99 = CARTESIAN_POINT ( 'NONE',  ( 0.1722385595887427345, 0.1292666983218062615, -0.9899999999999999911 ) ) ;
#100 = CARTESIAN_POINT ( 'NONE',  ( 0.05216401823154544204, 0.04073084838782765199, -1.000000000000000000 ) ) ;
#101 = AXIS2_PLACEMENT_3D ( 'NONE', #9499, #2059, #5388 ) ;
#102 = CARTESIAN_POINT ( 'NONE',  ( 0.07857078623940627615, 0.2101821078709532886, -1.000000000000000222 ) ) ;
#103 = DIRECTION ( 'NONE',  ( 0.0000000000000000000, 0.0000000000000000000, -1.000000000000000000 ) ) ;
#104 = VERTEX_POINT ( 'NONE', #1289 ) ;
#105 = LINE ( 'NONE', #3429, #9311 ) ;
#106 = STYLED_ITEM ( 'NONE', ( #314 ), #8346 ) ;
#107 = STYLED_ITEM ( 'NONE', ( #26 ), #4595 ) ;
#108 = SURFACE_SIDE_STYLE ('',( #7549 ) ) ;
#109 = AXIS2_PLACEMENT_3D ( 'NONE', #1871, #5187, #8503 ) ;
#110 = EDGE_CURVE ( 'NONE', #9976, #7005, #4630, .T. ) ;
#111 = VECTOR ( 'NONE', #7796, 1000.000000000000000 ) ;
#112 = CARTESIAN_POINT ( 'NONE',  ( 0.1630794319606998499, 0.2115854446049459936, -1.000000000000000000 ) ) ;
#113 = DIRECTION ( 'NONE',  ( -1.000000000000000000, 2.168404344971008868E-16, 0.0000000000000000000 ) ) ;
#114 = TOROIDAL_SURFACE ( 'NONE', #6206, 0.7000000000000002887, 0.1499999999999999667 ) ;
#115 = ORIENTED_EDGE ( 'NONE', *, *, #8427, .F. ) ;
#116 = CARTESIAN_POINT ( 'NONE',  ( -0.2641707444161756624, 0.09971045485637461403, -0.9900000000000002132 ) ) ;
#117 = EDGE_CURVE ( 'NONE', #1886, #9004, #4378, .T. ) ;
#118 = LINE ( 'NONE', #1040, #4757 ) ;
#119 =( NAMED_UNIT ( * ) PLANE_ANGLE_UNIT ( ) SI_UNIT ( $, .RADIAN. ) );
#120 = UNCERTAINTY_MEASURE_WITH_UNIT (LENGTH_MEASURE( 1.000000000000000082E-05 ), #8594, 'distance_accuracy_value', 'NONE');
#121 =( NAMED_UNIT ( * ) SI_UNIT ( $, .STERADIAN. ) SOLID_ANGLE_UNIT ( ) );
#122 = STYLED_ITEM ( 'NONE', ( #5994 ), #6016 ) ;
#123 = DIRECTION ( 'NONE',  ( -1.000000000000000000, -1.239088197126291063E-16, 0.0000000000000000000 ) ) ;
#124 =( GEOMETRIC_REPRESENTATION_CONTEXT ( 3 ) GLOBAL_UNCERTAINTY_ASSIGNED_CONTEXT ( ( #4479 ) ) GLOBAL_UNIT_ASSIGNED_CONTEXT ( ( #6, #9903, #9120 ) ) REPRESENTATION_CONTEXT ( 'NONE', 'WORKASPACE' ) );
#125 = STYLED_ITEM ( 'NONE', ( #6792 ), #5086 ) ;
#126 = FILL_AREA_STYLE ('',( #7562 ) ) ;
#127 = UNCERTAINTY_MEASURE_WITH_UNIT (LENGTH_MEASURE( 1.000000000000000082E-05 ), #149, 'distance_accuracy_value', 'NONE');
#128 = CARTESIAN_POINT ( 'NONE',  ( 1.150000000000000133, -0.9500000000000000666, -2.000000000000000000 ) ) ;
#129 = VERTEX_POINT ( 'NONE', #2964 ) ;
#130 = CARTESIAN_POINT ( 'NONE',  ( 0.1990053181830648832, 0.1240036856702400464, -1.000000000000000000 ) ) ;
#131 =( GEOMETRIC_REPRESENTATION_CONTEXT ( 3 ) GLOBAL_UNCERTAINTY_ASSIGNED_CONTEXT ( ( #5566 ) ) GLOBAL_UNIT_ASSIGNED_CONTEXT ( ( #8920, #8124, #7301 ) ) REPRESENTATION_CONTEXT ( 'NONE', 'WORKASPACE' ) );
#132 = PRESENTATION_LAYER_ASSIGNMENT (  '', '', ( #4824 ) ) ;
#133 = MECHANICAL_DESIGN_GEOMETRIC_PRESENTATION_REPRESENTATION (  '', ( #9487 ), #2907 ) ;
#134 = DIRECTION ( 'NONE',  ( 1.000000000000000000, -1.445602896647339410E-16, 0.0000000000000000000 ) ) ;
#135 = UNCERTAINTY_MEASURE_WITH_UNIT (LENGTH_MEASURE( 1.000000000000000082E-05 ), #3794, 'distance_accuracy_value', 'NONE');
#136 = DIRECTION ( 'NONE',  ( -1.000000000000000000, 1.239088197126291063E-16, 0.0000000000000000000 ) ) ;
#137 = VERTEX_POINT ( 'NONE', #6294 ) ;
#138 = ORIENTED_EDGE ( 'NONE', *, *, #1937, .F. ) ;
#139 = FACE_OUTER_BOUND ( 'NONE', #9118, .T. ) ;
#140 = CARTESIAN_POINT ( 'NONE',  ( -0.2478618671199166457, 0.1904567724635353176, -1.000000000000000444 ) ) ;
#141 = SURFACE_STYLE_FILL_AREA ( #7576 ) ;
#142 = STYLED_ITEM ( 'NONE', ( #3198 ), #6441 ) ;
#143 = SURFACE_SIDE_STYLE ('',( #7577 ) ) ;
#144 = CARTESIAN_POINT ( 'NONE',  ( -0.1942525883354721261, 0.2093910263172557018, -0.9900000000000002132 ) ) ;
#145 = CARTESIAN_POINT ( 'NONE',  ( -0.2504786955159807871, 0.2166237985200923644, -0.9999999999999997780 ) ) ;
#146 = SURFACE_STYLE_FILL_AREA ( #7582 ) ;
#147 = FILL_AREA_STYLE_COLOUR ( '', #1049 ) ;
#148 = FILL_AREA_STYLE_COLOUR ( '', #8395 ) ;
#149 =( LENGTH_UNIT ( ) NAMED_UNIT ( * ) SI_UNIT ( .MILLI., .METRE. ) );
#150 = ORIENTED_EDGE ( 'NONE', *, *, #5431, .T. ) ;
#151 =( LENGTH_UNIT ( ) NAMED_UNIT ( * ) SI_UNIT ( .MILLI., .METRE. ) );
#152 =( LENGTH_UNIT ( ) NAMED_UNIT ( * ) SI_UNIT ( .MILLI., .METRE. ) );
#153 = DIRECTION ( 'NONE',  ( 0.0000000000000000000, 1.000000000000000000, 0.0000000000000000000 ) ) ;
#154 = ORIENTED_EDGE ( 'NONE', *, *, #5079, .F. ) ;
#155 = DIRECTION ( 'NONE',  ( 0.0000000000000000000, -1.000000000000000000, 0.0000000000000000000 ) ) ;
#156 = CARTESIAN_POINT ( 'NONE',  ( 0.09732906781930257545, 0.02905551498254395001, -0.9900000000000002132 ) ) ;
#157 = ORIENTED_EDGE ( 'NONE', *, *, #4493, .F. ) ;
#158 = LINE ( 'NONE', #3473, #10329 ) ;
#159 = VERTEX_POINT ( 'NONE', #9577 ) ;
#160 = LINE ( 'NONE', #3475, #1364 ) ;
#161 = TOROIDAL_SURFACE ( 'NONE', #8144, 0.7000000000000002887, 0.1499999999999999667 ) ;
#162 = EDGE_CURVE ( 'NONE', #5554, #9336, #2152, .T. ) ;
#163 = CARTESIAN_POINT ( 'NONE',  ( -0.9499999999999996225, 0.6500000000000001332, -2.000000000000000000 ) ) ;
#164 = CARTESIAN_POINT ( 'NONE',  ( 0.1009651242509781860, 0.2337558240508229579, -0.9899999999999999911 ) ) ;
#165 = CARTESIAN_POINT ( 'NONE',  ( -0.2429758434193948491, 0.06936147093135971997, -1.000000000000000222 ) ) ;
#166 = ORIENTED_EDGE ( 'NONE', *, *, #5290, .F. ) ;
#167 = FILL_AREA_STYLE_COLOUR ( '', #3902 ) ;
#168 = SURFACE_STYLE_FILL_AREA ( #7606 ) ;
#169 = EDGE_CURVE ( 'NONE', #6416, #10236, #1354, .T. ) ;
#170 = CARTESIAN_POINT ( 'NONE',  ( 0.1254976514978247415, 0.03046438797490597442, -1.000000000000000000 ) ) ;
#171 = FILL_AREA_STYLE_COLOUR ( '', #3387 ) ;
#172 =( NAMED_UNIT ( * ) SI_UNIT ( $, .STERADIAN. ) SOLID_ANGLE_UNIT ( ) );
#173 = EDGE_CURVE ( 'NONE', #2524, #4598, #528, .T. ) ;
#174 = DIRECTION ( 'NONE',  ( -1.517445394471977106E-32, -1.224646799147353207E-16, 1.000000000000000000 ) ) ;
#175 = SURFACE_SIDE_STYLE ('',( #7615 ) ) ;
#176 = ORIENTED_EDGE ( 'NONE', *, *, #9199, .T. ) ;
#177 = FILL_AREA_STYLE_COLOUR ( '', #4816 ) ;
#178 = CARTESIAN_POINT ( 'NONE',  ( -0.1619077818746719744, 0.2094496251510745422, -1.000000000000000000 ) ) ;
#179 = SURFACE_SIDE_STYLE ('',( #7621 ) ) ;
#180 = EDGE_LOOP ( 'NONE', ( #6243, #3388, #6705, #10699 ) ) ;
#181 = ORIENTED_EDGE ( 'NONE', *, *, #3166, .T. ) ;
#182 =( NAMED_UNIT ( * ) PLANE_ANGLE_UNIT ( ) SI_UNIT ( $, .RADIAN. ) );
#183 =( GEOMETRIC_REPRESENTATION_CONTEXT ( 3 ) GLOBAL_UNCERTAINTY_ASSIGNED_CONTEXT ( ( #8171 ) ) GLOBAL_UNIT_ASSIGNED_CONTEXT ( ( #8568, #7758, #6937 ) ) REPRESENTATION_CONTEXT ( 'NONE', 'WORKASPACE' ) );
#184 = CARTESIAN_POINT ( 'NONE',  ( -0.3862980257771109760, 0.2314008446632696836, -0.9899999999999999911 ) ) ;
#185 = ADVANCED_FACE ( 'NONE', ( #10423 ), #7522, .T. ) ;
#186 = PRESENTATION_STYLE_ASSIGNMENT (( #7626 ) ) ;
#187 = PLANE ( 'NONE',  #625 ) ;
#188 = LINE ( 'NONE', #3502, #9445 ) ;
#189 = DIRECTION ( 'NONE',  ( 1.204669080539449344E-16, 1.000000000000000000, -0.0000000000000000000 ) ) ;
#190 = FILL_AREA_STYLE_COLOUR ( '', #5445 ) ;
#191 = FACE_OUTER_BOUND ( 'NONE', #2410, .T. ) ;
#192 = EDGE_LOOP ( 'NONE', ( #9290, #3480, #7457, #5529 ) ) ;
#193 = DIRECTION ( 'NONE',  ( -1.239088197126291063E-16, 1.000000000000000000, 0.0000000000000000000 ) ) ;
#194 = SURFACE_STYLE_USAGE ( .BOTH. , #7636 ) ;
#195 = CARTESIAN_POINT ( 'NONE',  ( -1.750000000000000222, 2.249999999999999556, -3.500000000000000000 ) ) ;
#196 = EDGE_CURVE ( 'NONE', #6915, #1786, #6145, .T. ) ;
#197 = ORIENTED_EDGE ( 'NONE', *, *, #5837, .T. ) ;
#198 = CARTESIAN_POINT ( 'NONE',  ( -0.2794031781139801329, 0.1906757015133652977, -0.9900000000000002132 ) ) ;
#199 = CARTESIAN_POINT ( 'NONE',  ( 0.1696319143227572324, 0.1044146032704059007, -0.9899999999999999911 ) ) ;
#200 = CARTESIAN_POINT ( 'NONE',  ( 0.2917507547106939492, 0.2314008446632696836, -1.000000000000000000 ) ) ;
#201 = ORIENTED_EDGE ( 'NONE', *, *, #1326, .F. ) ;
#202 = SURFACE_SIDE_STYLE ('',( #7645 ) ) ;
#203 = CARTESIAN_POINT ( 'NONE',  ( -1.249999999999999556, 1.500000000000000444, -2.000000000000000000 ) ) ;
#204 = ORIENTED_EDGE ( 'NONE', *, *, #324, .F. ) ;
#205 = SURFACE_STYLE_FILL_AREA ( #7647 ) ;
#206 = EDGE_CURVE ( 'NONE', #6890, #9525, #7001, .T. ) ;
#207 = CARTESIAN_POINT ( 'NONE',  ( -0.3956349160210134719, 0.1929862105169281861, -1.000000000000000000 ) ) ;
#208 = CARTESIAN_POINT ( 'NONE',  ( 0.1990678278814256574, 0.1276279788096111312, -1.000000000000000000 ) ) ;
#209 = ADVANCED_FACE ( 'NONE', ( #9727 ), #2835, .T. ) ;
#210 = VERTEX_POINT ( 'NONE', #2303 ) ;
#211 = CARTESIAN_POINT ( 'NONE',  ( -0.08629802577711097322, 0.1216447471022940596, -1.000000000000000000 ) ) ;
#212 = CIRCLE ( 'NONE', #4910, 0.8500000000000003109 ) ;
#213 = UNCERTAINTY_MEASURE_WITH_UNIT (LENGTH_MEASURE( 1.000000000000000082E-05 ), #8253, 'distance_accuracy_value', 'NONE');
#214 = PRESENTATION_STYLE_ASSIGNMENT (( #7655 ) ) ;
#215 =( GEOMETRIC_REPRESENTATION_CONTEXT ( 3 ) GLOBAL_UNCERTAINTY_ASSIGNED_CONTEXT ( ( #7828 ) ) GLOBAL_UNIT_ASSIGNED_CONTEXT ( ( #4054, #3247, #2423 ) ) REPRESENTATION_CONTEXT ( 'NONE', 'WORKASPACE' ) );
#216 = CARTESIAN_POINT ( 'NONE',  ( 0.2500000000000004441, 1.500000000000000444, -2.000000000000000000 ) ) ;
#217 = EDGE_CURVE ( 'NONE', #7862, #10355, #3366, .T. ) ;
#218 = ORIENTED_EDGE ( 'NONE', *, *, #8294, .F. ) ;
#219 = CARTESIAN_POINT ( 'NONE',  ( 0.1605756537124627126, 0.1774359020730779113, -0.9899999999999999911 ) ) ;
#220 = SURFACE_SIDE_STYLE ('',( #7660 ) ) ;
#221 = EDGE_LOOP ( 'NONE', ( #1039, #2932, #3073, #8000 ) ) ;
#222 = CIRCLE ( 'NONE', #6311, 0.1499999999999999667 ) ;
#223 = DIRECTION ( 'NONE',  ( 1.000000000000000000, 0.0000000000000000000, -0.0000000000000000000 ) ) ;
#224 = AXIS2_PLACEMENT_3D ( 'NONE', #3797, #7102, #10362 ) ;
#225 = ORIENTED_EDGE ( 'NONE', *, *, #5942, .F. ) ;
#226 = ORIENTED_EDGE ( 'NONE', *, *, #4545, .F. ) ;
#227 = CARTESIAN_POINT ( 'NONE',  ( 1.450000000000000178, -2.200000000000000622, -2.000000000000000000 ) ) ;
#228 = STYLED_ITEM ( 'NONE', ( #1813 ), #631 ) ;
#229 = B_SPLINE_CURVE_WITH_KNOTS ( 'NONE', 3,
 ( #1485, #2406, #5726, #9010, #1582, #4906, #3534, #6841, #10117, #2717, #6045 ),
 .UNSPECIFIED., .F., .F.,
 ( 4, 1, 1, 1, 1, 1, 1, 1, 4 ),
 ( 0.0000000000000000000, 0.1451868664724696723, 0.2834426109197301091, 0.4165243659288290767, 0.5431811235350824107, 0.6651530826377128891, 0.7813602063127155217, 0.8927566556418091714, 1.000000000000000000 ),
 .UNSPECIFIED. ) ;
#230 = MECHANICAL_DESIGN_GEOMETRIC_PRESENTATION_REPRESENTATION (  '', ( #1618 ), #2136 ) ;
#231 = FILL_AREA_STYLE ('',( #7667 ) ) ;
#232 = PRESENTATION_STYLE_ASSIGNMENT (( #7668 ) ) ;
#233 = CARTESIAN_POINT ( 'NONE',  ( 1.749999999999999778, 2.249999999999999112, -3.000000000000000000 ) ) ;
#234 = EDGE_CURVE ( 'NONE', #1415, #9686, #1960, .T. ) ;
#235 =( NAMED_UNIT ( * ) SI_UNIT ( $, .STERADIAN. ) SOLID_ANGLE_UNIT ( ) );
#236 = CLOSED_SHELL ( 'NONE', ( #2892, #5752, #7759, #9768 ) ) ;
#237 = MECHANICAL_DESIGN_GEOMETRIC_PRESENTATION_REPRESENTATION (  '', ( #9594 ), #3013 ) ;
#238 = CARTESIAN_POINT ( 'NONE',  ( 3.500000000000000444, 2.999999999999999556, -0.5000000000000000000 ) ) ;
#239 = DIRECTION ( 'NONE',  ( -1.517445394471977106E-32, -1.224646799147353207E-16, 1.000000000000000000 ) ) ;
#240 = CARTESIAN_POINT ( 'NONE',  ( 0.1203185250220432795, 0.2089155538754065289, -1.000000000000000000 ) ) ;
#241 = EDGE_CURVE ( 'NONE', #1671, #8816, #580, .T. ) ;
#242 = SURFACE_SIDE_STYLE ('',( #7678 ) ) ;
#243 = CIRCLE ( 'NONE', #6333, 0.8500000000000003109 ) ;
#244 =( NAMED_UNIT ( * ) PLANE_ANGLE_UNIT ( ) SI_UNIT ( $, .RADIAN. ) );
#245 = CIRCLE ( 'NONE', #6334, 0.5500000000000001554 ) ;
#246 =( GEOMETRIC_REPRESENTATION_CONTEXT ( 3 ) GLOBAL_UNCERTAINTY_ASSIGNED_CONTEXT ( ( #9725 ) ) GLOBAL_UNIT_ASSIGNED_CONTEXT ( ( #6288, #5476, #4678 ) ) REPRESENTATION_CONTEXT ( 'NONE', 'WORKASPACE' ) );
#247 = PRESENTATION_LAYER_ASSIGNMENT (  '', '', ( #4943 ) ) ;
#248 = EDGE_LOOP ( 'NONE', ( #10634, #4852, #5519, #7048 ) ) ;
#249 = CARTESIAN_POINT ( 'NONE',  ( 0.3185800230033769553, 0.2314008446632696836, -0.9899999999999999911 ) ) ;
#250 = DIRECTION ( 'NONE',  ( 1.000000000000000000, 0.0000000000000000000, 0.0000000000000000000 ) ) ;
#251 = MECHANICAL_DESIGN_GEOMETRIC_PRESENTATION_REPRESENTATION (  '', ( #1642 ), #8239 ) ;
#252 = DIRECTION ( 'NONE',  ( -1.000000000000000000, -1.239088197126291063E-16, 0.0000000000000000000 ) ) ;
#253 = CIRCLE ( 'NONE', #6344, 0.8500000000000003109 ) ;
#254 = ORIENTED_EDGE ( 'NONE', *, *, #8531, .F. ) ;
#255 = CARTESIAN_POINT ( 'NONE',  ( -0.1915190623624768440, 0.2314008446632696836, -0.9899999999999999911 ) ) ;
#256 = COLOUR_RGB ( '',0.7921568627450980005, 0.8196078431372548767, 0.9333333333333333481 ) ;
#257 = CARTESIAN_POINT ( 'NONE',  ( 0.1477723425472985408, 0.06705195505016224577, -0.9999999999999997780 ) ) ;
#258 =( GEOMETRIC_REPRESENTATION_CONTEXT ( 3 ) GLOBAL_UNCERTAINTY_ASSIGNED_CONTEXT ( ( #1637 ) ) GLOBAL_UNIT_ASSIGNED_CONTEXT ( ( #4904, #4093, #3280 ) ) REPRESENTATION_CONTEXT ( 'NONE', 'WORKASPACE' ) );
#259 = ORIENTED_EDGE ( 'NONE', *, *, #4234, .F. ) ;
#260 = SURFACE_SIDE_STYLE ('',( #7695 ) ) ;
#261 = ADVANCED_FACE ( 'NONE', ( #797 ), #9064, .T. ) ;
#262 = ORIENTED_EDGE ( 'NONE', *, *, #10206, .F. ) ;
#263 = DIRECTION ( 'NONE',  ( -1.000000000000000000, -1.239088197126291063E-16, 0.0000000000000000000 ) ) ;
#264 = COLOUR_RGB ( '',1.000000000000000000, 1.000000000000000000, 1.000000000000000000 ) ;
#265 =( GEOMETRIC_REPRESENTATION_CONTEXT ( 3 ) GLOBAL_UNCERTAINTY_ASSIGNED_CONTEXT ( ( #1417 ) ) GLOBAL_UNIT_ASSIGNED_CONTEXT ( ( #9839, #9031, #8241 ) ) REPRESENTATION_CONTEXT ( 'NONE', 'WORKASPACE' ) );
#266 = VECTOR ( 'NONE', #8524, 1000.000000000000000 ) ;
#267 = VECTOR ( 'NONE', #7936, 1000.000000000000000 ) ;
#268 = DIRECTION ( 'NONE',  ( 0.0000000000000000000, -1.000000000000000000, 0.0000000000000000000 ) ) ;
#269 =( GEOMETRIC_REPRESENTATION_CONTEXT ( 3 ) GLOBAL_UNCERTAINTY_ASSIGNED_CONTEXT ( ( #7843 ) ) GLOBAL_UNIT_ASSIGNED_CONTEXT ( ( #8150, #7321, #6517 ) ) REPRESENTATION_CONTEXT ( 'NONE', 'WORKASPACE' ) );
#270 =( LENGTH_UNIT ( ) NAMED_UNIT ( * ) SI_UNIT ( .MILLI., .METRE. ) );
#271 = VERTEX_POINT ( 'NONE', #4119 ) ;
#272 = DIRECTION ( 'NONE',  ( -1.000000000000000000, -2.168404344971008868E-16, -0.0000000000000000000 ) ) ;
#273 = CARTESIAN_POINT ( 'NONE',  ( -0.3499999999999997002, 0.8000000000000001554, -2.000000000000000000 ) ) ;
#274 = PRESENTATION_STYLE_ASSIGNMENT (( #7710 ) ) ;
#275 = VECTOR ( 'NONE', #2541, 1000.000000000000000 ) ;
#276 = AXIS2_PLACEMENT_3D ( 'NONE', #4602, #7903, #456 ) ;
#277 = FACE_OUTER_BOUND ( 'NONE', #10024, .T. ) ;
#278 =( GEOMETRIC_REPRESENTATION_CONTEXT ( 3 ) GLOBAL_UNCERTAINTY_ASSIGNED_CONTEXT ( ( #7963 ) ) GLOBAL_UNIT_ASSIGNED_CONTEXT ( ( #3259, #2432, #1607 ) ) REPRESENTATION_CONTEXT ( 'NONE', 'WORKASPACE' ) );
#279 = CIRCLE ( 'NONE', #6378, 0.5500000000000001554 ) ;
#280 =( LENGTH_UNIT ( ) NAMED_UNIT ( * ) SI_UNIT ( .MILLI., .METRE. ) );
#281 = CARTESIAN_POINT ( 'NONE',  ( 3.549999999999999378, 2.249999999999998668, -3.000000000000000000 ) ) ;
#282 = SURFACE_STYLE_FILL_AREA ( #7720 ) ;
#283 = CARTESIAN_POINT ( 'NONE',  ( -0.01556631846003775181, 0.2094496251510745422, -1.000000000000000000 ) ) ;
#284 = CARTESIAN_POINT ( 'NONE',  ( 3.549999999999999378, -0.7500000000000011102, -3.000000000000000000 ) ) ;
#285 = ORIENTED_EDGE ( 'NONE', *, *, #10268, .T. ) ;
#286 = AXIS2_PLACEMENT_3D ( 'NONE', #8973, #1541, #4863 ) ;
#287 = CARTESIAN_POINT ( 'NONE',  ( -1.750000000000000000, 2.000000000000000000, -2.000000000000000000 ) ) ;
#288 = CIRCLE ( 'NONE', #6383, 0.1499999999999999667 ) ;
#289 = SURFACE_SIDE_STYLE ('',( #7728 ) ) ;
#290 = VERTEX_POINT ( 'NONE', #5034 ) ;
#291 = ORIENTED_EDGE ( 'NONE', *, *, #7326, .F. ) ;
#292 = ADVANCED_FACE ( 'NONE', ( #8353 ), #901, .T. ) ;
#293 =( NAMED_UNIT ( * ) SI_UNIT ( $, .STERADIAN. ) SOLID_ANGLE_UNIT ( ) );
#294 = SURFACE_STYLE_FILL_AREA ( #7735 ) ;
#295 = PRESENTATION_LAYER_ASSIGNMENT (  '', '', ( #4990 ) ) ;
#296 = LINE ( 'NONE', #3625, #1303 ) ;
#297 = CARTESIAN_POINT ( 'NONE',  ( -0.01556631846003775181, 0.1435959666144891733, -0.9899999999999999911 ) ) ;
#298 = AXIS2_PLACEMENT_3D ( 'NONE', #2975, #6307, #9591 ) ;
#299 = CIRCLE ( 'NONE', #6392, 0.1499999999999999667 ) ;
#300 = EDGE_LOOP ( 'NONE', ( #3001, #3825, #3663, #3571 ) ) ;
#301 = DIRECTION ( 'NONE',  ( -0.3635424856527063042, -0.9315776194850602376, 0.0000000000000000000 ) ) ;
#302 =( NAMED_UNIT ( * ) SI_UNIT ( $, .STERADIAN. ) SOLID_ANGLE_UNIT ( ) );
#303 = DIRECTION ( 'NONE',  ( 0.0000000000000000000, 1.000000000000000000, 0.0000000000000000000 ) ) ;
#304 = CARTESIAN_POINT ( 'NONE',  ( 0.1605756537124627126, 0.1774359020730779113, -0.9899999999999999911 ) ) ;
#305 = VECTOR ( 'NONE', #3616, 1000.000000000000000 ) ;
#306 = CARTESIAN_POINT ( 'NONE',  ( -0.2680406617320496565, 0.1509993965666568960, -0.9999999999999986677 ) ) ;
#307 = ADVANCED_FACE ( 'NONE', ( #9240 ), #1824, .F. ) ;
#308 = COLOUR_RGB ( '',0.7529411764705882248, 0.7529411764705882248, 0.7529411764705882248 ) ;
#309 = CIRCLE ( 'NONE', #6401, 0.8500000000000000888 ) ;
#310 = EDGE_LOOP ( 'NONE', ( #5433, #8955, #6595, #10675 ) ) ;
#311 = FILL_AREA_STYLE_COLOUR ( '', #10294 ) ;
#312 = DIRECTION ( 'NONE',  ( -1.000000000000000000, 1.239088197126291063E-16, 0.0000000000000000000 ) ) ;
#313 = FILL_AREA_STYLE ('',( #7755 ) ) ;
#314 = PRESENTATION_STYLE_ASSIGNMENT (( #7756 ) ) ;
#315 = ADVANCED_FACE ( 'NONE', ( #4325 ), #7632, .T. ) ;
#316 = ORIENTED_EDGE ( 'NONE', *, *, #2014, .T. ) ;
#317 = CARTESIAN_POINT ( 'NONE',  ( 0.1041905165422056384, 0.05097925940199754535, -0.9900000000000002132 ) ) ;
#318 = CARTESIAN_POINT ( 'NONE',  ( 3.549999999999999378, -0.7500000000000011102, -3.500000000000000000 ) ) ;
#319 = LINE ( 'NONE', #3642, #59 ) ;
#320 = CARTESIAN_POINT ( 'NONE',  ( 0.09502751673227119444, 0.2338232001663918536, -0.9999999999999997780 ) ) ;
#321 = ORIENTED_EDGE ( 'NONE', *, *, #3416, .F. ) ;
#322 = PRESENTATION_STYLE_ASSIGNMENT (( #7767 ) ) ;
#323 = FILL_AREA_STYLE ('',( #7768 ) ) ;
#324 = EDGE_CURVE ( 'NONE', #9976, #7483, #875, .T. ) ;
#325 = FACE_OUTER_BOUND ( 'NONE', #7493, .T. ) ;
#326 = CARTESIAN_POINT ( 'NONE',  ( 0.1952318559125586772, 0.1608285421117535974, -0.9999999999999995559 ) ) ;
#327 = ORIENTED_EDGE ( 'NONE', *, *, #6338, .T. ) ;
#328 = PLANE ( 'NONE',  #423 ) ;
#329 = SURFACE_STYLE_FILL_AREA ( #7779 ) ;
#330 = CARTESIAN_POINT ( 'NONE',  ( -0.4911760745575987630, 0.03140084466326965168, -0.9899999999999999911 ) ) ;
#331 = DIRECTION ( 'NONE',  ( 0.0000000000000000000, 0.0000000000000000000, 1.000000000000000000 ) ) ;
#332 = UNCERTAINTY_MEASURE_WITH_UNIT (LENGTH_MEASURE( 1.000000000000000082E-05 ), #9278, 'distance_accuracy_value', 'NONE');
#333 = FACE_OUTER_BOUND ( 'NONE', #8007, .T. ) ;
#334 = UNCERTAINTY_MEASURE_WITH_UNIT (LENGTH_MEASURE( 1.000000000000000082E-05 ), #5192, 'distance_accuracy_value', 'NONE');
#335 =( LENGTH_UNIT ( ) NAMED_UNIT ( * ) SI_UNIT ( .MILLI., .METRE. ) );
#336 = DIRECTION ( 'NONE',  ( -0.0000000000000000000, -0.0000000000000000000, 1.000000000000000000 ) ) ;
#337 = ORIENTED_EDGE ( 'NONE', *, *, #1717, .F. ) ;
#338 = UNCERTAINTY_MEASURE_WITH_UNIT (LENGTH_MEASURE( 1.000000000000000082E-05 ), #9928, 'distance_accuracy_value', 'NONE');
#339 = ORIENTED_EDGE ( 'NONE', *, *, #8058, .T. ) ;
#340 = ORIENTED_EDGE ( 'NONE', *, *, #3980, .F. ) ;
#341 = CARTESIAN_POINT ( 'NONE',  ( 1.150000000000000133, -1.500000000000000444, -2.000000000000000000 ) ) ;
#342 = CARTESIAN_POINT ( 'NONE',  ( -0.3988361355332085134, 0.2070106007608306375, -1.000000000000000000 ) ) ;
#343 = CARTESIAN_POINT ( 'NONE',  ( 0.05028734007654758753, 0.1990837714925379476, -1.000000000000000000 ) ) ;
#344 = UNCERTAINTY_MEASURE_WITH_UNIT (LENGTH_MEASURE( 1.000000000000000082E-05 ), #574, 'distance_accuracy_value', 'NONE');
#345 = LINE ( 'NONE', #3667, #10099 ) ;
#346 = FACE_OUTER_BOUND ( 'NONE', #4664, .T. ) ;
#347 = ADVANCED_FACE ( 'NONE', ( #53 ), #4556, .T. ) ;
#348 = SURFACE_STYLE_USAGE ( .BOTH. , #7797 ) ;
#349 = CARTESIAN_POINT ( 'NONE',  ( 0.1721692966928537738, 0.1323559165103699031, -1.000000000000000222 ) ) ;
#350 = VECTOR ( 'NONE', #859, 1000.000000000000000 ) ;
#351 = LINE ( 'NONE', #1273, #9073 ) ;
#352 = CARTESIAN_POINT ( 'NONE',  ( -0.2422690621515914411, 0.1949069258215740674, -0.9899999999999997691 ) ) ;
#353 = VERTEX_POINT ( 'NONE', #6256 ) ;
#354 = PLANE ( 'NONE',  #2138 ) ;
#355 = SURFACE_STYLE_USAGE ( .BOTH. , #7804 ) ;
#356 =( NAMED_UNIT ( * ) SI_UNIT ( $, .STERADIAN. ) SOLID_ANGLE_UNIT ( ) );
#357 = CARTESIAN_POINT ( 'NONE',  ( 3.500000000000000444, 2.999999999999999556, -3.500000000000000000 ) ) ;
#358 = CARTESIAN_POINT ( 'NONE',  ( 0.09444418172799243227, 0.05100726801295259877, -1.000000000000000000 ) ) ;
#359 = PRESENTATION_LAYER_ASSIGNMENT (  '', '', ( #8358 ) ) ;
#360 = VERTEX_POINT ( 'NONE', #9536 ) ;
#361 = CARTESIAN_POINT ( 'NONE',  ( -0.2230418457391881160, 0.2278218415200957692, -0.9899999999999997691 ) ) ;
#362 = ADVANCED_FACE ( 'NONE', ( #2102 ), #4223, .T. ) ;
#363 = FILL_AREA_STYLE_COLOUR ( '', #9436 ) ;
#364 = CARTESIAN_POINT ( 'NONE',  ( 1.749999999999999334, -0.7500000000000008882, -3.500000000000000000 ) ) ;
#365 = FILL_AREA_STYLE_COLOUR ( '', #3261 ) ;
#366 = CARTESIAN_POINT ( 'NONE',  ( 3.500000000000000444, -3.000000000000000444, -0.09999999999999999167 ) ) ;
#367 = EDGE_LOOP ( 'NONE', ( #1295, #4437, #836, #6483 ) ) ;
#368 = CARTESIAN_POINT ( 'NONE',  ( 0.1796682017089879790, 0.06295933613029600084, -0.9900000000000002132 ) ) ;
#369 = COLOUR_RGB ( '',0.9882352941176471006, 0.7372549019607843590, 0.5176470588235293491 ) ;
#370 = FILL_AREA_STYLE ('',( #7817 ) ) ;
#371 =( NAMED_UNIT ( * ) SI_UNIT ( $, .STERADIAN. ) SOLID_ANGLE_UNIT ( ) );
#372 = DIRECTION ( 'NONE',  ( 0.0000000000000000000, 0.0000000000000000000, -1.000000000000000000 ) ) ;
#373 =( NAMED_UNIT ( * ) PLANE_ANGLE_UNIT ( ) SI_UNIT ( $, .RADIAN. ) );
#374 = CARTESIAN_POINT ( 'NONE',  ( 0.1009651242509781860, 0.2337558240508229579, -1.000000000000000000 ) ) ;
#375 = ORIENTED_EDGE ( 'NONE', *, *, #6683, .T. ) ;
#376 = AXIS2_PLACEMENT_3D ( 'NONE', #3772, #7082, #10344 ) ;
#377 = DIRECTION ( 'NONE',  ( -1.000000000000000000, 2.409338161078899180E-16, 0.0000000000000000000 ) ) ;
#378 = SURFACE_SIDE_STYLE ('',( #7827 ) ) ;
#379 = ADVANCED_FACE ( 'NONE', ( #5428 ), #2646, .T. ) ;
#380 = FILL_AREA_STYLE_COLOUR ( '', #10098 ) ;
#381 =( NAMED_UNIT ( * ) PLANE_ANGLE_UNIT ( ) SI_UNIT ( $, .RADIAN. ) );
#382 = CARTESIAN_POINT ( 'NONE',  ( 0.1988102507304144728, 0.1391343513452880376, -0.9899999999999995470 ) ) ;
#383 = FACE_OUTER_BOUND ( 'NONE', #6643, .T. ) ;
#384 = CARTESIAN_POINT ( 'NONE',  ( -0.3997613405873458037, 0.2054731259666319199, -1.000000000000000000 ) ) ;
#385 = DIRECTION ( 'NONE',  ( 0.0000000000000000000, 0.0000000000000000000, -1.000000000000000000 ) ) ;
#386 = DIRECTION ( 'NONE',  ( -1.239088197126291063E-16, -1.000000000000000000, 0.0000000000000000000 ) ) ;
#387 = VERTEX_POINT ( 'NONE', #6366 ) ;
#388 = DIRECTION ( 'NONE',  ( 0.0000000000000000000, 0.0000000000000000000, -1.000000000000000000 ) ) ;
#389 = EDGE_CURVE ( 'NONE', #1942, #3800, #3356, .T. ) ;
#390 = FACE_OUTER_BOUND ( 'NONE', #5582, .T. ) ;
#391 = ORIENTED_EDGE ( 'NONE', *, *, #6810, .F. ) ;
#392 = ORIENTED_EDGE ( 'NONE', *, *, #5514, .T. ) ;
#393 = AXIS2_PLACEMENT_3D ( 'NONE', #1102, #4603, #7905 ) ;
#394 = DIRECTION ( 'NONE',  ( 1.000000000000000000, 0.0000000000000000000, 0.0000000000000000000 ) ) ;
#395 = CARTESIAN_POINT ( 'NONE',  ( -3.550000000000000266, -0.7500000000000002220, -3.000000000000000000 ) ) ;
#396 =( NAMED_UNIT ( * ) PLANE_ANGLE_UNIT ( ) SI_UNIT ( $, .RADIAN. ) );
#397 = MECHANICAL_DESIGN_GEOMETRIC_PRESENTATION_REPRESENTATION (  '', ( #9742 ), #3169 ) ;
#398 = DIRECTION ( 'NONE',  ( 1.275531967630004999E-16, -1.000000000000000000, 0.0000000000000000000 ) ) ;
#399 = CARTESIAN_POINT ( 'NONE',  ( -0.1998098234363151204, 0.2092766779854143833, -0.9999999999999995559 ) ) ;
#400 = ORIENTED_EDGE ( 'NONE', *, *, #2463, .T. ) ;
#401 = FACE_OUTER_BOUND ( 'NONE', #6768, .T. ) ;
#402 = SURFACE_SIDE_STYLE ('',( #7852 ) ) ;
#403 = MECHANICAL_DESIGN_GEOMETRIC_PRESENTATION_REPRESENTATION (  '', ( #9746 ), #3178 ) ;
#404 =( GEOMETRIC_REPRESENTATION_CONTEXT ( 3 ) GLOBAL_UNCERTAINTY_ASSIGNED_CONTEXT ( ( #7156 ) ) GLOBAL_UNIT_ASSIGNED_CONTEXT ( ( #280, #10177, #9376 ) ) REPRESENTATION_CONTEXT ( 'NONE', 'WORKASPACE' ) );
#405 = SURFACE_SIDE_STYLE ('',( #7853 ) ) ;
#406 = LINE ( 'NONE', #3743, #977 ) ;
#407 = CARTESIAN_POINT ( 'NONE',  ( -0.09117607455759875468, 0.2314008446632696836, -1.000000000000000000 ) ) ;
#408 = CLOSED_SHELL ( 'NONE', ( #9898, #3754, #8027, #2232 ) ) ;
#409 = EDGE_LOOP ( 'NONE', ( #6436, #6993, #7141, #3472 ) ) ;
#410 = CARTESIAN_POINT ( 'NONE',  ( -0.2733187539321501047, 0.1981866362459673014, -1.000000000000000000 ) ) ;
#411 = LINE ( 'NONE', #3751, #1483 ) ;
#412 = MECHANICAL_DESIGN_GEOMETRIC_PRESENTATION_REPRESENTATION (  '', ( #9757 ), #3188 ) ;
#413 = COLOUR_RGB ( '',0.9882352941176471006, 0.7372549019607843590, 0.5176470588235293491 ) ;
#414 = TOROIDAL_SURFACE ( 'NONE', #6495, 0.7000000000000002887, 0.1499999999999999667 ) ;
#415 = FACE_OUTER_BOUND ( 'NONE', #9854, .T. ) ;
#416 = ORIENTED_EDGE ( 'NONE', *, *, #4512, .F. ) ;
#417 =( LENGTH_UNIT ( ) NAMED_UNIT ( * ) SI_UNIT ( .MILLI., .METRE. ) );
#418 = CARTESIAN_POINT ( 'NONE',  ( 0.1988829932977914106, 0.1169113263388524837, -1.000000000000000000 ) ) ;
#419 =( NAMED_UNIT ( * ) SI_UNIT ( $, .STERADIAN. ) SOLID_ANGLE_UNIT ( ) );
#420 = ADVANCED_FACE ( 'NONE', ( #5701 ), #1640, .T. ) ;
#421 = CARTESIAN_POINT ( 'NONE',  ( -1.750000000000000222, 1.500000000000000000, -2.000000000000000000 ) ) ;
#422 = FACE_OUTER_BOUND ( 'NONE', #6328, .T. ) ;
#423 = AXIS2_PLACEMENT_3D ( 'NONE', #9498, #2058, #5387 ) ;
#424 = MECHANICAL_DESIGN_GEOMETRIC_PRESENTATION_REPRESENTATION (  '', ( #9770 ), #3202 ) ;
#425 = CARTESIAN_POINT ( 'NONE',  ( -0.01556631846003775181, 0.05335206417546477231, -0.9899999999999999911 ) ) ;
#426 = FILL_AREA_STYLE ('',( #7871 ) ) ;
#427 = ORIENTED_EDGE ( 'NONE', *, *, #4026, .F. ) ;
#428 = CARTESIAN_POINT ( 'NONE',  ( -3.815815714343071985, 1.499999999999999334, -3.000000000000000000 ) ) ;
#429 = SURFACE_STYLE_FILL_AREA ( #7877 ) ;
#430 = PRESENTATION_LAYER_ASSIGNMENT (  '', '', ( #6510 ) ) ;
#431 = ORIENTED_EDGE ( 'NONE', *, *, #389, .T. ) ;
#432 = AXIS2_PLACEMENT_3D ( 'NONE', #7158, #10420, #3014 ) ;
#433 = MECHANICAL_DESIGN_GEOMETRIC_PRESENTATION_REPRESENTATION (  '', ( #9777 ), #3214 ) ;
#434 = PRESENTATION_LAYER_ASSIGNMENT (  '', '', ( #5120 ) ) ;
#435 = UNCERTAINTY_MEASURE_WITH_UNIT (LENGTH_MEASURE( 1.000000000000000082E-05 ), #8437, 'distance_accuracy_value', 'NONE');
#436 = CARTESIAN_POINT ( 'NONE',  ( 1.450000000000000178, 2.050000000000000711, -2.000000000000000000 ) ) ;
#437 = EDGE_CURVE ( 'NONE', #9520, #2672, #8987, .T. ) ;
#438 =( GEOMETRIC_REPRESENTATION_CONTEXT ( 3 ) GLOBAL_UNCERTAINTY_ASSIGNED_CONTEXT ( ( #3836 ) ) GLOBAL_UNIT_ASSIGNED_CONTEXT ( ( #4387, #3584, #2754 ) ) REPRESENTATION_CONTEXT ( 'NONE', 'WORKASPACE' ) );
#439 = CARTESIAN_POINT ( 'NONE',  ( 3.400000000000000799, 2.899999999999999911, 0.0000000000000000000 ) ) ;
#440 = CARTESIAN_POINT ( 'NONE',  ( 0.1184392863008301849, 0.2321813630968884434, -0.9899999999999995470 ) ) ;
#441 =( GEOMETRIC_REPRESENTATION_CONTEXT ( 3 ) GLOBAL_UNCERTAINTY_ASSIGNED_CONTEXT ( ( #10508 ) ) GLOBAL_UNIT_ASSIGNED_CONTEXT ( ( #2846, #2034, #1221 ) ) REPRESENTATION_CONTEXT ( 'NONE', 'WORKASPACE' ) );
#442 = STYLED_ITEM ( 'NONE', ( #6461 ), #8215 ) ;
#443 = COLOUR_RGB ( '',0.7921568627450980005, 0.8196078431372548767, 0.9333333333333333481 ) ;
#444 = ADVANCED_FACE ( 'NONE', ( #5797 ), #9092, .T. ) ;
#445 =( LENGTH_UNIT ( ) NAMED_UNIT ( * ) SI_UNIT ( .MILLI., .METRE. ) );
#446 = PRESENTATION_STYLE_ASSIGNMENT (( #7892 ) ) ;
#447 = CARTESIAN_POINT ( 'NONE',  ( -1.750000000000000222, -3.000000000000000444, -3.500000000000000000 ) ) ;
#448 = VERTEX_POINT ( 'NONE', #6719 ) ;
#449 = CIRCLE ( 'NONE', #5133, 0.1499999999999999667 ) ;
#450 = SURFACE_STYLE_FILL_AREA ( #7899 ) ;
#451 = UNCERTAINTY_MEASURE_WITH_UNIT (LENGTH_MEASURE( 1.000000000000000082E-05 ), #8112, 'distance_accuracy_value', 'NONE');
#452 =( NAMED_UNIT ( * ) PLANE_ANGLE_UNIT ( ) SI_UNIT ( $, .RADIAN. ) );
#453 = ORIENTED_EDGE ( 'NONE', *, *, #7089, .T. ) ;
#454 = ORIENTED_EDGE ( 'NONE', *, *, #6336, .F. ) ;
#455 =( GEOMETRIC_REPRESENTATION_CONTEXT ( 3 ) GLOBAL_UNCERTAINTY_ASSIGNED_CONTEXT ( ( #6968 ) ) GLOBAL_UNIT_ASSIGNED_CONTEXT ( ( #9229, #8458, #7625 ) ) REPRESENTATION_CONTEXT ( 'NONE', 'WORKASPACE' ) );
#456 = DIRECTION ( 'NONE',  ( 0.0000000000000000000, -0.0000000000000000000, -1.000000000000000000 ) ) ;
#457 = FACE_OUTER_BOUND ( 'NONE', #7259, .T. ) ;
#458 = STYLED_ITEM ( 'NONE', ( #7306 ), #1900 ) ;
#459 = FACE_OUTER_BOUND ( 'NONE', #3197, .T. ) ;
#460 = FACE_OUTER_BOUND ( 'NONE', #2929, .T. ) ;
#461 = MECHANICAL_DESIGN_GEOMETRIC_PRESENTATION_REPRESENTATION (  '', ( #9802 ), #3241 ) ;
#462 = VECTOR ( 'NONE', #7026, 1000.000000000000000 ) ;
#463 =( GEOMETRIC_REPRESENTATION_CONTEXT ( 3 ) GLOBAL_UNCERTAINTY_ASSIGNED_CONTEXT ( ( #7839 ) ) GLOBAL_UNIT_ASSIGNED_CONTEXT ( ( #1337, #514, #10404 ) ) REPRESENTATION_CONTEXT ( 'NONE', 'WORKASPACE' ) );
#464 = DIRECTION ( 'NONE',  ( 0.0000000000000000000, -0.0000000000000000000, -1.000000000000000000 ) ) ;
#465 = DIRECTION ( 'NONE',  ( -1.000000000000000000, 1.239088197126291063E-16, 0.0000000000000000000 ) ) ;
#466 = SURFACE_STYLE_FILL_AREA ( #7913 ) ;
#467 = ORIENTED_EDGE ( 'NONE', *, *, #1283, .F. ) ;
#468 =( NAMED_UNIT ( * ) PLANE_ANGLE_UNIT ( ) SI_UNIT ( $, .RADIAN. ) );
#469 = MECHANICAL_DESIGN_GEOMETRIC_PRESENTATION_REPRESENTATION (  '', ( #9808 ), #3253 ) ;
#470 =( LENGTH_UNIT ( ) NAMED_UNIT ( * ) SI_UNIT ( .MILLI., .METRE. ) );
#471 = SURFACE_SIDE_STYLE ('',( #7916 ) ) ;
#472 = B_SPLINE_SURFACE_WITH_KNOTS ( 'NONE', 3, 1, ( 
 ( #10673, #9114 ),
 ( #1695, #5013 ),
 ( #8326, #868 ),
 ( #4187, #7494 ),
 ( #46, #3370 ),
 ( #6684, #9960 ),
 ( #2557, #5878 ),
 ( #9162, #1740 ),
 ( #5052, #8367 ),
 ( #917, #4239 ),
 ( #7551, #112 ),
 ( #3435, #6737 ),
 ( #10007, #2604 ),
 ( #5919, #9204 ),
 ( #1784, #5103 ),
 ( #8430, #983 ),
 ( #4299, #7602 ),
 ( #164, #3478 ),
 ( #6782, #10054 ) ),
 .UNSPECIFIED., .F., .F., .F.,
 ( 4, 1, 1, 1, 1, 1, 1, 1, 1, 1, 1, 1, 1, 1, 1, 1, 4 ),
 ( 2, 2 ),
 ( 0.0000000000000000000, 0.07064371857535416133, 0.1382567155089046984, 0.2033641242175800723, 0.2663240938030566607, 0.3279047615429893647, 0.3887377151730923019, 0.4494235281093023615, 0.5108610114593157281, 0.5720793960475146767, 0.6317344287314453632, 0.6911172105788379039, 0.7503600294901706658, 0.8100329005312620900, 0.8713624508287362014, 0.9344271412311534464, 1.000000000000000000 ),
 ( 0.0000000000000000000, 1.000000000000000000 ),
 .UNSPECIFIED. ) ;
#473 = ORIENTED_EDGE ( 'NONE', *, *, #3944, .T. ) ;
#474 = CARTESIAN_POINT ( 'NONE',  ( -0.2959742897593317101, 0.1375414818799054750, -0.9899999999999999911 ) ) ;
#475 = SURFACE_SIDE_STYLE ('',( #7922 ) ) ;
#476 = SURFACE_SIDE_STYLE ('',( #7923 ) ) ;
#477 = DIRECTION ( 'NONE',  ( 0.0000000000000000000, 0.0000000000000000000, 1.000000000000000000 ) ) ;
#478 = COLOUR_RGB ( '',0.2509803921568627416, 0.2509803921568627416, 0.2509803921568627416 ) ;
#479 = SURFACE_SIDE_STYLE ('',( #7926 ) ) ;
#480 =( GEOMETRIC_REPRESENTATION_CONTEXT ( 3 ) GLOBAL_UNCERTAINTY_ASSIGNED_CONTEXT ( ( #2816 ) ) GLOBAL_UNIT_ASSIGNED_CONTEXT ( ( #6032, #5207, #4389 ) ) REPRESENTATION_CONTEXT ( 'NONE', 'WORKASPACE' ) );
#481 = AXIS2_PLACEMENT_3D ( 'NONE', #1143, #4470, #7774 ) ;
#482 =( NAMED_UNIT ( * ) PLANE_ANGLE_UNIT ( ) SI_UNIT ( $, .RADIAN. ) );
#483 = EDGE_LOOP ( 'NONE', ( #7623, #90, #6194, #8903 ) ) ;
#484 = DIRECTION ( 'NONE',  ( -1.239088197126291063E-16, 1.000000000000000000, 0.0000000000000000000 ) ) ;
#485 = SURFACE_STYLE_USAGE ( .BOTH. , #7931 ) ;
#486 = LINE ( 'NONE', #3812, #6360 ) ;
#487 =( NAMED_UNIT ( * ) PLANE_ANGLE_UNIT ( ) SI_UNIT ( $, .RADIAN. ) );
#488 =( GEOMETRIC_REPRESENTATION_CONTEXT ( 3 ) GLOBAL_UNCERTAINTY_ASSIGNED_CONTEXT ( ( #8906 ) ) GLOBAL_UNIT_ASSIGNED_CONTEXT ( ( #5816, #5010, #4184 ) ) REPRESENTATION_CONTEXT ( 'NONE', 'WORKASPACE' ) );
#489 = SURFACE_STYLE_USAGE ( .BOTH. , #7938 ) ;
#490 =( NAMED_UNIT ( * ) SI_UNIT ( $, .STERADIAN. ) SOLID_ANGLE_UNIT ( ) );
#491 = EDGE_LOOP ( 'NONE', ( #8228, #6531, #10463, #1275 ) ) ;
#492 = DIRECTION ( 'NONE',  ( -1.000000000000000000, 0.0000000000000000000, 0.0000000000000000000 ) ) ;
#493 = CARTESIAN_POINT ( 'NONE',  ( -0.3499999999999996447, -1.500000000000000444, -2.000000000000000000 ) ) ;
#494 = ADVANCED_FACE ( 'NONE', ( #9993 ), #2587, .T. ) ;
#495 = CARTESIAN_POINT ( 'NONE',  ( -0.6499999999999995781, -1.500000000000000444, -2.000000000000000000 ) ) ;
#496 = ORIENTED_EDGE ( 'NONE', *, *, #4546, .F. ) ;
#497 = PRODUCT_RELATED_PRODUCT_CATEGORY ( 'part', '', ( #5694 ) ) ;
#498 = PRESENTATION_STYLE_ASSIGNMENT (( #7951 ) ) ;
#499 = CYLINDRICAL_SURFACE ( 'NONE', #9071, 0.5000000000000000000 ) ;
#500 = SURFACE_STYLE_FILL_AREA ( #7953 ) ;
#501 = CARTESIAN_POINT ( 'NONE',  ( 0.5500000000000003775, 1.500000000000000444, -2.000000000000000000 ) ) ;
#502 = EDGE_LOOP ( 'NONE', ( #8113, #4665, #2853, #16 ) ) ;
#503 = DIRECTION ( 'NONE',  ( -1.239088197126291063E-16, 1.000000000000000000, 0.0000000000000000000 ) ) ;
#504 = CARTESIAN_POINT ( 'NONE',  ( 1.649999999999999023, 2.999999999999998668, -1.000000000000000000 ) ) ;
#505 = DIRECTION ( 'NONE',  ( 0.0000000000000000000, 0.0000000000000000000, 1.000000000000000000 ) ) ;
#506 = ADVANCED_FACE ( 'NONE', ( #191 ), #1930, .T. ) ;
#507 = VERTEX_POINT ( 'NONE', #6242 ) ;
#508 = FACE_OUTER_BOUND ( 'NONE', #659, .T. ) ;
#509 = ORIENTED_EDGE ( 'NONE', *, *, #1326, .T. ) ;
#510 = ORIENTED_EDGE ( 'NONE', *, *, #8207, .F. ) ;
#511 = EDGE_CURVE ( 'NONE', #2503, #904, #9519, .T. ) ;
#512 = CARTESIAN_POINT ( 'NONE',  ( 0.1528384522181697736, 0.07199908547219185939, -1.000000000000000000 ) ) ;
#513 =( NAMED_UNIT ( * ) PLANE_ANGLE_UNIT ( ) SI_UNIT ( $, .RADIAN. ) );
#514 =( NAMED_UNIT ( * ) PLANE_ANGLE_UNIT ( ) SI_UNIT ( $, .RADIAN. ) );
#515 =( NAMED_UNIT ( * ) PLANE_ANGLE_UNIT ( ) SI_UNIT ( $, .RADIAN. ) );
#516 = CARTESIAN_POINT ( 'NONE',  ( 3.549999999999999378, -0.7500000000000011102, -3.000000000000000000 ) ) ;
#517 = EDGE_LOOP ( 'NONE', ( #6431, #2944, #4506, #9066 ) ) ;
#518 = ADVANCED_FACE ( 'NONE', ( #8719 ), #1274, .T. ) ;
#519 = EDGE_LOOP ( 'NONE', ( #4487, #9200, #1097, #6043 ) ) ;
#520 = DIRECTION ( 'NONE',  ( -1.000000000000000000, 0.0000000000000000000, 0.0000000000000000000 ) ) ;
#521 =( NAMED_UNIT ( * ) PLANE_ANGLE_UNIT ( ) SI_UNIT ( $, .RADIAN. ) );
#522 = PRESENTATION_STYLE_ASSIGNMENT (( #7978 ) ) ;
#523 = CARTESIAN_POINT ( 'NONE',  ( 0.5500000000000002665, 0.8000000000000001554, -2.000000000000000000 ) ) ;
#524 = EDGE_LOOP ( 'NONE', ( #4030, #2094, #6255, #8862 ) ) ;
#525 = SURFACE_SIDE_STYLE ('',( #7981 ) ) ;
#526 = UNCERTAINTY_MEASURE_WITH_UNIT (LENGTH_MEASURE( 1.000000000000000082E-05 ), #10672, 'distance_accuracy_value', 'NONE');
#527 = CIRCLE ( 'NONE', #6598, 0.8500000000000000888 ) ;
#528 = LINE ( 'NONE', #3849, #5594 ) ;
#529 = LINE ( 'NONE', #3850, #10525 ) ;
#530 = ORIENTED_EDGE ( 'NONE', *, *, #10006, .T. ) ;
#531 = CARTESIAN_POINT ( 'NONE',  ( 3.500000000000000444, 2.999999999999998668, -0.04142135623730953953 ) ) ;
#532 = EDGE_CURVE ( 'NONE', #4902, #7405, #7762, .T. ) ;
#533 = DIRECTION ( 'NONE',  ( 1.971276677246371026E-16, -1.000000000000000000, 0.0000000000000000000 ) ) ;
#534 = DIRECTION ( 'NONE',  ( -1.275531967630004752E-16, -1.000000000000000000, 0.0000000000000000000 ) ) ;
#535 = MECHANICAL_DESIGN_GEOMETRIC_PRESENTATION_REPRESENTATION (  '', ( #9866 ), #1914 ) ;
#536 = FILL_AREA_STYLE ('',( #7989 ) ) ;
#537 = LINE ( 'NONE', #3857, #4175 ) ;
#538 = CARTESIAN_POINT ( 'NONE',  ( 0.07143022947521551758, 0.2319065122094802756, -1.000000000000000000 ) ) ;
#539 = FILL_AREA_STYLE_COLOUR ( '', #7764 ) ;
#540 = ORIENTED_EDGE ( 'NONE', *, *, #2369, .F. ) ;
#541 = UNCERTAINTY_MEASURE_WITH_UNIT (LENGTH_MEASURE( 1.000000000000000082E-05 ), #4691, 'distance_accuracy_value', 'NONE');
#542 = EDGE_CURVE ( 'NONE', #6249, #3739, #5530, .T. ) ;
#543 = DIRECTION ( 'NONE',  ( -1.000000000000000000, -1.239088197126291063E-16, 0.0000000000000000000 ) ) ;
#544 = ADVANCED_FACE ( 'NONE', ( #4716 ), #8020, .T. ) ;
#545 = DIRECTION ( 'NONE',  ( -1.517445394471977106E-32, 1.224646799147353207E-16, -1.000000000000000000 ) ) ;
#546 = ORIENTED_EDGE ( 'NONE', *, *, #8793, .F. ) ;
#547 = DIRECTION ( 'NONE',  ( 0.0000000000000000000, 0.0000000000000000000, -1.000000000000000000 ) ) ;
#548 = CARTESIAN_POINT ( 'NONE',  ( 0.05028734007654758753, 0.2259130397852208705, -1.000000000000000000 ) ) ;
#549 = SURFACE_STYLE_USAGE ( .BOTH. , #8004 ) ;
#550 = CARTESIAN_POINT ( 'NONE',  ( 0.09444418172799243227, 0.05100726801295259877, -1.000000000000000000 ) ) ;
#551 = ORIENTED_EDGE ( 'NONE', *, *, #1120, .T. ) ;
#552 = UNCERTAINTY_MEASURE_WITH_UNIT (LENGTH_MEASURE( 1.000000000000000082E-05 ), #4485, 'distance_accuracy_value', 'NONE');
#553 =( NAMED_UNIT ( * ) PLANE_ANGLE_UNIT ( ) SI_UNIT ( $, .RADIAN. ) );
#554 = ORIENTED_EDGE ( 'NONE', *, *, #763, .T. ) ;
#555 = ORIENTED_EDGE ( 'NONE', *, *, #2036, .T. ) ;
#556 = PLANE ( 'NONE',  #8779 ) ;
#557 = EDGE_CURVE ( 'NONE', #129, #6770, #5623, .T. ) ;
#558 = SURFACE_STYLE_FILL_AREA ( #8010 ) ;
#559 = DIRECTION ( 'NONE',  ( 0.0000000000000000000, 0.0000000000000000000, -1.000000000000000000 ) ) ;
#560 = DIRECTION ( 'NONE',  ( -1.000000000000000000, 1.204669080539449837E-16, 0.0000000000000000000 ) ) ;
#561 = DIRECTION ( 'NONE',  ( -1.000000000000000000, 1.239088197126291063E-16, 0.0000000000000000000 ) ) ;
#562 = ORIENTED_EDGE ( 'NONE', *, *, #9685, .T. ) ;
#563 = FILL_AREA_STYLE_COLOUR ( '', #3372 ) ;
#564 = EDGE_LOOP ( 'NONE', ( #7790, #4379, #7154, #9058 ) ) ;
#565 = SURFACE_STYLE_FILL_AREA ( #8022 ) ;
#566 = ADVANCED_FACE ( 'NONE', ( #4821 ), #2326, .T. ) ;
#567 = CARTESIAN_POINT ( 'NONE',  ( -0.08629802577711097322, 0.1216447471022940596, -1.000000000000000000 ) ) ;
#568 = DIRECTION ( 'NONE',  ( -1.000000000000000000, 1.239088197126291063E-16, 0.0000000000000000000 ) ) ;
#569 = VECTOR ( 'NONE', #3895, 1000.000000000000000 ) ;
#570 = ADVANCED_FACE ( 'NONE', ( #8128 ), #9022, .T. ) ;
#571 =( GEOMETRIC_REPRESENTATION_CONTEXT ( 3 ) GLOBAL_UNCERTAINTY_ASSIGNED_CONTEXT ( ( #10191 ) ) GLOBAL_UNIT_ASSIGNED_CONTEXT ( ( #1719, #896, #78 ) ) REPRESENTATION_CONTEXT ( 'NONE', 'WORKASPACE' ) );
#572 = PLANE ( 'NONE',  #7904 ) ;
#573 = PLANE ( 'NONE',  #7716 ) ;
#574 =( LENGTH_UNIT ( ) NAMED_UNIT ( * ) SI_UNIT ( .MILLI., .METRE. ) );
#575 =( LENGTH_UNIT ( ) NAMED_UNIT ( * ) SI_UNIT ( .MILLI., .METRE. ) );
#576 = COLOUR_RGB ( '',0.9882352941176471006, 0.7372549019607843590, 0.5176470588235293491 ) ;
#577 = ORIENTED_EDGE ( 'NONE', *, *, #5875, .T. ) ;
#578 =( LENGTH_UNIT ( ) NAMED_UNIT ( * ) SI_UNIT ( .MILLI., .METRE. ) );
#579 = CLOSED_SHELL ( 'NONE', ( #6793, #6607, #909, #2553 ) ) ;
#580 = CIRCLE ( 'NONE', #5271, 0.5500000000000003775 ) ;
#581 =( NAMED_UNIT ( * ) SI_UNIT ( $, .STERADIAN. ) SOLID_ANGLE_UNIT ( ) );
#582 = PRESENTATION_LAYER_ASSIGNMENT (  '', '', ( #5272 ) ) ;
#583 = DIRECTION ( 'NONE',  ( -1.275531967630004752E-16, -1.000000000000000000, 0.0000000000000000000 ) ) ;
#584 = FACE_OUTER_BOUND ( 'NONE', #310, .T. ) ;
#585 = COLOUR_RGB ( '',0.7529411764705882248, 0.7529411764705882248, 0.7529411764705882248 ) ;
#586 =( GEOMETRIC_REPRESENTATION_CONTEXT ( 3 ) GLOBAL_UNCERTAINTY_ASSIGNED_CONTEXT ( ( #7921 ) ) GLOBAL_UNIT_ASSIGNED_CONTEXT ( ( #10556, #9747, #8958 ) ) REPRESENTATION_CONTEXT ( 'NONE', 'WORKASPACE' ) );
#587 = CARTESIAN_POINT ( 'NONE',  ( 0.2500000000000003331, 0.8000000000000001554, -2.000000000000000000 ) ) ;
#588 = PRESENTATION_LAYER_ASSIGNMENT (  '', '', ( #5274 ) ) ;
#589 = DIRECTION ( 'NONE',  ( 0.0000000000000000000, -1.000000000000000000, 0.0000000000000000000 ) ) ;
#590 = CARTESIAN_POINT ( 'NONE',  ( -0.1619077818746719744, 0.2094496251510745422, -0.9899999999999999911 ) ) ;
#591 = VECTOR ( 'NONE', #2206, 1000.000000000000000 ) ;
#592 = VERTEX_POINT ( 'NONE', #6644 ) ;
#593 = MECHANICAL_DESIGN_GEOMETRIC_PRESENTATION_REPRESENTATION (  '', ( #9929 ), #3376 ) ;
#594 = PRESENTATION_LAYER_ASSIGNMENT (  '', '', ( #5280 ) ) ;
#595 = CIRCLE ( 'NONE', #6673, 0.1499999999999999667 ) ;
#596 =( GEOMETRIC_REPRESENTATION_CONTEXT ( 3 ) GLOBAL_UNCERTAINTY_ASSIGNED_CONTEXT ( ( #7404 ) ) GLOBAL_UNIT_ASSIGNED_CONTEXT ( ( #6104, #5285, #4490 ) ) REPRESENTATION_CONTEXT ( 'NONE', 'WORKASPACE' ) );
#597 = CARTESIAN_POINT ( 'NONE',  ( 0.2500000000000004441, 1.500000000000000444, -2.000000000000000000 ) ) ;
#598 = PRESENTATION_LAYER_ASSIGNMENT (  '', '', ( #6679 ) ) ;
#599 = DIRECTION ( 'NONE',  ( -1.000000000000000000, -2.168404344971008868E-16, -0.0000000000000000000 ) ) ;
#600 = ORIENTED_EDGE ( 'NONE', *, *, #6356, .T. ) ;
#601 = CYLINDRICAL_SURFACE ( 'NONE', #643, 0.5000000000000000000 ) ;
#602 = COLOUR_RGB ( '',0.7921568627450980005, 0.8196078431372548767, 0.9333333333333333481 ) ;
#603 = TOROIDAL_SURFACE ( 'NONE', #6682, 0.7000000000000002887, 0.1499999999999999667 ) ;
#604 = CARTESIAN_POINT ( 'NONE',  ( 0.05212580610231487555, 0.06268240699839384977, -0.9899999999999999911 ) ) ;
#605 = ORIENTED_EDGE ( 'NONE', *, *, #2563, .F. ) ;
#606 = FILL_AREA_STYLE ('',( #8056 ) ) ;
#607 = EDGE_LOOP ( 'NONE', ( #375, #8660, #6059, #7837 ) ) ;
#608 =( GEOMETRIC_REPRESENTATION_CONTEXT ( 3 ) GLOBAL_UNCERTAINTY_ASSIGNED_CONTEXT ( ( #9766 ) ) GLOBAL_UNIT_ASSIGNED_CONTEXT ( ( #6293, #5484, #4682 ) ) REPRESENTATION_CONTEXT ( 'NONE', 'WORKASPACE' ) );
#609 = FILL_AREA_STYLE ('',( #8061 ) ) ;
#610 = AXIS2_PLACEMENT_3D ( 'NONE', #9493, #2054, #5382 ) ;
#611 = MECHANICAL_DESIGN_GEOMETRIC_PRESENTATION_REPRESENTATION (  '', ( #9946 ), #3397 ) ;
#612 = PRESENTATION_STYLE_ASSIGNMENT (( #8064 ) ) ;
#613 = PLANE ( 'NONE',  #6218 ) ;
#614 = ADVANCED_FACE ( 'NONE', ( #9926 ), #2525, .F. ) ;
#615 = AXIS2_PLACEMENT_3D ( 'NONE', #9024, #1593, #4920 ) ;
#616 =( LENGTH_UNIT ( ) NAMED_UNIT ( * ) SI_UNIT ( .MILLI., .METRE. ) );
#617 = CARTESIAN_POINT ( 'NONE',  ( -0.9499999999999995115, 1.500000000000000444, -2.000000000000000000 ) ) ;
#618 = ORIENTED_EDGE ( 'NONE', *, *, #1717, .T. ) ;
#619 = ORIENTED_EDGE ( 'NONE', *, *, #5740, .F. ) ;
#620 = DIRECTION ( 'NONE',  ( 0.0000000000000000000, 0.0000000000000000000, 1.000000000000000000 ) ) ;
#621 = DIRECTION ( 'NONE',  ( -1.000000000000000000, -1.239088197126291063E-16, 0.0000000000000000000 ) ) ;
#622 = VECTOR ( 'NONE', #8551, 1000.000000000000000 ) ;
#623 =( LENGTH_UNIT ( ) NAMED_UNIT ( * ) SI_UNIT ( .MILLI., .METRE. ) );
#624 = STYLED_ITEM ( 'NONE', ( #5064 ), #8623 ) ;
#625 = AXIS2_PLACEMENT_3D ( 'NONE', #9345, #1917, #5238 ) ;
#626 = UNCERTAINTY_MEASURE_WITH_UNIT (LENGTH_MEASURE( 1.000000000000000082E-05 ), #8801, 'distance_accuracy_value', 'NONE');
#627 = FILL_AREA_STYLE ('',( #8082 ) ) ;
#628 = COLOUR_RGB ( '',1.000000000000000000, 1.000000000000000000, 1.000000000000000000 ) ;
#629 = DIRECTION ( 'NONE',  ( -1.239088197126291063E-16, 1.000000000000000000, 0.0000000000000000000 ) ) ;
#630 = DIRECTION ( 'NONE',  ( -0.0000000000000000000, 0.0000000000000000000, 1.000000000000000000 ) ) ;
#631 = ADVANCED_FACE ( 'NONE', ( #139 ), #3453, .T. ) ;
#632 = DIRECTION ( 'NONE',  ( -1.239088197126291063E-16, 1.000000000000000000, 0.0000000000000000000 ) ) ;
#633 = LINE ( 'NONE', #3967, #9062 ) ;
#634 = AXIS2_PLACEMENT_3D ( 'NONE', #9132, #1710, #5025 ) ;
#635 = DIRECTION ( 'NONE',  ( -1.000000000000000000, -1.239088197126291063E-16, 0.0000000000000000000 ) ) ;
#636 = COLOUR_RGB ( '',1.000000000000000000, 1.000000000000000000, 1.000000000000000000 ) ;
#637 = AXIS2_PLACEMENT_3D ( 'NONE', #9171, #1753, #5061 ) ;
#638 = ORIENTED_EDGE ( 'NONE', *, *, #1840, .F. ) ;
#639 = DIRECTION ( 'NONE',  ( -1.517445394471977106E-32, -1.224646799147353207E-16, 1.000000000000000000 ) ) ;
#640 = DIRECTION ( 'NONE',  ( -0.0000000000000000000, 0.0000000000000000000, 1.000000000000000000 ) ) ;
#641 = EDGE_CURVE ( 'NONE', #10278, #3862, #1051, .T. ) ;
#642 = FILL_AREA_STYLE_COLOUR ( '', #5129 ) ;
#643 = AXIS2_PLACEMENT_3D ( 'NONE', #8869, #1435, #4759 ) ;
#644 =( NAMED_UNIT ( * ) PLANE_ANGLE_UNIT ( ) SI_UNIT ( $, .RADIAN. ) );
#645 = CIRCLE ( 'NONE', #6720, 0.8500000000000003109 ) ;
#646 = AXIS2_PLACEMENT_3D ( 'NONE', #7329, #10606, #3207 ) ;
#647 = CARTESIAN_POINT ( 'NONE',  ( -0.2960541233380866166, 0.1339160885657086908, -1.000000000000000000 ) ) ;
#648 = DIRECTION ( 'NONE',  ( 0.0000000000000000000, -1.000000000000000000, 0.0000000000000000000 ) ) ;
#649 = CARTESIAN_POINT ( 'NONE',  ( 0.1675094459832145999, 0.09699439703448757555, -0.9899999999999999911 ) ) ;
#650 = CARTESIAN_POINT ( 'NONE',  ( -0.2503838247370802073, 0.04697698400472063995, -0.9900000000000002132 ) ) ;
#651 = ORIENTED_EDGE ( 'NONE', *, *, #557, .F. ) ;
#652 = EDGE_CURVE ( 'NONE', #10609, #5849, #7865, .T. ) ;
#653 = SURFACE_SIDE_STYLE ('',( #8106 ) ) ;
#654 = PRESENTATION_STYLE_ASSIGNMENT (( #8110 ) ) ;
#655 =( LENGTH_UNIT ( ) NAMED_UNIT ( * ) SI_UNIT ( .MILLI., .METRE. ) );
#656 = VERTEX_POINT ( 'NONE', #10138 ) ;
#657 = DIRECTION ( 'NONE',  ( 0.0000000000000000000, -1.000000000000000000, 0.0000000000000000000 ) ) ;
#658 = DIRECTION ( 'NONE',  ( -1.000000000000000000, -1.239088197126291063E-16, 0.0000000000000000000 ) ) ;
#659 = EDGE_LOOP ( 'NONE', ( #5560, #1438, #5404, #2791 ) ) ;
#660 = UNCERTAINTY_MEASURE_WITH_UNIT (LENGTH_MEASURE( 1.000000000000000082E-05 ), #10214, 'distance_accuracy_value', 'NONE');
#661 =( NAMED_UNIT ( * ) SI_UNIT ( $, .STERADIAN. ) SOLID_ANGLE_UNIT ( ) );
#662 = ORIENTED_EDGE ( 'NONE', *, *, #10360, .F. ) ;
#663 = SURFACE_STYLE_FILL_AREA ( #8121 ) ;
#664 =( NAMED_UNIT ( * ) SI_UNIT ( $, .STERADIAN. ) SOLID_ANGLE_UNIT ( ) );
#665 = VECTOR ( 'NONE', #1190, 1000.000000000000000 ) ;
#666 = UNCERTAINTY_MEASURE_WITH_UNIT (LENGTH_MEASURE( 1.000000000000000082E-05 ), #2108, 'distance_accuracy_value', 'NONE');
#667 = CARTESIAN_POINT ( 'NONE',  ( -0.3956349160210134719, 0.1929862105169281861, -0.9899999999999999911 ) ) ;
#668 = DIRECTION ( 'NONE',  ( 2.168404344971009115E-16, 1.000000000000000000, -0.0000000000000000000 ) ) ;
#669 = CARTESIAN_POINT ( 'NONE',  ( -1.749999999999999556, 2.999999999999999556, -3.500000000000000000 ) ) ;
#670 = CARTESIAN_POINT ( 'NONE',  ( -1.549999999999999600, 2.200000000000000622, -2.000000000000000000 ) ) ;
#671 = VERTEX_POINT ( 'NONE', #2734 ) ;
#672 = FILL_AREA_STYLE_COLOUR ( '', #2845 ) ;
#673 = SURFACE_SIDE_STYLE ('',( #8130 ) ) ;
#674 = SURFACE_SIDE_STYLE ('',( #8132 ) ) ;
#675 = DIRECTION ( 'NONE',  ( -1.239088197126291063E-16, -1.000000000000000000, 0.0000000000000000000 ) ) ;
#676 = ADVANCED_FACE ( 'NONE', ( #6061 ), #3707, .T. ) ;
#677 = FILL_AREA_STYLE ('',( #8134 ) ) ;
#678 = DIRECTION ( 'NONE',  ( 0.0000000000000000000, 0.0000000000000000000, -1.000000000000000000 ) ) ;
#679 =( NAMED_UNIT ( * ) SI_UNIT ( $, .STERADIAN. ) SOLID_ANGLE_UNIT ( ) );
#680 = CARTESIAN_POINT ( 'NONE',  ( -3.499999999999999556, 2.999999999999999556, -0.5000000000000000000 ) ) ;
#681 = PRESENTATION_STYLE_ASSIGNMENT (( #8138 ) ) ;
#682 = FACE_OUTER_BOUND ( 'NONE', #502, .T. ) ;
#683 = CARTESIAN_POINT ( 'NONE',  ( 0.08742180535978995304, 0.05164886300272470560, -0.9899999999999999911 ) ) ;
#684 =( LENGTH_UNIT ( ) NAMED_UNIT ( * ) SI_UNIT ( .MILLI., .METRE. ) );
#685 = CARTESIAN_POINT ( 'NONE',  ( 0.1848830177735998059, 0.07058067309380795795, -0.9899999999999999911 ) ) ;
#686 = ORIENTED_EDGE ( 'NONE', *, *, #7611, .F. ) ;
#687 = DIRECTION ( 'NONE',  ( -1.000000000000000000, -1.239088197126291063E-16, 0.0000000000000000000 ) ) ;
#688 = PRESENTATION_STYLE_ASSIGNMENT (( #8145 ) ) ;
#689 = AXIS2_PLACEMENT_3D ( 'NONE', #4611, #7911, #464 ) ;
#690 = EDGE_CURVE ( 'NONE', #8340, #6489, #7000, .T. ) ;
#691 = CIRCLE ( 'NONE', #8683, 0.1499999999999999667 ) ;
#692 = DIRECTION ( 'NONE',  ( 0.0000000000000000000, -1.000000000000000000, 0.0000000000000000000 ) ) ;
#693 = CARTESIAN_POINT ( 'NONE',  ( -0.2077591614994486746, 0.05455344538333414817, -0.9999999999999991118 ) ) ;
#694 = CARTESIAN_POINT ( 'NONE',  ( -0.2321313675925906483, 0.03824268134967959837, -1.000000000000000222 ) ) ;
#695 = CARTESIAN_POINT ( 'NONE',  ( 0.1016211815399622465, 0.05091303978522087464, -0.9899999999999999911 ) ) ;
#696 = LINE ( 'NONE', #4018, #8756 ) ;
#697 = ORIENTED_EDGE ( 'NONE', *, *, #3851, .F. ) ;
#698 = FILL_AREA_STYLE ('',( #8154 ) ) ;
#699 = STYLED_ITEM ( 'NONE', ( #9359 ), #1563 ) ;
#700 = ADVANCED_FACE ( 'NONE', ( #6167 ), #4450, .T. ) ;
#701 = DIRECTION ( 'NONE',  ( 1.000000000000000000, -2.168404344971008868E-16, -0.0000000000000000000 ) ) ;
#702 = DIRECTION ( 'NONE',  ( -1.239088197126291063E-16, 1.000000000000000000, 0.0000000000000000000 ) ) ;
#703 = VERTEX_POINT ( 'NONE', #2042 ) ;
#704 =( GEOMETRIC_REPRESENTATION_CONTEXT ( 3 ) GLOBAL_UNCERTAINTY_ASSIGNED_CONTEXT ( ( #7296 ) ) GLOBAL_UNIT_ASSIGNED_CONTEXT ( ( #8596, #7783, #6963 ) ) REPRESENTATION_CONTEXT ( 'NONE', 'WORKASPACE' ) );
#705 = FACE_OUTER_BOUND ( 'NONE', #940, .T. ) ;
#706 = SURFACE_STYLE_USAGE ( .BOTH. , #8160 ) ;
#707 = ADVANCED_FACE ( 'NONE', ( #5366 ), #2822, .T. ) ;
#708 = DIRECTION ( 'NONE',  ( 0.0000000000000000000, -0.0000000000000000000, 1.000000000000000000 ) ) ;
#709 = VERTEX_POINT ( 'NONE', #8677 ) ;
#710 = DIRECTION ( 'NONE',  ( 1.000000000000000000, 0.0000000000000000000, 0.0000000000000000000 ) ) ;
#711 = VERTEX_POINT ( 'NONE', #9571 ) ;
#712 = DIRECTION ( 'NONE',  ( 0.0000000000000000000, -1.000000000000000000, 0.0000000000000000000 ) ) ;
#713 = MANIFOLD_SOLID_BREP ( '镜向1[8]', #9751 ) ;
#714 = LINE ( 'NONE', #4035, #2470 ) ;
#715 = FACE_OUTER_BOUND ( 'NONE', #1771, .T. ) ;
#716 = ORIENTED_EDGE ( 'NONE', *, *, #3156, .T. ) ;
#717 = FACE_OUTER_BOUND ( 'NONE', #7530, .T. ) ;
#718 = DIRECTION ( 'NONE',  ( 0.0000000000000000000, -1.000000000000000000, 0.0000000000000000000 ) ) ;
#719 = EDGE_CURVE ( 'NONE', #9666, #4154, #2145, .T. ) ;
#720 = SURFACE_STYLE_FILL_AREA ( #8176 ) ;
#721 = PLANE ( 'NONE',  #7886 ) ;
#722 = ORIENTED_EDGE ( 'NONE', *, *, #3365, .F. ) ;
#723 = CARTESIAN_POINT ( 'NONE',  ( -0.1914047330941841540, 0.2094496251510745422, -0.9899999999999999911 ) ) ;
#724 = DIRECTION ( 'NONE',  ( -0.0000000000000000000, -0.0000000000000000000, -1.000000000000000000 ) ) ;
#725 =( NAMED_UNIT ( * ) SI_UNIT ( $, .STERADIAN. ) SOLID_ANGLE_UNIT ( ) );
#726 = MANIFOLD_SOLID_BREP ( '阵列(线性)3[5]', #408 ) ;
#727 = SURFACE_STYLE_FILL_AREA ( #8183 ) ;
#728 = DIRECTION ( 'NONE',  ( 1.275531967630004999E-16, -1.000000000000000000, 0.0000000000000000000 ) ) ;
#729 = AXIS2_PLACEMENT_3D ( 'NONE', #2510, #5836, #9129 ) ;
#730 = CARTESIAN_POINT ( 'NONE',  ( 3.549999999999998934, -2.250000000000001332, -3.000000000000000000 ) ) ;
#731 = SURFACE_SIDE_STYLE ('',( #8187 ) ) ;
#732 = ORIENTED_EDGE ( 'NONE', *, *, #4358, .T. ) ;
#733 = SURFACE_SIDE_STYLE ('',( #8189 ) ) ;
#734 = CARTESIAN_POINT ( 'NONE',  ( 0.0000000000000000000, 2.249999999999999556, -3.500000000000000000 ) ) ;
#735 = MECHANICAL_DESIGN_GEOMETRIC_PRESENTATION_REPRESENTATION (  '', ( #2124 ), #8726 ) ;
#736 = PRESENTATION_LAYER_ASSIGNMENT (  '', '', ( #6811 ) ) ;
#737 = SURFACE_STYLE_USAGE ( .BOTH. , #8192 ) ;
#738 = CARTESIAN_POINT ( 'NONE',  ( -0.2533284711684884449, 0.07984476921752325929, -0.9899999999999999911 ) ) ;
#739 = UNCERTAINTY_MEASURE_WITH_UNIT (LENGTH_MEASURE( 1.000000000000000082E-05 ), #3838, 'distance_accuracy_value', 'NONE');
#740 = CARTESIAN_POINT ( 'NONE',  ( 0.1401742421788720050, 0.1993912428881668142, -1.000000000000000000 ) ) ;
#741 = CARTESIAN_POINT ( 'NONE',  ( 3.499999999999999556, -3.000000000000000444, -0.5000000000000000000 ) ) ;
#742 = DIRECTION ( 'NONE',  ( -1.275531967630004752E-16, -1.000000000000000000, 0.0000000000000000000 ) ) ;
#743 = CARTESIAN_POINT ( 'NONE',  ( 0.08957001403307281173, 0.02969011158482646670, -0.9999999999999997780 ) ) ;
#744 = AXIS2_PLACEMENT_3D ( 'NONE', #4633, #7929, #484 ) ;
#745 = VERTEX_POINT ( 'NONE', #5629 ) ;
#746 =( NAMED_UNIT ( * ) SI_UNIT ( $, .STERADIAN. ) SOLID_ANGLE_UNIT ( ) );
#747 = ADVANCED_FACE ( 'NONE', ( #8932 ), #7216, .F. ) ;
#748 = MANIFOLD_SOLID_BREP ( '凸台-拉伸3[2]', #1959 ) ;
#749 = MECHANICAL_DESIGN_GEOMETRIC_PRESENTATION_REPRESENTATION (  '', ( #7177 ), #1445 ) ;
#750 = AXIS2_PLACEMENT_3D ( 'NONE', #5140, #8468, #1018 ) ;
#751 =( GEOMETRIC_REPRESENTATION_CONTEXT ( 3 ) GLOBAL_UNCERTAINTY_ASSIGNED_CONTEXT ( ( #9547 ) ) GLOBAL_UNIT_ASSIGNED_CONTEXT ( ( #2367, #1549, #725 ) ) REPRESENTATION_CONTEXT ( 'NONE', 'WORKASPACE' ) );
#752 = VECTOR ( 'NONE', #3134, 1000.000000000000000 ) ;
#753 = PRESENTATION_STYLE_ASSIGNMENT (( #8201 ) ) ;
#754 = CIRCLE ( 'NONE', #6828, 0.1499999999999999667 ) ;
#755 = VECTOR ( 'NONE', #5304, 1000.000000000000000 ) ;
#756 = CARTESIAN_POINT ( 'NONE',  ( 0.1990678278814256574, 0.1276279788096111312, -0.9899999999999999911 ) ) ;
#757 = CARTESIAN_POINT ( 'NONE',  ( 1.150000000000000133, 1.500000000000000444, -2.000000000000000000 ) ) ;
#758 = VECTOR ( 'NONE', #1062, 1000.000000000000000 ) ;
#759 = VERTEX_POINT ( 'NONE', #4982 ) ;
#760 =( NAMED_UNIT ( * ) PLANE_ANGLE_UNIT ( ) SI_UNIT ( $, .RADIAN. ) );
#761 = ORIENTED_EDGE ( 'NONE', *, *, #3430, .F. ) ;
#762 = MECHANICAL_DESIGN_GEOMETRIC_PRESENTATION_REPRESENTATION (  '', ( #10086 ), #3547 ) ;
#763 = EDGE_CURVE ( 'NONE', #8496, #10678, #6562, .T. ) ;
#764 = COLOUR_RGB ( '',1.000000000000000000, 1.000000000000000000, 1.000000000000000000 ) ;
#765 = TOROIDAL_SURFACE ( 'NONE', #6836, 0.7000000000000002887, 0.1499999999999999667 ) ;
#766 = UNCERTAINTY_MEASURE_WITH_UNIT (LENGTH_MEASURE( 1.000000000000000082E-05 ), #6001, 'distance_accuracy_value', 'NONE');
#767 = ORIENTED_EDGE ( 'NONE', *, *, #5068, .T. ) ;
#768 =( GEOMETRIC_REPRESENTATION_CONTEXT ( 3 ) GLOBAL_UNCERTAINTY_ASSIGNED_CONTEXT ( ( #127 ) ) GLOBAL_UNIT_ASSIGNED_CONTEXT ( ( #149, #10038, #9242 ) ) REPRESENTATION_CONTEXT ( 'NONE', 'WORKASPACE' ) );
#769 = SURFACE_STYLE_USAGE ( .BOTH. , #8214 ) ;
#770 = CIRCLE ( 'NONE', #5463, 0.5500000000000001554 ) ;
#771 = MANIFOLD_SOLID_BREP ( '镜向1[1]', #9915 ) ;
#772 = EDGE_CURVE ( 'NONE', #4341, #5609, #2579, .T. ) ;
#773 = UNCERTAINTY_MEASURE_WITH_UNIT (LENGTH_MEASURE( 1.000000000000000082E-05 ), #4113, 'distance_accuracy_value', 'NONE');
#774 = CIRCLE ( 'NONE', #6844, 0.1499999999999999667 ) ;
#775 =( NAMED_UNIT ( * ) PLANE_ANGLE_UNIT ( ) SI_UNIT ( $, .RADIAN. ) );
#776 = PRESENTATION_LAYER_ASSIGNMENT (  '', '', ( #5469 ) ) ;
#777 = VECTOR ( 'NONE', #10310, 1000.000000000000000 ) ;
#778 = COLOUR_RGB ( '',0.9882352941176471006, 0.7372549019607843590, 0.5176470588235293491 ) ;
#779 = ORIENTED_EDGE ( 'NONE', *, *, #4038, .T. ) ;
#780 = CARTESIAN_POINT ( 'NONE',  ( -3.499999999999999556, 2.999999999999999556, -0.5000000000000000000 ) ) ;
#781 =( GEOMETRIC_REPRESENTATION_CONTEXT ( 3 ) GLOBAL_UNCERTAINTY_ASSIGNED_CONTEXT ( ( #2080 ) ) GLOBAL_UNIT_ASSIGNED_CONTEXT ( ( #7370, #6567, #5741 ) ) REPRESENTATION_CONTEXT ( 'NONE', 'WORKASPACE' ) );
#782 = ORIENTED_EDGE ( 'NONE', *, *, #3316, .T. ) ;
#783 = COLOUR_RGB ( '',0.9882352941176471006, 0.7372549019607843590, 0.5176470588235293491 ) ;
#784 = ORIENTED_EDGE ( 'NONE', *, *, #2276, .F. ) ;
#785 = SURFACE_SIDE_STYLE ('',( #8230 ) ) ;
#786 = STYLED_ITEM ( 'NONE', ( #5162 ), #8046 ) ;
#787 =( GEOMETRIC_REPRESENTATION_CONTEXT ( 3 ) GLOBAL_UNCERTAINTY_ASSIGNED_CONTEXT ( ( #4567 ) ) GLOBAL_UNIT_ASSIGNED_CONTEXT ( ( #4837, #4011, #3185 ) ) REPRESENTATION_CONTEXT ( 'NONE', 'WORKASPACE' ) );
#788 = VECTOR ( 'NONE', #8690, 1000.000000000000000 ) ;
#789 = LINE ( 'NONE', #4110, #3771 ) ;
#790 = DIRECTION ( 'NONE',  ( -1.000000000000000000, -1.239088197126291063E-16, 0.0000000000000000000 ) ) ;
#791 = EDGE_CURVE ( 'NONE', #3639, #4391, #4162, .T. ) ;
#792 = STYLED_ITEM ( 'NONE', ( #4181 ), #2476 ) ;
#793 = CARTESIAN_POINT ( 'NONE',  ( -1.750000000000000222, -1.500000000000000000, -2.500000000000000000 ) ) ;
#794 = MANIFOLD_SOLID_BREP ( '切除-拉伸5', #6330 ) ;
#795 = VECTOR ( 'NONE', #8832, 1000.000000000000000 ) ;
#796 = DIRECTION ( 'NONE',  ( 1.204669080539449344E-16, 1.000000000000000000, 0.0000000000000000000 ) ) ;
#797 = FACE_OUTER_BOUND ( 'NONE', #3393, .T. ) ;
#798 = DIRECTION ( 'NONE',  ( -1.000000000000000000, 0.0000000000000000000, 0.0000000000000000000 ) ) ;
#799 = ORIENTED_EDGE ( 'NONE', *, *, #10400, .T. ) ;
#800 = CARTESIAN_POINT ( 'NONE',  ( -0.2943678630517445050, 0.1119274897903309585, -0.9899999999999993250 ) ) ;
#801 = COLOUR_RGB ( '',0.9882352941176471006, 0.7372549019607843590, 0.5176470588235293491 ) ;
#802 = SURFACE_STYLE_FILL_AREA ( #8252 ) ;
#803 = AXIS2_PLACEMENT_3D ( 'NONE', #6351, #7262, #10533 ) ;
#804 = AXIS2_PLACEMENT_3D ( 'NONE', #1167, #4496, #7792 ) ;
#805 = STYLED_ITEM ( 'NONE', ( #4548 ), #3483 ) ;
#806 = AXIS2_PLACEMENT_3D ( 'NONE', #6556, #9834, #2417 ) ;
#807 = CARTESIAN_POINT ( 'NONE',  ( -0.2690217172643742383, 0.1242901672470302088, -0.9999999999999991118 ) ) ;
#808 = CARTESIAN_POINT ( 'NONE',  ( 1.749999999999999556, 0.7499999999999988898, -3.000000000000000000 ) ) ;
#809 = CARTESIAN_POINT ( 'NONE',  ( 0.06682955292958546456, 0.2069672744207673720, -1.000000000000000444 ) ) ;
#810 = TOROIDAL_SURFACE ( 'NONE', #6884, 0.7000000000000002887, 0.1499999999999999667 ) ;
#811 = FILL_AREA_STYLE ('',( #8262 ) ) ;
#812 = PRESENTATION_LAYER_ASSIGNMENT (  '', '', ( #5507 ) ) ;
#813 = VECTOR ( 'NONE', #8971, 1000.000000000000000 ) ;
#814 = LINE ( 'NONE', #4136, #10622 ) ;
#815 = ORIENTED_EDGE ( 'NONE', *, *, #2030, .T. ) ;
#816 = FILL_AREA_STYLE_COLOUR ( '', #1013 ) ;
#817 = MANIFOLD_SOLID_BREP ( '凸台-拉伸3[4]', #5769 ) ;
#818 = DIRECTION ( 'NONE',  ( 0.3222024856061125875, -0.9466707760722534726, 0.0000000000000000000 ) ) ;
#819 = VECTOR ( 'NONE', #3867, 1000.000000000000000 ) ;
#820 = AXIS2_PLACEMENT_3D ( 'NONE', #501, #3823, #7132 ) ;
#821 = FACE_OUTER_BOUND ( 'NONE', #10519, .T. ) ;
#822 = EDGE_CURVE ( 'NONE', #6458, #3055, #3526, .T. ) ;
#823 = VERTEX_POINT ( 'NONE', #8547 ) ;
#824 = CARTESIAN_POINT ( 'NONE',  ( 0.06199052584295242779, 0.03606930704632978213, -0.9899999999999995470 ) ) ;
#825 = PRESENTATION_STYLE_ASSIGNMENT (( #8278 ) ) ;
#826 = DIRECTION ( 'NONE',  ( -1.000000000000000000, -1.239088197126291063E-16, 0.0000000000000000000 ) ) ;
#827 = ORIENTED_EDGE ( 'NONE', *, *, #8216, .T. ) ;
#828 = PRESENTATION_LAYER_ASSIGNMENT (  '', '', ( #5523 ) ) ;
#829 = MECHANICAL_DESIGN_GEOMETRIC_PRESENTATION_REPRESENTATION (  '', ( #10152 ), #3613 ) ;
#830 = DIRECTION ( 'NONE',  ( 1.000000000000000000, 0.0000000000000000000, 0.0000000000000000000 ) ) ;
#831 = ORIENTED_EDGE ( 'NONE', *, *, #9072, .T. ) ;
#832 = MANIFOLD_SOLID_BREP ( '阵列(线性)3[10]', #10255 ) ;
#833 = DIRECTION ( 'NONE',  ( -1.000000000000000000, -1.239088197126291063E-16, 0.0000000000000000000 ) ) ;
#834 = FILL_AREA_STYLE ('',( #8289 ) ) ;
#835 = EDGE_CURVE ( 'NONE', #3814, #5929, #10241, .T. ) ;
#836 = ORIENTED_EDGE ( 'NONE', *, *, #4968, .T. ) ;
#837 = DIRECTION ( 'NONE',  ( 1.000000000000000000, -2.409338161078899180E-16, 0.0000000000000000000 ) ) ;
#838 = DIRECTION ( 'NONE',  ( -1.000000000000000000, 1.239088197126291063E-16, 0.0000000000000000000 ) ) ;
#839 = LINE ( 'NONE', #4157, #9245 ) ;
#840 = ORIENTED_EDGE ( 'NONE', *, *, #5804, .F. ) ;
#841 = ORIENTED_EDGE ( 'NONE', *, *, #6092, .T. ) ;
#842 =( LENGTH_UNIT ( ) NAMED_UNIT ( * ) SI_UNIT ( .MILLI., .METRE. ) );
#843 = SURFACE_STYLE_FILL_AREA ( #8302 ) ;
#844 = DIRECTION ( 'NONE',  ( 0.0000000000000000000, -1.000000000000000000, 0.0000000000000000000 ) ) ;
#845 = DIRECTION ( 'NONE',  ( -1.000000000000000000, 0.0000000000000000000, 0.0000000000000000000 ) ) ;
#846 = DIRECTION ( 'NONE',  ( -1.000000000000000000, 1.239088197126291063E-16, 0.0000000000000000000 ) ) ;
#847 = MANIFOLD_SOLID_BREP ( '切除-拉伸1[1]', #6144 ) ;
#848 = LINE ( 'NONE', #4167, #4440 ) ;
#849 =( NAMED_UNIT ( * ) PLANE_ANGLE_UNIT ( ) SI_UNIT ( $, .RADIAN. ) );
#850 = DIRECTION ( 'NONE',  ( 0.0000000000000000000, 0.0000000000000000000, -1.000000000000000000 ) ) ;
#851 = EDGE_CURVE ( 'NONE', #9717, #8816, #6476, .T. ) ;
#852 = CARTESIAN_POINT ( 'NONE',  ( 1.150000000000000133, -1.500000000000000444, -2.000000000000000000 ) ) ;
#853 = SURFACE_SIDE_STYLE ('',( #8311 ) ) ;
#854 = ORIENTED_EDGE ( 'NONE', *, *, #2957, .T. ) ;
#855 = CARTESIAN_POINT ( 'NONE',  ( -0.2663586223067465619, 0.05926745928642295630, -0.9999999999999995559 ) ) ;
#856 = DIRECTION ( 'NONE',  ( -1.000000000000000000, 1.239088197126291063E-16, 0.0000000000000000000 ) ) ;
#857 = EDGE_LOOP ( 'NONE', ( #4679, #8511, #2446, #4686 ) ) ;
#858 = FACE_OUTER_BOUND ( 'NONE', #2282, .T. ) ;
#859 = DIRECTION ( 'NONE',  ( 1.000000000000000000, 0.0000000000000000000, 0.0000000000000000000 ) ) ;
#860 = CARTESIAN_POINT ( 'NONE',  ( 0.5500000000000004885, 2.200000000000000622, -2.000000000000000000 ) ) ;
#861 = SURFACE_STYLE_USAGE ( .BOTH. , #8322 ) ;
#862 =( NAMED_UNIT ( * ) SI_UNIT ( $, .STERADIAN. ) SOLID_ANGLE_UNIT ( ) );
#863 = SURFACE_STYLE_USAGE ( .BOTH. , #8323 ) ;
#864 = ADVANCED_FACE ( 'NONE', ( #457 ), #3792, .T. ) ;
#865 = ORIENTED_EDGE ( 'NONE', *, *, #3107, .F. ) ;
#866 = MANIFOLD_SOLID_BREP ( '镜向1[2]', #5967 ) ;
#867 = SURFACE_STYLE_USAGE ( .BOTH. , #8325 ) ;
#868 = CARTESIAN_POINT ( 'NONE',  ( 0.1988102507304144728, 0.1391343513452880376, -0.9999999999999995559 ) ) ;
#869 = SURFACE_SIDE_STYLE ('',( #8327 ) ) ;
#870 = ORIENTED_EDGE ( 'NONE', *, *, #6284, .F. ) ;
#871 = CYLINDRICAL_SURFACE ( 'NONE', #8582, 0.5000000000000000000 ) ;
#872 = CARTESIAN_POINT ( 'NONE',  ( 3.682907857171535237, 1.499999999999998668, -3.500000000000000000 ) ) ;
#873 = PRESENTATION_LAYER_ASSIGNMENT (  '', '', ( #2779 ) ) ;
#874 = DIRECTION ( 'NONE',  ( -0.0000000000000000000, -0.0000000000000000000, -1.000000000000000000 ) ) ;
#875 = LINE ( 'NONE', #4195, #9227 ) ;
#876 = UNCERTAINTY_MEASURE_WITH_UNIT (LENGTH_MEASURE( 1.000000000000000082E-05 ), #152, 'distance_accuracy_value', 'NONE');
#877 = FACE_OUTER_BOUND ( 'NONE', #7564, .T. ) ;
#878 = EDGE_CURVE ( 'NONE', #7005, #10235, #1385, .T. ) ;
#879 =( NAMED_UNIT ( * ) PLANE_ANGLE_UNIT ( ) SI_UNIT ( $, .RADIAN. ) );
#880 = MANIFOLD_SOLID_BREP ( '镜向1[5]', #5097 ) ;
#881 = TOROIDAL_SURFACE ( 'NONE', #6956, 0.7000000000000002887, 0.1499999999999999667 ) ;
#882 = FILL_AREA_STYLE ('',( #8334 ) ) ;
#883 =( NAMED_UNIT ( * ) SI_UNIT ( $, .STERADIAN. ) SOLID_ANGLE_UNIT ( ) );
#884 = ORIENTED_EDGE ( 'NONE', *, *, #5431, .F. ) ;
#885 = CARTESIAN_POINT ( 'NONE',  ( 0.1087896401917259476, 0.02903925168999599640, -1.000000000000000000 ) ) ;
#886 = CARTESIAN_POINT ( 'NONE',  ( -3.815815714343071985, 1.499999999999999334, -3.000000000000000000 ) ) ;
#887 = SURFACE_SIDE_STYLE ('',( #8338 ) ) ;
#888 = CIRCLE ( 'NONE', #376, 0.1499999999999999667 ) ;
#889 = SURFACE_STYLE_USAGE ( .BOTH. , #8339 ) ;
#890 = ORIENTED_EDGE ( 'NONE', *, *, #9189, .T. ) ;
#891 = EDGE_LOOP ( 'NONE', ( #259, #5815, #2623, #4241 ) ) ;
#892 = PRESENTATION_STYLE_ASSIGNMENT (( #8342 ) ) ;
#893 = EDGE_CURVE ( 'NONE', #10516, #8542, #6440, .T. ) ;
#894 = B_SPLINE_SURFACE_WITH_KNOTS ( 'NONE', 3, 1, ( 
 ( #7317, #5747 ),
 ( #9035, #1602 ),
 ( #4934, #8251 ),
 ( #800, #4126 ),
 ( #7432, #10700 ),
 ( #3304, #6611 ),
 ( #9884, #2473 ),
 ( #5802, #9094 ),
 ( #1672, #4995 ),
 ( #8314, #855 ),
 ( #4173, #7484 ),
 ( #36, #3347 ),
 ( #6663, #9940 ),
 ( #2538, #5866 ),
 ( #9152, #1727 ),
 ( #5040, #8355 ),
 ( #905, #4218 ),
 ( #7531, #91 ),
 ( #3413, #6723 ) ),
 .UNSPECIFIED., .F., .F., .F.,
 ( 4, 1, 1, 1, 1, 1, 1, 1, 1, 1, 1, 1, 1, 1, 1, 1, 4 ),
 ( 2, 2 ),
 ( 0.0000000000000000000, 0.06806869584499396220, 0.1334274328189549996, 0.1961460338131564840, 0.2570485924493126073, 0.3168826631591618592, 0.3761872086663214376, 0.4359603353635462253, 0.4965352368627261037, 0.5574653434807330665, 0.6176868634101471134, 0.6779436406969060469, 0.7388052848060401301, 0.8009493367665838637, 0.8648146674702265058, 0.9310247810786567157, 1.000000000000000000 ),
 ( 0.0000000000000000000, 1.000000000000000000 ),
 .UNSPECIFIED. ) ;
#895 = LINE ( 'NONE', #4207, #10309 ) ;
#896 =( NAMED_UNIT ( * ) PLANE_ANGLE_UNIT ( ) SI_UNIT ( $, .RADIAN. ) );
#897 = CARTESIAN_POINT ( 'NONE',  ( -0.2691592989289213755, 0.1364086192517518781, -0.9899999999999999911 ) ) ;
#898 = DIRECTION ( 'NONE',  ( -1.000000000000000000, -1.239088197126291063E-16, 0.0000000000000000000 ) ) ;
#899 = FILL_AREA_STYLE ('',( #8352 ) ) ;
#900 = CARTESIAN_POINT ( 'NONE',  ( -0.6499999999999995781, -1.500000000000000444, -2.000000000000000000 ) ) ;
#901 = PLANE ( 'NONE',  #6819 ) ;
#902 = EDGE_CURVE ( 'NONE', #4426, #1345, #714, .T. ) ;
#903 = MECHANICAL_DESIGN_GEOMETRIC_PRESENTATION_REPRESENTATION (  '', ( #3364 ), #7521 ) ;
#904 = VERTEX_POINT ( 'NONE', #10623 ) ;
#905 = CARTESIAN_POINT ( 'NONE',  ( -0.2007921016242630308, 0.03160585132413151060, -0.9899999999999997691 ) ) ;
#906 = DIRECTION ( 'NONE',  ( -1.000000000000000000, 1.084202172485504434E-16, 0.0000000000000000000 ) ) ;
#907 = CARTESIAN_POINT ( 'NONE',  ( -0.3959372008069750315, 0.1938977861182806239, -1.000000000000000000 ) ) ;
#908 = SURFACE_SIDE_STYLE ('',( #8359 ) ) ;
#909 = ADVANCED_FACE ( 'NONE', ( #3223 ), #1599, .T. ) ;
#910 = ORIENTED_EDGE ( 'NONE', *, *, #1805, .T. ) ;
#911 = CARTESIAN_POINT ( 'NONE',  ( 0.3185800230033769553, 0.2314008446632696836, -0.9899999999999999911 ) ) ;
#912 = CARTESIAN_POINT ( 'NONE',  ( 0.07264504724056942975, 0.2087458745867040444, -0.9899999999999995470 ) ) ;
#913 = ORIENTED_EDGE ( 'NONE', *, *, #5526, .T. ) ;
#914 = CARTESIAN_POINT ( 'NONE',  ( 1.749999999999999778, 2.249999999999999112, -3.000000000000000000 ) ) ;
#915 = FILL_AREA_STYLE_COLOUR ( '', #10637 ) ;
#916 = AXIS2_PLACEMENT_3D ( 'NONE', #8707, #1259, #4590 ) ;
#917 = CARTESIAN_POINT ( 'NONE',  ( 0.1704550229052183008, 0.2047507433046989178, -0.9900000000000002132 ) ) ;
#918 = VERTEX_POINT ( 'NONE', #6545 ) ;
#919 =( GEOMETRIC_REPRESENTATION_CONTEXT ( 3 ) GLOBAL_UNCERTAINTY_ASSIGNED_CONTEXT ( ( #4808 ) ) GLOBAL_UNIT_ASSIGNED_CONTEXT ( ( #3523, #2706, #1893 ) ) REPRESENTATION_CONTEXT ( 'NONE', 'WORKASPACE' ) );
#920 = CARTESIAN_POINT ( 'NONE',  ( -0.2533284711684884449, 0.07984476921752325929, -0.9899999999999999911 ) ) ;
#921 = AXIS2_PLACEMENT_3D ( 'NONE', #9342, #10237, #2833 ) ;
#922 = AXIS2_PLACEMENT_3D ( 'NONE', #10537, #3127, #6452 ) ;
#923 = CARTESIAN_POINT ( 'NONE',  ( -0.4131272940697939267, 0.2314008446632696836, -0.9899999999999999911 ) ) ;
#924 =( LENGTH_UNIT ( ) NAMED_UNIT ( * ) SI_UNIT ( .MILLI., .METRE. ) );
#925 =( NAMED_UNIT ( * ) PLANE_ANGLE_UNIT ( ) SI_UNIT ( $, .RADIAN. ) );
#926 = AXIS2_PLACEMENT_3D ( 'NONE', #8590, #1150, #4478 ) ;
#927 = CARTESIAN_POINT ( 'NONE',  ( -3.458578643762690419, -2.958578643762691307, -2.351814688301901349E-17 ) ) ;
#928 = COLOUR_RGB ( '',0.7529411764705882248, 0.7529411764705882248, 0.7529411764705882248 ) ;
#929 = DIRECTION ( 'NONE',  ( 1.445602896647339163E-16, 1.000000000000000000, -0.0000000000000000000 ) ) ;
#930 = PRESENTATION_LAYER_ASSIGNMENT (  '', '', ( #2834 ) ) ;
#931 =( GEOMETRIC_REPRESENTATION_CONTEXT ( 3 ) GLOBAL_UNCERTAINTY_ASSIGNED_CONTEXT ( ( #344 ) ) GLOBAL_UNIT_ASSIGNED_CONTEXT ( ( #574, #10492, #9683 ) ) REPRESENTATION_CONTEXT ( 'NONE', 'WORKASPACE' ) );
#932 =( NAMED_UNIT ( * ) SI_UNIT ( $, .STERADIAN. ) SOLID_ANGLE_UNIT ( ) );
#933 = LINE ( 'NONE', #4254, #6714 ) ;
#934 = EDGE_LOOP ( 'NONE', ( #1709, #686, #1009, #4198 ) ) ;
#935 = CARTESIAN_POINT ( 'NONE',  ( 0.1956642584727042999, 0.09675008867523447742, -1.000000000000000222 ) ) ;
#936 = VECTOR ( 'NONE', #10392, 1000.000000000000000 ) ;
#937 = STYLED_ITEM ( 'NONE', ( #4186 ), #3770 ) ;
#938 = TOROIDAL_SURFACE ( 'NONE', #7016, 0.7000000000000002887, 0.1499999999999999667 ) ;
#939 = PRESENTATION_LAYER_ASSIGNMENT (  '', '', ( #8909 ) ) ;
#940 = EDGE_LOOP ( 'NONE', ( #9901, #5028, #9762, #4718 ) ) ;
#941 = VERTEX_POINT ( 'NONE', #7460 ) ;
#942 = COLOUR_RGB ( '',0.9882352941176471006, 0.7372549019607843590, 0.5176470588235293491 ) ;
#943 = CARTESIAN_POINT ( 'NONE',  ( 0.0000000000000000000, 0.0000000000000000000, -3.500000000000000000 ) ) ;
#944 = CARTESIAN_POINT ( 'NONE',  ( -0.2610031965160497514, 0.1734074089451305423, -1.000000000000000222 ) ) ;
#945 = FACE_OUTER_BOUND ( 'NONE', #8299, .T. ) ;
#946 = STYLED_ITEM ( 'NONE', ( #9430 ), #10073 ) ;
#947 =( GEOMETRIC_REPRESENTATION_CONTEXT ( 3 ) GLOBAL_UNCERTAINTY_ASSIGNED_CONTEXT ( ( #8372 ) ) GLOBAL_UNIT_ASSIGNED_CONTEXT ( ( #1795, #996, #172 ) ) REPRESENTATION_CONTEXT ( 'NONE', 'WORKASPACE' ) );
#948 = AXIS2_PLACEMENT_3D ( 'NONE', #8305, #845, #4163 ) ;
#949 = FILL_AREA_STYLE_COLOUR ( '', #3878 ) ;
#950 = AXIS2_PLACEMENT_3D ( 'NONE', #3718, #4663, #7964 ) ;
#951 = CARTESIAN_POINT ( 'NONE',  ( -0.2156481664232352269, 0.2069223038424727046, -0.9900000000000002132 ) ) ;
#952 = CARTESIAN_POINT ( 'NONE',  ( -0.2230418457391881160, 0.2278218415200957692, -0.9999999999999997780 ) ) ;
#953 = CARTESIAN_POINT ( 'NONE',  ( -0.4025708916307695895, 0.1929862105169282138, -0.9900000000000002132 ) ) ;
#954 = AXIS2_PLACEMENT_3D ( 'NONE', #1822, #5139, #8467 ) ;
#955 = EDGE_CURVE ( 'NONE', #10667, #8340, #212, .T. ) ;
#956 =( NAMED_UNIT ( * ) SI_UNIT ( $, .STERADIAN. ) SOLID_ANGLE_UNIT ( ) );
#957 = STYLED_ITEM ( 'NONE', ( #7113 ), #10433 ) ;
#958 = DIRECTION ( 'NONE',  ( -1.000000000000000000, 0.0000000000000000000, 0.0000000000000000000 ) ) ;
#959 = CIRCLE ( 'NONE', #7040, 0.1499999999999999667 ) ;
#960 = DIRECTION ( 'NONE',  ( 0.0000000000000000000, -0.0000000000000000000, 1.000000000000000000 ) ) ;
#961 = PRESENTATION_STYLE_ASSIGNMENT (( #8405 ) ) ;
#962 = ORIENTED_EDGE ( 'NONE', *, *, #9474, .T. ) ;
#963 = PRESENTATION_STYLE_ASSIGNMENT (( #8409 ) ) ;
#964 = PRESENTATION_STYLE_ASSIGNMENT (( #8410 ) ) ;
#965 = COLOUR_RGB ( '',0.7921568627450980005, 0.8196078431372548767, 0.9333333333333333481 ) ;
#966 = PRESENTATION_LAYER_ASSIGNMENT (  '', '', ( #5660 ) ) ;
#967 = VERTEX_POINT ( 'NONE', #9917 ) ;
#968 = DIRECTION ( 'NONE',  ( 0.0000000000000000000, -0.0000000000000000000, -1.000000000000000000 ) ) ;
#969 = EDGE_CURVE ( 'NONE', #9525, #6890, #9568, .T. ) ;
#970 = CARTESIAN_POINT ( 'NONE',  ( 0.08214573218600322579, 0.03065415226217993797, -1.000000000000000000 ) ) ;
#971 = STYLED_ITEM ( 'NONE', ( #10223 ), #2344 ) ;
#972 = ORIENTED_EDGE ( 'NONE', *, *, #2501, .T. ) ;
#973 = CARTESIAN_POINT ( 'NONE',  ( -1.649999999999999467, 2.999999999999998668, -0.5000000000000000000 ) ) ;
#974 = SURFACE_SIDE_STYLE ('',( #8421 ) ) ;
#975 = ORIENTED_EDGE ( 'NONE', *, *, #7600, .F. ) ;
#976 = LINE ( 'NONE', #4293, #6048 ) ;
#977 = VECTOR ( 'NONE', #7053, 1000.000000000000000 ) ;
#978 = COLOUR_RGB ( '',0.9882352941176471006, 0.7372549019607843590, 0.5176470588235293491 ) ;
#979 = ADVANCED_FACE ( 'NONE', ( #1707 ), #7486, .T. ) ;
#980 = CARTESIAN_POINT ( 'NONE',  ( -0.9499999999999995115, 2.200000000000000622, -2.000000000000000000 ) ) ;
#981 =( GEOMETRIC_REPRESENTATION_CONTEXT ( 3 ) GLOBAL_UNCERTAINTY_ASSIGNED_CONTEXT ( ( #5223 ) ) GLOBAL_UNIT_ASSIGNED_CONTEXT ( ( #842, #25, #9927 ) ) REPRESENTATION_CONTEXT ( 'NONE', 'WORKASPACE' ) );
#982 = TOROIDAL_SURFACE ( 'NONE', #7064, 0.7000000000000002887, 0.1499999999999999667 ) ;
#983 = CARTESIAN_POINT ( 'NONE',  ( 0.1184392863008301849, 0.2321813630968884434, -0.9999999999999995559 ) ) ;
#984 = CARTESIAN_POINT ( 'NONE',  ( -0.2233830370538947008, 0.05844406325176196293, -1.000000000000000444 ) ) ;
#985 = MECHANICAL_DESIGN_GEOMETRIC_PRESENTATION_REPRESENTATION (  '', ( #10313 ), #3776 ) ;
#986 = COLOUR_RGB ( '',0.9882352941176471006, 0.7372549019607843590, 0.5176470588235293491 ) ;
#987 = VERTEX_POINT ( 'NONE', #5022 ) ;
#988 = CARTESIAN_POINT ( 'NONE',  ( -0.3499999999999995337, -2.050000000000000711, -2.000000000000000000 ) ) ;
#989 = PLANE ( 'NONE',  #8462 ) ;
#990 = EDGE_CURVE ( 'NONE', #5307, #918, #5927, .T. ) ;
#991 = CARTESIAN_POINT ( 'NONE',  ( 0.1155791591247297828, 0.02919067752311752667, -0.9899999999999997691 ) ) ;
#992 = UNCERTAINTY_MEASURE_WITH_UNIT (LENGTH_MEASURE( 1.000000000000000082E-05 ), #4084, 'distance_accuracy_value', 'NONE');
#993 = DIRECTION ( 'NONE',  ( 0.0000000000000000000, -1.000000000000000000, 0.0000000000000000000 ) ) ;
#994 = AXIS2_PLACEMENT_3D ( 'NONE', #1087, #4416, #7723 ) ;
#995 = VECTOR ( 'NONE', #5224, 1000.000000000000000 ) ;
#996 =( NAMED_UNIT ( * ) PLANE_ANGLE_UNIT ( ) SI_UNIT ( $, .RADIAN. ) );
#997 = SURFACE_SIDE_STYLE ('',( #8444 ) ) ;
#998 = DIRECTION ( 'NONE',  ( -1.000000000000000000, 2.168404344971008868E-16, -0.0000000000000000000 ) ) ;
#999 = FILL_AREA_STYLE_COLOUR ( '', #4817 ) ;
#1000 = VERTEX_POINT ( 'NONE', #5115 ) ;
#1001 = DIRECTION ( 'NONE',  ( -0.0000000000000000000, -0.0000000000000000000, -1.000000000000000000 ) ) ;
#1002 =( GEOMETRIC_REPRESENTATION_CONTEXT ( 3 ) GLOBAL_UNCERTAINTY_ASSIGNED_CONTEXT ( ( #1426 ) ) GLOBAL_UNIT_ASSIGNED_CONTEXT ( ( #9828, #9017, #8224 ) ) REPRESENTATION_CONTEXT ( 'NONE', 'WORKASPACE' ) );
#1003 = DIRECTION ( 'NONE',  ( -1.000000000000000000, 1.239088197126291063E-16, 0.0000000000000000000 ) ) ;
#1004 = COLOUR_RGB ( '',0.2509803921568627416, 0.2509803921568627416, 0.2509803921568627416 ) ;
#1005 = STYLED_ITEM ( 'NONE', ( #1074 ), #5477 ) ;
#1006 = SURFACE_SIDE_STYLE ('',( #8452 ) ) ;
#1007 = UNCERTAINTY_MEASURE_WITH_UNIT (LENGTH_MEASURE( 1.000000000000000082E-05 ), #10075, 'distance_accuracy_value', 'NONE');
#1008 = FILL_AREA_STYLE_COLOUR ( '', #9599 ) ;
#1009 = ORIENTED_EDGE ( 'NONE', *, *, #3248, .T. ) ;
#1010 = ORIENTED_EDGE ( 'NONE', *, *, #1370, .F. ) ;
#1011 =( LENGTH_UNIT ( ) NAMED_UNIT ( * ) SI_UNIT ( .MILLI., .METRE. ) );
#1012 = LINE ( 'NONE', #4319, #8946 ) ;
#1013 = COLOUR_RGB ( '',0.2509803921568627416, 0.2509803921568627416, 0.2509803921568627416 ) ;
#1014 = SURFACE_STYLE_FILL_AREA ( #8460 ) ;
#1015 = CARTESIAN_POINT ( 'NONE',  ( -0.2959742897593317101, 0.1375414818799054750, -1.000000000000000000 ) ) ;
#1016 = CARTESIAN_POINT ( 'NONE',  ( -3.682907857171537014, -1.500000000000000222, -3.000000000000000000 ) ) ;
#1017 = FACE_OUTER_BOUND ( 'NONE', #367, .T. ) ;
#1018 = DIRECTION ( 'NONE',  ( -1.000000000000000000, 2.409338161078899674E-16, 0.0000000000000000000 ) ) ;
#1019 = CARTESIAN_POINT ( 'NONE',  ( -0.1914047330941841540, 0.2094496251510745422, -0.9899999999999999911 ) ) ;
#1020 = EDGE_CURVE ( 'NONE', #4492, #8998, #2454, .T. ) ;
#1021 = ORIENTED_EDGE ( 'NONE', *, *, #3290, .F. ) ;
#1022 = FILL_AREA_STYLE ('',( #8472 ) ) ;
#1023 = EDGE_CURVE ( 'NONE', #9595, #5202, #1588, .T. ) ;
#1024 = CARTESIAN_POINT ( 'NONE',  ( -0.1350785135819890237, 0.03140084466326965168, -0.9899999999999999911 ) ) ;
#1025 = SURFACE_SIDE_STYLE ('',( #8473 ) ) ;
#1026 = ORIENTED_EDGE ( 'NONE', *, *, #110, .F. ) ;
#1027 = CARTESIAN_POINT ( 'NONE',  ( -0.2586814763269094652, 0.2112307408003112064, -0.9900000000000002132 ) ) ;
#1028 = CARTESIAN_POINT ( 'NONE',  ( 0.1720744804960721852, 0.1206314832239044343, -1.000000000000000222 ) ) ;
#1029 = LINE ( 'NONE', #4338, #5998 ) ;
#1030 = EDGE_LOOP ( 'NONE', ( #546, #7036, #7748, #9825 ) ) ;
#1031 = FILL_AREA_STYLE_COLOUR ( '', #1004 ) ;
#1032 = ORIENTED_EDGE ( 'NONE', *, *, #5926, .T. ) ;
#1033 = SURFACE_STYLE_USAGE ( .BOTH. , #8484 ) ;
#1034 = ADVANCED_FACE ( 'NONE', ( #6791 ), #1577, .T. ) ;
#1035 = CARTESIAN_POINT ( 'NONE',  ( -1.249999999999999556, 2.050000000000000711, -2.000000000000000000 ) ) ;
#1036 = B_SPLINE_CURVE_WITH_KNOTS ( 'NONE', 3,
 ( #5920, #9205, #1785, #5104, #8431, #984, #4300, #7603, #165, #3479, #6783, #10055, #2652, #5976, #9276, #1850, #5166, #8488, #1038 ),
 .UNSPECIFIED., .F., .F.,
 ( 4, 1, 1, 1, 1, 1, 1, 1, 1, 1, 1, 1, 1, 1, 1, 1, 4 ),
 ( 0.0000000000000000000, 0.07082657255516341954, 0.1381690332798000131, 0.2024753315338422566, 0.2639737544135198899, 0.3233803205980371187, 0.3817976227131855138, 0.4393900745193891066, 0.4969027245459974873, 0.5546621696093702036, 0.6127418784921975226, 0.6715388363911724001, 0.7316557220901982461, 0.7942978116139532974, 0.8594822049793585661, 0.9276813254527901398, 1.000000000000000000 ),
 .UNSPECIFIED. ) ;
#1037 = DIRECTION ( 'NONE',  ( -1.204669080539449590E-16, -1.000000000000000000, 0.0000000000000000000 ) ) ;
#1038 = CARTESIAN_POINT ( 'NONE',  ( -0.2692248550454036105, 0.1333444422242452687, -1.000000000000000000 ) ) ;
#1039 = ORIENTED_EDGE ( 'NONE', *, *, #10652, .F. ) ;
#1040 = CARTESIAN_POINT ( 'NONE',  ( 1.649999999999998357, -3.000000000000000444, -1.000000000000000000 ) ) ;
#1041 = ADVANCED_FACE ( 'NONE', ( #10062 ), #7671, .T. ) ;
#1042 = SURFACE_STYLE_FILL_AREA ( #8494 ) ;
#1043 = EDGE_CURVE ( 'NONE', #3800, #6590, #4541, .T. ) ;
#1044 = TOROIDAL_SURFACE ( 'NONE', #5734, 0.7000000000000002887, 0.1499999999999999667 ) ;
#1045 = VERTEX_POINT ( 'NONE', #2938 ) ;
#1046 = CARTESIAN_POINT ( 'NONE',  ( 0.1460284743902831583, 0.1948520724132572768, -0.9899999999999995470 ) ) ;
#1047 = FILL_AREA_STYLE_COLOUR ( '', #2475 ) ;
#1048 = ORIENTED_EDGE ( 'NONE', *, *, #1020, .T. ) ;
#1049 = COLOUR_RGB ( '',0.7529411764705882248, 0.7529411764705882248, 0.7529411764705882248 ) ;
#1050 = ORIENTED_EDGE ( 'NONE', *, *, #4050, .F. ) ;
#1051 = LINE ( 'NONE', #4368, #2655 ) ;
#1052 = FACE_OUTER_BOUND ( 'NONE', #6285, .T. ) ;
#1053 = SURFACE_STYLE_FILL_AREA ( #8504 ) ;
#1054 = EDGE_CURVE ( 'NONE', #6030, #4341, #6269, .T. ) ;
#1055 =( NAMED_UNIT ( * ) PLANE_ANGLE_UNIT ( ) SI_UNIT ( $, .RADIAN. ) );
#1056 = CARTESIAN_POINT ( 'NONE',  ( -0.01556631846003775181, 0.05335206417546477231, -1.000000000000000000 ) ) ;
#1057 = CARTESIAN_POINT ( 'NONE',  ( -3.550000000000000711, -2.250000000000000444, -3.500000000000000000 ) ) ;
#1058 = CARTESIAN_POINT ( 'NONE',  ( 0.1129130463856885813, 0.2105941417218607503, -0.9899999999999999911 ) ) ;
#1059 = FILL_AREA_STYLE_COLOUR ( '', #4596 ) ;
#1060 =( LENGTH_UNIT ( ) NAMED_UNIT ( * ) SI_UNIT ( .MILLI., .METRE. ) );
#1061 = ORIENTED_EDGE ( 'NONE', *, *, #5290, .T. ) ;
#1062 = DIRECTION ( 'NONE',  ( -0.0000000000000000000, -0.0000000000000000000, -1.000000000000000000 ) ) ;
#1063 =( NAMED_UNIT ( * ) SI_UNIT ( $, .STERADIAN. ) SOLID_ANGLE_UNIT ( ) );
#1064 = SURFACE_STYLE_USAGE ( .BOTH. , #8513 ) ;
#1065 = VERTEX_POINT ( 'NONE', #5442 ) ;
#1066 = DIRECTION ( 'NONE',  ( -1.000000000000000000, 1.239088197126291063E-16, 0.0000000000000000000 ) ) ;
#1067 = CARTESIAN_POINT ( 'NONE',  ( 0.1528384522181697736, 0.07199908547219185939, -0.9899999999999999911 ) ) ;
#1068 = ORIENTED_EDGE ( 'NONE', *, *, #6927, .F. ) ;
#1069 = FILL_AREA_STYLE_COLOUR ( '', #3002 ) ;
#1070 = AXIS2_PLACEMENT_3D ( 'NONE', #7613, #174, #3488 ) ;
#1071 = ORIENTED_EDGE ( 'NONE', *, *, #8017, .F. ) ;
#1072 = CARTESIAN_POINT ( 'NONE',  ( 0.3185800230033769553, 0.03140084466326965168, -0.9899999999999999911 ) ) ;
#1073 = CLOSED_SHELL ( 'NONE', ( #6462, #7105, #9300, #6220, #3656, #10410 ) ) ;
#1074 = PRESENTATION_STYLE_ASSIGNMENT (( #8525 ) ) ;
#1075 = EDGE_LOOP ( 'NONE', ( #3689, #3832, #7595, #5714 ) ) ;
#1076 = DIRECTION ( 'NONE',  ( 1.000000000000000000, -2.168404344971008868E-16, -0.0000000000000000000 ) ) ;
#1077 = DIRECTION ( 'NONE',  ( -1.517445394471977106E-32, 1.224646799147353207E-16, -1.000000000000000000 ) ) ;
#1078 = SURFACE_STYLE_FILL_AREA ( #8530 ) ;
#1079 = ADVANCED_FACE ( 'NONE', ( #8755 ), #1044, .T. ) ;
#1080 = STYLED_ITEM ( 'NONE', ( #4908 ), #909 ) ;
#1081 = UNCERTAINTY_MEASURE_WITH_UNIT (LENGTH_MEASURE( 1.000000000000000082E-05 ), #3897, 'distance_accuracy_value', 'NONE');
#1082 = B_SPLINE_SURFACE_WITH_KNOTS ( 'NONE', 3, 1, ( 
 ( #99, #9259 ),
 ( #1835, #5152 ),
 ( #8478, #1028 ),
 ( #4337, #7642 ),
 ( #199, #3516 ),
 ( #6822, #10101 ),
 ( #2700, #6028 ),
 ( #9314, #1888 ),
 ( #5204, #8517 ),
 ( #1067, #4386 ),
 ( #7691, #257 ),
 ( #3583, #6892 ),
 ( #10160, #2753 ),
 ( #6078, #9360 ),
 ( #1932, #5252 ),
 ( #8570, #1130 ),
 ( #4455, #7760 ),
 ( #317, #3640 ),
 ( #6940, #10208 ) ),
 .UNSPECIFIED., .F., .F., .F.,
 ( 4, 1, 1, 1, 1, 1, 1, 1, 1, 1, 1, 1, 1, 1, 1, 1, 4 ),
 ( 2, 2 ),
 ( 0.0000000000000000000, 0.07377411937406359865, 0.1440791147260413463, 0.2113485183089115205, 0.2760768857398839260, 0.3385209158196767487, 0.3998851166931336465, 0.4602540674652130792, 0.5205889643912479103, 0.5802076845630441682, 0.6386329085525458416, 0.6963645494905239541, 0.7540017746600128357, 0.8128056813744980458, 0.8727544255255603733, 0.9351819969782670938, 1.000000000000000000 ),
 ( 0.0000000000000000000, 1.000000000000000000 ),
 .UNSPECIFIED. ) ;
#1083 =( GEOMETRIC_REPRESENTATION_CONTEXT ( 3 ) GLOBAL_UNCERTAINTY_ASSIGNED_CONTEXT ( ( #3701 ) ) GLOBAL_UNIT_ASSIGNED_CONTEXT ( ( #4988, #4168, #3494 ) ) REPRESENTATION_CONTEXT ( 'NONE', 'WORKASPACE' ) );
#1084 = PRESENTATION_STYLE_ASSIGNMENT (( #8534 ) ) ;
#1085 = CARTESIAN_POINT ( 'NONE',  ( 0.2500000000000004441, -1.500000000000000444, -2.000000000000000000 ) ) ;
#1086 = PLANE ( 'NONE',  #1857 ) ;
#1087 = CARTESIAN_POINT ( 'NONE',  ( 0.8500000000000003109, -1.500000000000000444, -2.000000000000000000 ) ) ;
#1088 = DIRECTION ( 'NONE',  ( 0.0000000000000000000, -1.000000000000000000, 0.0000000000000000000 ) ) ;
#1089 = EDGE_CURVE ( 'NONE', #8696, #7416, #2061, .T. ) ;
#1090 = EDGE_LOOP ( 'NONE', ( #4398, #2977, #10529, #600 ) ) ;
#1091 = CIRCLE ( 'NONE', #7181, 0.5500000000000001554 ) ;
#1092 = CARTESIAN_POINT ( 'NONE',  ( -1.649999999999999467, 2.999999999999998668, -1.000000000000000000 ) ) ;
#1093 = TOROIDAL_SURFACE ( 'NONE', #7183, 0.7000000000000002887, 0.1499999999999999667 ) ;
#1094 = MECHANICAL_DESIGN_GEOMETRIC_PRESENTATION_REPRESENTATION (  '', ( #10429 ), #3884 ) ;
#1095 = UNCERTAINTY_MEASURE_WITH_UNIT (LENGTH_MEASURE( 1.000000000000000082E-05 ), #7485, 'distance_accuracy_value', 'NONE');
#1096 = FILL_AREA_STYLE_COLOUR ( '', #1121 ) ;
#1097 = ORIENTED_EDGE ( 'NONE', *, *, #7894, .T. ) ;
#1098 = ORIENTED_EDGE ( 'NONE', *, *, #6276, .T. ) ;
#1099 = SURFACE_SIDE_STYLE ('',( #8543 ) ) ;
#1100 = EDGE_CURVE ( 'NONE', #8818, #5154, #2397, .T. ) ;
#1101 =( NAMED_UNIT ( * ) PLANE_ANGLE_UNIT ( ) SI_UNIT ( $, .RADIAN. ) );
#1102 = CARTESIAN_POINT ( 'NONE',  ( 1.450000000000000178, 0.8000000000000001554, -2.000000000000000000 ) ) ;
#1103 = UNCERTAINTY_MEASURE_WITH_UNIT (LENGTH_MEASURE( 1.000000000000000082E-05 ), #1060, 'distance_accuracy_value', 'NONE');
#1104 = CARTESIAN_POINT ( 'NONE',  ( 3.549999999999999378, 2.249999999999998668, -3.500000000000000000 ) ) ;
#1105 = CARTESIAN_POINT ( 'NONE',  ( 3.549999999999999378, 2.249999999999998668, -3.000000000000000000 ) ) ;
#1106 = STYLED_ITEM ( 'NONE', ( #10702 ), #7679 ) ;
#1107 = COLOUR_RGB ( '',0.9882352941176471006, 0.7372549019607843590, 0.5176470588235293491 ) ;
#1108 = AXIS2_PLACEMENT_3D ( 'NONE', #7103, #10364, #2954 ) ;
#1109 = ORIENTED_EDGE ( 'NONE', *, *, #10265, .T. ) ;
#1110 = CARTESIAN_POINT ( 'NONE',  ( 0.2917507547106939492, 0.05335206417546477231, -0.9899999999999999911 ) ) ;
#1111 = MECHANICAL_DESIGN_GEOMETRIC_PRESENTATION_REPRESENTATION (  '', ( #10442 ), #3899 ) ;
#1112 =( NAMED_UNIT ( * ) PLANE_ANGLE_UNIT ( ) SI_UNIT ( $, .RADIAN. ) );
#1113 = CARTESIAN_POINT ( 'NONE',  ( 0.05028734007654758753, 0.04176669832180623931, -0.9899999999999999911 ) ) ;
#1114 = CARTESIAN_POINT ( 'NONE',  ( 0.1514293696902025421, 0.1896138649624361516, -1.000000000000000444 ) ) ;
#1115 = B_SPLINE_CURVE_WITH_KNOTS ( 'NONE', 2,
 ( #1104, #4434, #7737 ),
 .UNSPECIFIED., .F., .F.,
 ( 3, 3 ),
 ( 0.0000000000000000000, 1.000000000000000000 ),
 .UNSPECIFIED. ) ;
#1116 =( GEOMETRIC_REPRESENTATION_CONTEXT ( 3 ) GLOBAL_UNCERTAINTY_ASSIGNED_CONTEXT ( ( #2177 ) ) GLOBAL_UNIT_ASSIGNED_CONTEXT ( ( #9165, #8369, #7554 ) ) REPRESENTATION_CONTEXT ( 'NONE', 'WORKASPACE' ) );
#1117 = CARTESIAN_POINT ( 'NONE',  ( -0.2690319045723272295, 0.1423631949932201712, -0.9900000000000004352 ) ) ;
#1118 = MECHANICAL_DESIGN_GEOMETRIC_PRESENTATION_REPRESENTATION (  '', ( #10444 ), #3903 ) ;
#1119 = MECHANICAL_DESIGN_GEOMETRIC_PRESENTATION_REPRESENTATION (  '', ( #10445 ), #3904 ) ;
#1120 = EDGE_CURVE ( 'NONE', #9020, #4902, #1575, .T. ) ;
#1121 = COLOUR_RGB ( '',0.7529411764705882248, 0.7529411764705882248, 0.7529411764705882248 ) ;
#1122 = ORIENTED_EDGE ( 'NONE', *, *, #8498, .F. ) ;
#1123 = CARTESIAN_POINT ( 'NONE',  ( 0.09712423032045001958, 0.2118886495413184468, -0.9899999999999999911 ) ) ;
#1124 = SURFACE_STYLE_FILL_AREA ( #8564 ) ;
#1125 = AXIS2_PLACEMENT_3D ( 'NONE', #8669, #1222, #4547 ) ;
#1126 = VECTOR ( 'NONE', #1733, 1000.000000000000000 ) ;
#1127 = ORIENTED_EDGE ( 'NONE', *, *, #4739, .T. ) ;
#1128 = AXIS2_PLACEMENT_3D ( 'NONE', #2113, #543, #3863 ) ;
#1129 = STYLED_ITEM ( 'NONE', ( #4466 ), #4318 ) ;
#1130 = CARTESIAN_POINT ( 'NONE',  ( 0.1165989129238866329, 0.05211877037523910544, -1.000000000000000000 ) ) ;
#1131 = STYLED_ITEM ( 'NONE', ( #2566 ), #7300 ) ;
#1132 = DIRECTION ( 'NONE',  ( -0.3222024856061125875, 0.9466707760722534726, 0.0000000000000000000 ) ) ;
#1133 = ORIENTED_EDGE ( 'NONE', *, *, #1808, .F. ) ;
#1134 = DIRECTION ( 'NONE',  ( 1.000000000000000000, -0.0000000000000000000, -0.0000000000000000000 ) ) ;
#1135 = ORIENTED_EDGE ( 'NONE', *, *, #3321, .T. ) ;
#1136 = SURFACE_STYLE_FILL_AREA ( #8578 ) ;
#1137 = PRESENTATION_LAYER_ASSIGNMENT (  '', '', ( #7217 ) ) ;
#1138 = SURFACE_STYLE_USAGE ( .BOTH. , #8579 ) ;
#1139 = VECTOR ( 'NONE', #5858, 1000.000000000000000 ) ;
#1140 = FACE_OUTER_BOUND ( 'NONE', #5658, .T. ) ;
#1141 = SURFACE_SIDE_STYLE ('',( #8581 ) ) ;
#1142 = CIRCLE ( 'NONE', #5834, 0.8500000000000003109 ) ;
#1143 = CARTESIAN_POINT ( 'NONE',  ( 3.549999999999999378, 2.249999999999998668, -3.000000000000000000 ) ) ;
#1144 = CARTESIAN_POINT ( 'NONE',  ( 0.1989807231903930884, 0.1315190810315705339, -0.9999999999999997780 ) ) ;
#1145 = ORIENTED_EDGE ( 'NONE', *, *, #1360, .F. ) ;
#1146 = DIRECTION ( 'NONE',  ( -1.517445394471977106E-32, -1.224646799147353207E-16, 1.000000000000000000 ) ) ;
#1147 = PLANE ( 'NONE',  #1492 ) ;
#1148 = AXIS2_PLACEMENT_3D ( 'NONE', #7590, #153, #3467 ) ;
#1149 =( GEOMETRIC_REPRESENTATION_CONTEXT ( 3 ) GLOBAL_UNCERTAINTY_ASSIGNED_CONTEXT ( ( #4489 ) ) GLOBAL_UNIT_ASSIGNED_CONTEXT ( ( #8131, #7307, #6493 ) ) REPRESENTATION_CONTEXT ( 'NONE', 'WORKASPACE' ) );
#1150 = DIRECTION ( 'NONE',  ( -1.000000000000000000, -1.239088197126291063E-16, 0.0000000000000000000 ) ) ;
#1151 = VECTOR ( 'NONE', #10238, 1000.000000000000000 ) ;
#1152 = MECHANICAL_DESIGN_GEOMETRIC_PRESENTATION_REPRESENTATION (  '', ( #10482 ), #3938 ) ;
#1153 = EDGE_CURVE ( 'NONE', #8385, #6489, #5391, .T. ) ;
#1154 = PRESENTATION_LAYER_ASSIGNMENT (  '', '', ( #5844 ) ) ;
#1155 = STYLED_ITEM ( 'NONE', ( #9297 ), #4773 ) ;
#1156 = CARTESIAN_POINT ( 'NONE',  ( 0.2917507547106939492, 0.05335206417546477231, -0.9899999999999999911 ) ) ;
#1157 =( GEOMETRIC_REPRESENTATION_CONTEXT ( 3 ) GLOBAL_UNCERTAINTY_ASSIGNED_CONTEXT ( ( #5116 ) ) GLOBAL_UNIT_ASSIGNED_CONTEXT ( ( #1276, #468, #10367 ) ) REPRESENTATION_CONTEXT ( 'NONE', 'WORKASPACE' ) );
#1158 = PRESENTATION_STYLE_ASSIGNMENT (( #8603 ) ) ;
#1159 = DIRECTION ( 'NONE',  ( -9.856383386231851432E-17, -1.000000000000000000, 0.0000000000000000000 ) ) ;
#1160 = EDGE_LOOP ( 'NONE', ( #2498, #2346, #8021, #4361 ) ) ;
#1161 = TOROIDAL_SURFACE ( 'NONE', #7242, 0.7000000000000002887, 0.1499999999999999667 ) ;
#1162 = SURFACE_SIDE_STYLE ('',( #8607 ) ) ;
#1163 = MECHANICAL_DESIGN_GEOMETRIC_PRESENTATION_REPRESENTATION (  '', ( #10494 ), #3945 ) ;
#1164 = ORIENTED_EDGE ( 'NONE', *, *, #3082, .T. ) ;
#1165 = EDGE_LOOP ( 'NONE', ( #392, #1122, #6548, #7357 ) ) ;
#1166 = LINE ( 'NONE', #4495, #7232 ) ;
#1167 = CARTESIAN_POINT ( 'NONE',  ( -0.6499999999999996891, -0.8000000000000001554, -2.000000000000000000 ) ) ;
#1168 = EDGE_CURVE ( 'NONE', #10542, #5780, #691, .T. ) ;
#1169 = MECHANICAL_DESIGN_GEOMETRIC_PRESENTATION_REPRESENTATION (  '', ( #10498 ), #3953 ) ;
#1170 = CARTESIAN_POINT ( 'NONE',  ( -1.750000000000000000, 1.500000000000000000, -2.000000000000000000 ) ) ;
#1171 = LINE ( 'NONE', #4499, #111 ) ;
#1172 = FILL_AREA_STYLE ('',( #8621 ) ) ;
#1173 = CARTESIAN_POINT ( 'NONE',  ( 0.1720344185326924402, 0.1383716636180050696, -0.9899999999999999911 ) ) ;
#1174 = CARTESIAN_POINT ( 'NONE',  ( -0.4416715013868670603, 0.08749840563887940903, -0.9899999999999999911 ) ) ;
#1175 =( GEOMETRIC_REPRESENTATION_CONTEXT ( 3 ) GLOBAL_UNCERTAINTY_ASSIGNED_CONTEXT ( ( #10517 ) ) GLOBAL_UNIT_ASSIGNED_CONTEXT ( ( #6966, #6162, #5350 ) ) REPRESENTATION_CONTEXT ( 'NONE', 'WORKASPACE' ) );
#1176 = CARTESIAN_POINT ( 'NONE',  ( -0.2529105768051770342, 0.1853948579839835575, -0.9999999999999991118 ) ) ;
#1177 = CIRCLE ( 'NONE', #7256, 0.1499999999999999667 ) ;
#1178 = ORIENTED_EDGE ( 'NONE', *, *, #8563, .F. ) ;
#1179 = CARTESIAN_POINT ( 'NONE',  ( 1.150000000000000133, -1.500000000000000444, -2.000000000000000000 ) ) ;
#1180 = FILL_AREA_STYLE ('',( #8628 ) ) ;
#1181 =( NAMED_UNIT ( * ) PLANE_ANGLE_UNIT ( ) SI_UNIT ( $, .RADIAN. ) );
#1182 = DIRECTION ( 'NONE',  ( 1.000000000000000000, -1.204669080539449590E-16, 0.0000000000000000000 ) ) ;
#1183 = ORIENTED_EDGE ( 'NONE', *, *, #2957, .F. ) ;
#1184 = CARTESIAN_POINT ( 'NONE',  ( -0.2023978482999948258, 0.2311583665304470514, -1.000000000000000000 ) ) ;
#1185 = UNCERTAINTY_MEASURE_WITH_UNIT (LENGTH_MEASURE( 1.000000000000000082E-05 ), #616, 'distance_accuracy_value', 'NONE');
#1186 = EDGE_CURVE ( 'NONE', #7591, #61, #2603, .T. ) ;
#1187 = DIRECTION ( 'NONE',  ( 1.232047923278981953E-16, -1.000000000000000000, 0.0000000000000000000 ) ) ;
#1188 = CARTESIAN_POINT ( 'NONE',  ( 0.3185800230033769553, 0.2314008446632696836, -0.9899999999999999911 ) ) ;
#1189 = CARTESIAN_POINT ( 'NONE',  ( 1.749999999999999778, 2.249999999999999112, -3.500000000000000000 ) ) ;
#1190 = DIRECTION ( 'NONE',  ( 0.0000000000000000000, -1.000000000000000000, 0.0000000000000000000 ) ) ;
#1191 = VERTEX_POINT ( 'NONE', #9050 ) ;
#1192 = CARTESIAN_POINT ( 'NONE',  ( 0.1670335357836532642, 0.04961581651151950045, -1.000000000000000000 ) ) ;
#1193 =( NAMED_UNIT ( * ) PLANE_ANGLE_UNIT ( ) SI_UNIT ( $, .RADIAN. ) );
#1194 =( LENGTH_UNIT ( ) NAMED_UNIT ( * ) SI_UNIT ( .MILLI., .METRE. ) );
#1195 = CARTESIAN_POINT ( 'NONE',  ( 0.1283297090570267862, 0.2299065827993552746, -1.000000000000000444 ) ) ;
#1196 = ORIENTED_EDGE ( 'NONE', *, *, #4021, .T. ) ;
#1197 = EDGE_CURVE ( 'NONE', #10395, #3518, #6766, .T. ) ;
#1198 = CARTESIAN_POINT ( 'NONE',  ( -1.750000000000000444, 0.7499999999999993339, -3.000000000000000000 ) ) ;
#1199 = FILL_AREA_STYLE_COLOUR ( '', #3714 ) ;
#1200 = UNCERTAINTY_MEASURE_WITH_UNIT (LENGTH_MEASURE( 1.000000000000000082E-05 ), #7223, 'distance_accuracy_value', 'NONE');
#1201 = CARTESIAN_POINT ( 'NONE',  ( 0.01126294983264515548, 0.2314008446632696836, -0.9899999999999999911 ) ) ;
#1202 =( LENGTH_UNIT ( ) NAMED_UNIT ( * ) SI_UNIT ( .MILLI., .METRE. ) );
#1203 = CARTESIAN_POINT ( 'NONE',  ( 3.549999999999999378, 0.7499999999999986677, -3.500000000000000000 ) ) ;
#1204 = UNCERTAINTY_MEASURE_WITH_UNIT (LENGTH_MEASURE( 1.000000000000000082E-05 ), #10580, 'distance_accuracy_value', 'NONE');
#1205 = CARTESIAN_POINT ( 'NONE',  ( -1.549999999999999600, -2.200000000000000622, -2.000000000000000000 ) ) ;
#1206 = CARTESIAN_POINT ( 'NONE',  ( -0.4002730788422114161, 0.2026362220355440724, -0.9900000000000004352 ) ) ;
#1207 = DIRECTION ( 'NONE',  ( 2.168404344971008868E-16, 1.000000000000000000, 0.0000000000000000000 ) ) ;
#1208 = ORIENTED_EDGE ( 'NONE', *, *, #6746, .T. ) ;
#1209 = UNCERTAINTY_MEASURE_WITH_UNIT (LENGTH_MEASURE( 1.000000000000000082E-05 ), #7795, 'distance_accuracy_value', 'NONE');
#1210 = CARTESIAN_POINT ( 'NONE',  ( -0.09605412333808657777, 0.05335206417546477231, -0.9899999999999999911 ) ) ;
#1211 = ORIENTED_EDGE ( 'NONE', *, *, #969, .F. ) ;
#1212 = EDGE_LOOP ( 'NONE', ( #9093, #10207, #551, #7766 ) ) ;
#1213 = SURFACE_STYLE_USAGE ( .BOTH. , #8663 ) ;
#1214 = SURFACE_STYLE_USAGE ( .BOTH. , #8664 ) ;
#1215 = CIRCLE ( 'NONE', #10547, 0.1499999999999999667 ) ;
#1216 = SURFACE_STYLE_USAGE ( .BOTH. , #8666 ) ;
#1217 = UNCERTAINTY_MEASURE_WITH_UNIT (LENGTH_MEASURE( 1.000000000000000082E-05 ), #5581, 'distance_accuracy_value', 'NONE');
#1218 = CARTESIAN_POINT ( 'NONE',  ( -0.3956349160210134719, 0.1929862105169281861, -0.9899999999999999911 ) ) ;
#1219 = DIRECTION ( 'NONE',  ( -1.000000000000000000, 1.445602896647339410E-16, 0.0000000000000000000 ) ) ;
#1220 =( LENGTH_UNIT ( ) NAMED_UNIT ( * ) SI_UNIT ( .MILLI., .METRE. ) );
#1221 =( NAMED_UNIT ( * ) SI_UNIT ( $, .STERADIAN. ) SOLID_ANGLE_UNIT ( ) );
#1222 = DIRECTION ( 'NONE',  ( -1.000000000000000000, 1.239088197126291063E-16, 0.0000000000000000000 ) ) ;
#1223 = ADVANCED_FACE ( 'NONE', ( #821 ), #4141, .T. ) ;
#1224 = SURFACE_STYLE_USAGE ( .BOTH. , #8670 ) ;
#1225 = CARTESIAN_POINT ( 'NONE',  ( -0.2079418916033849429, 0.2083858240298902542, -0.9899999999999999911 ) ) ;
#1226 = EDGE_LOOP ( 'NONE', ( #150, #7057, #2343, #10332, #3057, #5206 ) ) ;
#1227 = DIRECTION ( 'NONE',  ( 0.0000000000000000000, 0.0000000000000000000, 1.000000000000000000 ) ) ;
#1228 = FILL_AREA_STYLE_COLOUR ( '', #443 ) ;
#1229 =( NAMED_UNIT ( * ) SI_UNIT ( $, .STERADIAN. ) SOLID_ANGLE_UNIT ( ) );
#1230 = FILL_AREA_STYLE_COLOUR ( '', #5953 ) ;
#1231 = CARTESIAN_POINT ( 'NONE',  ( -0.4002730788422114161, 0.2026362220355440724, -0.9900000000000004352 ) ) ;
#1232 = CARTESIAN_POINT ( 'NONE',  ( -1.249999999999999556, 1.500000000000000444, -2.000000000000000000 ) ) ;
#1233 = ORIENTED_EDGE ( 'NONE', *, *, #2492, .T. ) ;
#1234 = CARTESIAN_POINT ( 'NONE',  ( -0.2663390988204573095, 0.2050542671435358622, -0.9899999999999999911 ) ) ;
#1235 = CARTESIAN_POINT ( 'NONE',  ( -0.6499999999999994671, -2.200000000000000622, -2.000000000000000000 ) ) ;
#1236 = EDGE_CURVE ( 'NONE', #1415, #3274, #1215, .T. ) ;
#1237 = LINE ( 'NONE', #4563, #2245 ) ;
#1238 = ORIENTED_EDGE ( 'NONE', *, *, #2492, .F. ) ;
#1239 = PRESENTATION_STYLE_ASSIGNMENT (( #8688 ) ) ;
#1240 = CARTESIAN_POINT ( 'NONE',  ( 0.1976151658377524045, 0.1065642319617417372, -0.9899999999999997691 ) ) ;
#1241 =( NAMED_UNIT ( * ) PLANE_ANGLE_UNIT ( ) SI_UNIT ( $, .RADIAN. ) );
#1242 = LINE ( 'NONE', #4568, #6854 ) ;
#1243 = ADVANCED_FACE ( 'NONE', ( #5826 ), #9115, .F. ) ;
#1244 = CARTESIAN_POINT ( 'NONE',  ( 3.500000000000000444, 2.999999999999999556, -0.5000000000000000000 ) ) ;
#1245 = LINE ( 'NONE', #4570, #7422 ) ;
#1246 = FACE_OUTER_BOUND ( 'NONE', #8763, .T. ) ;
#1247 = ORIENTED_EDGE ( 'NONE', *, *, #6432, .T. ) ;
#1248 = DIRECTION ( 'NONE',  ( 1.000000000000000000, -2.168404344971008868E-16, -0.0000000000000000000 ) ) ;
#1249 = CARTESIAN_POINT ( 'NONE',  ( 0.09735288885703542727, 0.2338398690535135604, -0.9899999999999999911 ) ) ;
#1250 = B_SPLINE_CURVE_WITH_KNOTS ( 'NONE', 3,
 ( #4511, #7805, #358, #3680, #6985, #10254, #2859, #6191, #9482, #2044, #5369 ),
 .UNSPECIFIED., .F., .F.,
 ( 4, 1, 1, 1, 1, 1, 1, 1, 4 ),
 ( 0.0000000000000000000, 0.1352946047634290549, 0.2667656579247486004, 0.3948160188358721401, 0.5200516544342453917, 0.6421757029708213826, 0.7626518205584230659, 0.8818340043805021899, 1.000000000000000000 ),
 .UNSPECIFIED. ) ;
#1251 = CARTESIAN_POINT ( 'NONE',  ( 0.07692494879436241606, 0.03173635356228667742, -0.9899999999999999911 ) ) ;
#1252 = COLOUR_RGB ( '',0.9882352941176471006, 0.7372549019607843590, 0.5176470588235293491 ) ;
#1253 = CARTESIAN_POINT ( 'NONE',  ( -0.9499999999999995115, -1.500000000000000444, -2.000000000000000000 ) ) ;
#1254 = CARTESIAN_POINT ( 'NONE',  ( 0.1466763245437497087, 0.2225896789443952140, -0.9899999999999999911 ) ) ;
#1255 = SURFACE_SIDE_STYLE ('',( #8703 ) ) ;
#1256 = PRESENTATION_STYLE_ASSIGNMENT (( #8704 ) ) ;
#1257 = SURFACE_STYLE_FILL_AREA ( #8705 ) ;
#1258 = SURFACE_STYLE_USAGE ( .BOTH. , #8706 ) ;
#1259 = DIRECTION ( 'NONE',  ( -4.910211476549773552E-15, 2.202967291916752340E-13, -1.000000000000000000 ) ) ;
#1260 = ORIENTED_EDGE ( 'NONE', *, *, #9451, .F. ) ;
#1261 = PLANE ( 'NONE',  #3440 ) ;
#1262 =( LENGTH_UNIT ( ) NAMED_UNIT ( * ) SI_UNIT ( .MILLI., .METRE. ) );
#1263 = ORIENTED_EDGE ( 'NONE', *, *, #1100, .F. ) ;
#1264 = ORIENTED_EDGE ( 'NONE', *, *, #5759, .T. ) ;
#1265 = COLOUR_RGB ( '',0.9882352941176471006, 0.7372549019607843590, 0.5176470588235293491 ) ;
#1266 = COLOUR_RGB ( '',0.7921568627450980005, 0.8196078431372548767, 0.9333333333333333481 ) ;
#1267 = SURFACE_STYLE_USAGE ( .BOTH. , #8713 ) ;
#1268 = LINE ( 'NONE', #4606, #5676 ) ;
#1269 = DIRECTION ( 'NONE',  ( -1.239088197126291063E-16, -1.000000000000000000, 0.0000000000000000000 ) ) ;
#1270 = PRESENTATION_LAYER_ASSIGNMENT (  '', '', ( #5951 ) ) ;
#1271 = COLOUR_RGB ( '',0.9882352941176471006, 0.7372549019607843590, 0.5176470588235293491 ) ;
#1272 = STYLED_ITEM ( 'NONE', ( #3811 ), #362 ) ;
#1273 = CARTESIAN_POINT ( 'NONE',  ( -0.4911760745575987630, 0.03140084466326965168, -1.000000000000000000 ) ) ;
#1274 = PLANE ( 'NONE',  #6666 ) ;
#1275 = ORIENTED_EDGE ( 'NONE', *, *, #8999, .F. ) ;
#1276 =( LENGTH_UNIT ( ) NAMED_UNIT ( * ) SI_UNIT ( .MILLI., .METRE. ) );
#1277 = COLOUR_RGB ( '',0.7921568627450980005, 0.8196078431372548767, 0.9333333333333333481 ) ;
#1278 = PRESENTATION_LAYER_ASSIGNMENT (  '', '', ( #5962 ) ) ;
#1279 =( GEOMETRIC_REPRESENTATION_CONTEXT ( 3 ) GLOBAL_UNCERTAINTY_ASSIGNED_CONTEXT ( ( #2919 ) ) GLOBAL_UNIT_ASSIGNED_CONTEXT ( ( #1202, #381, #10289 ) ) REPRESENTATION_CONTEXT ( 'NONE', 'WORKASPACE' ) );
#1280 = MECHANICAL_DESIGN_GEOMETRIC_PRESENTATION_REPRESENTATION (  '', ( #10605 ), #4059 ) ;
#1281 = PRESENTATION_STYLE_ASSIGNMENT (( #8721 ) ) ;
#1282 = FILL_AREA_STYLE_COLOUR ( '', #764 ) ;
#1283 = EDGE_CURVE ( 'NONE', #10366, #2205, #6738, .T. ) ;
#1284 = ORIENTED_EDGE ( 'NONE', *, *, #719, .F. ) ;
#1285 = CARTESIAN_POINT ( 'NONE',  ( -0.2943643955602550655, 0.1549680889484864876, -1.000000000000000222 ) ) ;
#1286 = FILL_AREA_STYLE_COLOUR ( '', #10282 ) ;
#1287 = FILL_AREA_STYLE_COLOUR ( '', #93 ) ;
#1288 = VECTOR ( 'NONE', #3145, 1000.000000000000000 ) ;
#1289 = CARTESIAN_POINT ( 'NONE',  ( 0.5500000000000003775, -0.9500000000000000666, -2.000000000000000000 ) ) ;
#1290 = FILL_AREA_STYLE_COLOUR ( '', #4131 ) ;
#1291 = AXIS2_PLACEMENT_3D ( 'NONE', #7197, #10466, #3063 ) ;
#1292 =( GEOMETRIC_REPRESENTATION_CONTEXT ( 3 ) GLOBAL_UNCERTAINTY_ASSIGNED_CONTEXT ( ( #9410 ) ) GLOBAL_UNIT_ASSIGNED_CONTEXT ( ( #4452, #3638, #2796 ) ) REPRESENTATION_CONTEXT ( 'NONE', 'WORKASPACE' ) );
#1293 =( LENGTH_UNIT ( ) NAMED_UNIT ( * ) SI_UNIT ( .MILLI., .METRE. ) );
#1294 = STYLED_ITEM ( 'NONE', ( #4204 ), #7078 ) ;
#1295 = ORIENTED_EDGE ( 'NONE', *, *, #7278, .F. ) ;
#1296 = FILL_AREA_STYLE ('',( #8733 ) ) ;
#1297 = SURFACE_SIDE_STYLE ('',( #8734 ) ) ;
#1298 = CIRCLE ( 'NONE', #5979, 0.8500000000000000888 ) ;
#1299 = LINE ( 'NONE', #4638, #267 ) ;
#1300 =( LENGTH_UNIT ( ) NAMED_UNIT ( * ) SI_UNIT ( .MILLI., .METRE. ) );
#1301 = STYLED_ITEM ( 'NONE', ( #5497 ), #10147 ) ;
#1302 = EDGE_CURVE ( 'NONE', #2618, #4060, #1036, .T. ) ;
#1303 = VECTOR ( 'NONE', #6923, 1000.000000000000000 ) ;
#1304 = FILL_AREA_STYLE ('',( #8738 ) ) ;
#1305 =( NAMED_UNIT ( * ) PLANE_ANGLE_UNIT ( ) SI_UNIT ( $, .RADIAN. ) );
#1306 = VERTEX_POINT ( 'NONE', #4348 ) ;
#1307 = DIRECTION ( 'NONE',  ( -1.445602896647339163E-16, -1.000000000000000000, 0.0000000000000000000 ) ) ;
#1308 = MECHANICAL_DESIGN_GEOMETRIC_PRESENTATION_REPRESENTATION (  '', ( #2684 ), #9267 ) ;
#1309 = CARTESIAN_POINT ( 'NONE',  ( -0.9499999999999995115, 1.500000000000000444, -2.000000000000000000 ) ) ;
#1310 = ADVANCED_FACE ( 'NONE', ( #7649 ), #9862, .T. ) ;
#1311 = EDGE_LOOP ( 'NONE', ( #1010, #5039, #6986, #3109 ) ) ;
#1312 = PRESENTATION_LAYER_ASSIGNMENT (  '', '', ( #5988 ) ) ;
#1313 = PRESENTATION_LAYER_ASSIGNMENT (  '', '', ( #5990 ) ) ;
#1314 = COLOUR_RGB ( '',0.7921568627450980005, 0.8196078431372548767, 0.9333333333333333481 ) ;
#1315 = MECHANICAL_DESIGN_GEOMETRIC_PRESENTATION_REPRESENTATION (  '', ( #10640 ), #4090 ) ;
#1316 = UNCERTAINTY_MEASURE_WITH_UNIT (LENGTH_MEASURE( 1.000000000000000082E-05 ), #8349, 'distance_accuracy_value', 'NONE');
#1317 = SURFACE_STYLE_USAGE ( .BOTH. , #8749 ) ;
#1318 = SURFACE_STYLE_FILL_AREA ( #8752 ) ;
#1319 = VECTOR ( 'NONE', #8479, 1000.000000000000000 ) ;
#1320 = DIRECTION ( 'NONE',  ( 0.0000000000000000000, -1.000000000000000000, 0.0000000000000000000 ) ) ;
#1321 = CARTESIAN_POINT ( 'NONE',  ( -0.4025708916307694230, 0.1929862105169281861, -1.000000000000000000 ) ) ;
#1322 = VECTOR ( 'NONE', #4066, 1000.000000000000000 ) ;
#1323 = STYLED_ITEM ( 'NONE', ( #2141 ), #4477 ) ;
#1324 = ORIENTED_EDGE ( 'NONE', *, *, #6927, .T. ) ;
#1325 = EDGE_CURVE ( 'NONE', #2810, #703, #2962, .T. ) ;
#1326 = EDGE_CURVE ( 'NONE', #6936, #387, #4918, .T. ) ;
#1327 = ORIENTED_EDGE ( 'NONE', *, *, #10400, .F. ) ;
#1328 = PRESENTATION_LAYER_ASSIGNMENT (  '', '', ( #7395 ) ) ;
#1329 = UNCERTAINTY_MEASURE_WITH_UNIT (LENGTH_MEASURE( 1.000000000000000082E-05 ), #4788, 'distance_accuracy_value', 'NONE');
#1330 = DIRECTION ( 'NONE',  ( -1.239088197126291063E-16, -1.000000000000000000, 0.0000000000000000000 ) ) ;
#1331 = ORIENTED_EDGE ( 'NONE', *, *, #7344, .F. ) ;
#1332 = ORIENTED_EDGE ( 'NONE', *, *, #8563, .T. ) ;
#1333 = PRESENTATION_LAYER_ASSIGNMENT (  '', '', ( #7401 ) ) ;
#1334 = CARTESIAN_POINT ( 'NONE',  ( 0.1647418249454270789, 0.09004219581918125603, -1.000000000000000000 ) ) ;
#1335 =( LENGTH_UNIT ( ) NAMED_UNIT ( * ) SI_UNIT ( .MILLI., .METRE. ) );
#1336 = STYLED_ITEM ( 'NONE', ( #4719 ), #1858 ) ;
#1337 =( LENGTH_UNIT ( ) NAMED_UNIT ( * ) SI_UNIT ( .MILLI., .METRE. ) );
#1338 =( LENGTH_UNIT ( ) NAMED_UNIT ( * ) SI_UNIT ( .MILLI., .METRE. ) );
#1339 = STYLED_ITEM ( 'NONE', ( #5575 ), #5819 ) ;
#1340 = MECHANICAL_DESIGN_GEOMETRIC_PRESENTATION_REPRESENTATION (  '', ( #10665 ), #4115 ) ;
#1341 = EDGE_CURVE ( 'NONE', #4659, #7591, #527, .T. ) ;
#1342 = SURFACE_STYLE_USAGE ( .BOTH. , #8773 ) ;
#1343 = LINE ( 'NONE', #4671, #8576 ) ;
#1344 = ORIENTED_EDGE ( 'NONE', *, *, #1020, .F. ) ;
#1345 = VERTEX_POINT ( 'NONE', #5384 ) ;
#1346 = CARTESIAN_POINT ( 'NONE',  ( 3.549999999999999378, 0.7499999999999986677, -3.000000000000000000 ) ) ;
#1347 =( LENGTH_UNIT ( ) NAMED_UNIT ( * ) SI_UNIT ( .MILLI., .METRE. ) );
#1348 = VECTOR ( 'NONE', #377, 1000.000000000000000 ) ;
#1349 = PRESENTATION_LAYER_ASSIGNMENT (  '', '', ( #6035 ) ) ;
#1350 = SURFACE_STYLE_FILL_AREA ( #8780 ) ;
#1351 = CARTESIAN_POINT ( 'NONE',  ( 0.0000000000000000000, 0.0000000000000000000, -0.5000000000000000000 ) ) ;
#1352 = VERTEX_POINT ( 'NONE', #8695 ) ;
#1353 = FILL_AREA_STYLE_COLOUR ( '', #1571 ) ;
#1354 = LINE ( 'NONE', #4683, #6977 ) ;
#1355 = CIRCLE ( 'NONE', #7421, 0.1499999999999999667 ) ;
#1356 = AXIS2_PLACEMENT_3D ( 'NONE', #2055, #5383, #8694 ) ;
#1357 = DIRECTION ( 'NONE',  ( -1.239088197126291063E-16, -1.000000000000000000, 0.0000000000000000000 ) ) ;
#1358 = ADVANCED_FACE ( 'NONE', ( #1246 ), #4571, .T. ) ;
#1359 = ORIENTED_EDGE ( 'NONE', *, *, #7666, .T. ) ;
#1360 = EDGE_CURVE ( 'NONE', #3518, #3949, #7471, .T. ) ;
#1361 =( NAMED_UNIT ( * ) SI_UNIT ( $, .STERADIAN. ) SOLID_ANGLE_UNIT ( ) );
#1362 = CARTESIAN_POINT ( 'NONE',  ( -1.549999999999999822, -0.6500000000000001332, -2.000000000000000000 ) ) ;
#1363 = FACE_OUTER_BOUND ( 'NONE', #6230, .T. ) ;
#1364 = VECTOR ( 'NONE', #6778, 1000.000000000000000 ) ;
#1365 =( NAMED_UNIT ( * ) SI_UNIT ( $, .STERADIAN. ) SOLID_ANGLE_UNIT ( ) );
#1366 = LINE ( 'NONE', #4690, #8852 ) ;
#1367 = CARTESIAN_POINT ( 'NONE',  ( 0.07747847974333048338, 0.2328058365566655630, -0.9899999999999999911 ) ) ;
#1368 = DIRECTION ( 'NONE',  ( 0.0000000000000000000, -1.000000000000000000, 0.0000000000000000000 ) ) ;
#1369 = ORIENTED_EDGE ( 'NONE', *, *, #8148, .T. ) ;
#1370 = EDGE_CURVE ( 'NONE', #1801, #8720, #1366, .T. ) ;
#1371 = DIRECTION ( 'NONE',  ( -1.000000000000000000, -1.239088197126291063E-16, 0.0000000000000000000 ) ) ;
#1372 = ORIENTED_EDGE ( 'NONE', *, *, #5996, .T. ) ;
#1373 = DIRECTION ( 'NONE',  ( -0.0000000000000000000, 0.0000000000000000000, 1.000000000000000000 ) ) ;
#1374 = DIRECTION ( 'NONE',  ( 0.0000000000000000000, 0.0000000000000000000, 1.000000000000000000 ) ) ;
#1375 = FILL_AREA_STYLE ('',( #8814 ) ) ;
#1376 = CARTESIAN_POINT ( 'NONE',  ( 0.09920609742681094079, 0.05094474789470496839, -0.9899999999999999911 ) ) ;
#1377 = ORIENTED_EDGE ( 'NONE', *, *, #9243, .T. ) ;
#1378 = EDGE_CURVE ( 'NONE', #2827, #5154, #537, .T. ) ;
#1379 =( LENGTH_UNIT ( ) NAMED_UNIT ( * ) SI_UNIT ( .MILLI., .METRE. ) );
#1380 = ORIENTED_EDGE ( 'NONE', *, *, #9843, .T. ) ;
#1381 = VERTEX_POINT ( 'NONE', #10436 ) ;
#1382 = STYLED_ITEM ( 'NONE', ( #2100 ), #3282 ) ;
#1383 = CARTESIAN_POINT ( 'NONE',  ( 0.1016211815399622465, 0.05091303978522087464, -0.9899999999999999911 ) ) ;
#1384 = EDGE_CURVE ( 'NONE', #9894, #6079, #3034, .T. ) ;
#1385 = LINE ( 'NONE', #10522, #9389 ) ;
#1386 = DIRECTION ( 'NONE',  ( -1.239088197126291063E-16, -1.000000000000000000, 0.0000000000000000000 ) ) ;
#1387 = DIRECTION ( 'NONE',  ( -1.239088197126291063E-16, 1.000000000000000000, 0.0000000000000000000 ) ) ;
#1388 = SURFACE_SIDE_STYLE ('',( #8827 ) ) ;
#1389 = VERTEX_POINT ( 'NONE', #2228 ) ;
#1390 = DIRECTION ( 'NONE',  ( -0.0000000000000000000, -0.0000000000000000000, -1.000000000000000000 ) ) ;
#1391 = VERTEX_POINT ( 'NONE', #5549 ) ;
#1392 = SURFACE_STYLE_USAGE ( .BOTH. , #8831 ) ;
#1393 = FILL_AREA_STYLE_COLOUR ( '', #1665 ) ;
#1394 = EDGE_CURVE ( 'NONE', #8963, #5624, #8846, .T. ) ;
#1395 = SURFACE_STYLE_USAGE ( .BOTH. , #8834 ) ;
#1396 = CARTESIAN_POINT ( 'NONE',  ( -0.1350785135819890237, 0.03140084466326965168, -0.9899999999999999911 ) ) ;
#1397 = AXIS2_PLACEMENT_3D ( 'NONE', #2970, #6303, #9586 ) ;
#1398 = CARTESIAN_POINT ( 'NONE',  ( 1.749999999999999112, -2.250000000000000888, -3.000000000000000000 ) ) ;
#1399 = DIRECTION ( 'NONE',  ( -1.000000000000000000, -1.239088197126291063E-16, 0.0000000000000000000 ) ) ;
#1400 = PRESENTATION_STYLE_ASSIGNMENT (( #8838 ) ) ;
#1401 = SURFACE_SIDE_STYLE ('',( #8839 ) ) ;
#1402 = PRESENTATION_STYLE_ASSIGNMENT (( #8840 ) ) ;
#1403 = SURFACE_STYLE_USAGE ( .BOTH. , #8842 ) ;
#1404 = ORIENTED_EDGE ( 'NONE', *, *, #8071, .F. ) ;
#1405 = PRESENTATION_STYLE_ASSIGNMENT (( #8843 ) ) ;
#1406 = SURFACE_SIDE_STYLE ('',( #8844 ) ) ;
#1407 = VECTOR ( 'NONE', #4732, 1000.000000000000000 ) ;
#1408 =( NAMED_UNIT ( * ) PLANE_ANGLE_UNIT ( ) SI_UNIT ( $, .RADIAN. ) );
#1409 = DIRECTION ( 'NONE',  ( 1.275531967630004999E-16, -1.000000000000000000, 0.0000000000000000000 ) ) ;
#1410 = CARTESIAN_POINT ( 'NONE',  ( 3.549999999999999378, 0.7499999999999986677, -3.500000000000000000 ) ) ;
#1411 = CARTESIAN_POINT ( 'NONE',  ( -3.815815714343072873, -1.500000000000000222, -3.500000000000000000 ) ) ;
#1412 = CARTESIAN_POINT ( 'NONE',  ( 0.05028734007654758753, 0.2259130397852208705, -1.000000000000000000 ) ) ;
#1413 = DIRECTION ( 'NONE',  ( -1.000000000000000000, -1.239088197126291063E-16, 0.0000000000000000000 ) ) ;
#1414 = MECHANICAL_DESIGN_GEOMETRIC_PRESENTATION_REPRESENTATION (  '', ( #8358 ), #704 ) ;
#1415 = VERTEX_POINT ( 'NONE', #8034 ) ;
#1416 = B_SPLINE_CURVE_WITH_KNOTS ( 'NONE', 3,
 ( #6771, #10045, #2638, #5956, #9256, #1834, #5150, #8477, #1027, #4336, #7641, #198, #3514, #6821, #10096, #2699, #6027, #9312, #1887 ),
 .UNSPECIFIED., .F., .F.,
 ( 4, 1, 1, 1, 1, 1, 1, 1, 1, 1, 1, 1, 1, 1, 1, 1, 4 ),
 ( 0.0000000000000000000, 0.06863117867660099847, 0.1345664660386766964, 0.1983281540108808028, 0.2607897666408446891, 0.3219991514841584190, 0.3827217465030193222, 0.4435374740357288514, 0.5051334294849249007, 0.5662138747646714432, 0.6261058646175455822, 0.6853493221605165830, 0.7449958703477972399, 0.8054158418145627163, 0.8676362663459531444, 0.9323077823023292465, 1.000000000000000000 ),
 .UNSPECIFIED. ) ;
#1417 = UNCERTAINTY_MEASURE_WITH_UNIT (LENGTH_MEASURE( 1.000000000000000082E-05 ), #9839, 'distance_accuracy_value', 'NONE');
#1418 = LINE ( 'NONE', #4740, #3008 ) ;
#1419 = DIRECTION ( 'NONE',  ( 1.000000000000000000, 0.0000000000000000000, 0.0000000000000000000 ) ) ;
#1420 = ADVANCED_FACE ( 'NONE', ( #584 ), #2900, .T. ) ;
#1421 = ORIENTED_EDGE ( 'NONE', *, *, #8216, .F. ) ;
#1422 = LINE ( 'NONE', #4744, #3603 ) ;
#1423 =( NAMED_UNIT ( * ) SI_UNIT ( $, .STERADIAN. ) SOLID_ANGLE_UNIT ( ) );
#1424 = CARTESIAN_POINT ( 'NONE',  ( 0.06168146004027592888, 0.05804986260159333139, -0.9999999999999997780 ) ) ;
#1425 = EDGE_LOOP ( 'NONE', ( #7347, #5832, #4782, #2592 ) ) ;
#1426 = UNCERTAINTY_MEASURE_WITH_UNIT (LENGTH_MEASURE( 1.000000000000000082E-05 ), #9828, 'distance_accuracy_value', 'NONE');
#1427 = DIRECTION ( 'NONE',  ( -1.239088197126291063E-16, -1.000000000000000000, 0.0000000000000000000 ) ) ;
#1428 = ORIENTED_EDGE ( 'NONE', *, *, #3225, .T. ) ;
#1429 = ORIENTED_EDGE ( 'NONE', *, *, #8136, .F. ) ;
#1430 = FACE_OUTER_BOUND ( 'NONE', #8873, .T. ) ;
#1431 = UNCERTAINTY_MEASURE_WITH_UNIT (LENGTH_MEASURE( 1.000000000000000082E-05 ), #3905, 'distance_accuracy_value', 'NONE');
#1432 = SURFACE_STYLE_FILL_AREA ( #8868 ) ;
#1433 = EDGE_CURVE ( 'NONE', #5604, #7409, #8343, .T. ) ;
#1434 = UNCERTAINTY_MEASURE_WITH_UNIT (LENGTH_MEASURE( 1.000000000000000082E-05 ), #7120, 'distance_accuracy_value', 'NONE');
#1435 = DIRECTION ( 'NONE',  ( -1.000000000000000000, 0.0000000000000000000, 0.0000000000000000000 ) ) ;
#1436 = PRESENTATION_STYLE_ASSIGNMENT (( #8870 ) ) ;
#1437 = EDGE_CURVE ( 'NONE', #8816, #1671, #9697, .T. ) ;
#1438 = ORIENTED_EDGE ( 'NONE', *, *, #2424, .T. ) ;
#1439 = ORIENTED_EDGE ( 'NONE', *, *, #10116, .F. ) ;
#1440 = STYLED_ITEM ( 'NONE', ( #8657 ), #9461 ) ;
#1441 = PRESENTATION_STYLE_ASSIGNMENT (( #8875 ) ) ;
#1442 =( NAMED_UNIT ( * ) SI_UNIT ( $, .STERADIAN. ) SOLID_ANGLE_UNIT ( ) );
#1443 = SURFACE_SIDE_STYLE ('',( #8876 ) ) ;
#1444 = COLOUR_RGB ( '',0.7921568627450980005, 0.8196078431372548767, 0.9333333333333333481 ) ;
#1445 =( GEOMETRIC_REPRESENTATION_CONTEXT ( 3 ) GLOBAL_UNCERTAINTY_ASSIGNED_CONTEXT ( ( #773 ) ) GLOBAL_UNIT_ASSIGNED_CONTEXT ( ( #4113, #3293, #2462 ) ) REPRESENTATION_CONTEXT ( 'NONE', 'WORKASPACE' ) );
#1446 = FACE_OUTER_BOUND ( 'NONE', #2438, .T. ) ;
#1447 = EDGE_CURVE ( 'NONE', #4598, #1045, #5001, .T. ) ;
#1448 = DIRECTION ( 'NONE',  ( 1.000000000000000000, 0.0000000000000000000, -0.0000000000000000000 ) ) ;
#1449 = PRESENTATION_LAYER_ASSIGNMENT (  '', '', ( #6136 ) ) ;
#1450 = MECHANICAL_DESIGN_GEOMETRIC_PRESENTATION_REPRESENTATION (  '', ( #56 ), #4229 ) ;
#1451 = AXIS2_PLACEMENT_3D ( 'NONE', #852, #4170, #7480 ) ;
#1452 = EDGE_LOOP ( 'NONE', ( #1862, #1869, #8408, #1233 ) ) ;
#1453 = LINE ( 'NONE', #4783, #4626 ) ;
#1454 = CLOSED_SHELL ( 'NONE', ( #6742, #2690, #4839, #9990, #1825, #3839 ) ) ;
#1455 = AXIS2_PLACEMENT_3D ( 'NONE', #4776, #8084, #629 ) ;
#1456 = CARTESIAN_POINT ( 'NONE',  ( -0.1619077818746719744, 0.2094496251510745422, -0.9899999999999999911 ) ) ;
#1457 = MECHANICAL_DESIGN_GEOMETRIC_PRESENTATION_REPRESENTATION (  '', ( #63 ), #4236 ) ;
#1458 =( LENGTH_UNIT ( ) NAMED_UNIT ( * ) SI_UNIT ( .MILLI., .METRE. ) );
#1459 = VECTOR ( 'NONE', #10092, 1000.000000000000000 ) ;
#1460 = CARTESIAN_POINT ( 'NONE',  ( -1.549999999999999600, 0.8000000000000001554, -2.000000000000000000 ) ) ;
#1461 = STYLED_ITEM ( 'NONE', ( #8921 ), #6967 ) ;
#1462 = DIRECTION ( 'NONE',  ( -0.0000000000000000000, -0.0000000000000000000, -1.000000000000000000 ) ) ;
#1463 = CARTESIAN_POINT ( 'NONE',  ( 0.1720744804960721852, 0.1206314832239044343, -0.9900000000000002132 ) ) ;
#1464 = CARTESIAN_POINT ( 'NONE',  ( -0.2733390322204207745, 0.06653577074004084213, -0.9900000000000002132 ) ) ;
#1465 = AXIS2_PLACEMENT_3D ( 'NONE', #6445, #9716, #2290 ) ;
#1466 = ORIENTED_EDGE ( 'NONE', *, *, #7818, .T. ) ;
#1467 =( GEOMETRIC_REPRESENTATION_CONTEXT ( 3 ) GLOBAL_UNCERTAINTY_ASSIGNED_CONTEXT ( ( #10487 ) ) GLOBAL_UNIT_ASSIGNED_CONTEXT ( ( #6776, #5963, #5157 ) ) REPRESENTATION_CONTEXT ( 'NONE', 'WORKASPACE' ) );
#1468 = AXIS2_PLACEMENT_3D ( 'NONE', #7707, #272, #3599 ) ;
#1469 = COLOUR_RGB ( '',0.7921568627450980005, 0.8196078431372548767, 0.9333333333333333481 ) ;
#1470 = MECHANICAL_DESIGN_GEOMETRIC_PRESENTATION_REPRESENTATION (  '', ( #77 ), #4247 ) ;
#1471 = FILL_AREA_STYLE_COLOUR ( '', #1987 ) ;
#1472 = SURFACE_STYLE_FILL_AREA ( #8894 ) ;
#1473 = AXIS2_PLACEMENT_3D ( 'NONE', #7674, #239, #3566 ) ;
#1474 = ORIENTED_EDGE ( 'NONE', *, *, #1437, .T. ) ;
#1475 = DIRECTION ( 'NONE',  ( -1.000000000000000000, -1.239088197126291063E-16, 0.0000000000000000000 ) ) ;
#1476 = CARTESIAN_POINT ( 'NONE',  ( 3.500000000000000444, 2.999999999999999556, -3.000000000000000000 ) ) ;
#1477 =( GEOMETRIC_REPRESENTATION_CONTEXT ( 3 ) GLOBAL_UNCERTAINTY_ASSIGNED_CONTEXT ( ( #5111 ) ) GLOBAL_UNIT_ASSIGNED_CONTEXT ( ( #6470, #5661, #4849 ) ) REPRESENTATION_CONTEXT ( 'NONE', 'WORKASPACE' ) );
#1478 = AXIS2_PLACEMENT_3D ( 'NONE', #4520, #6084, #6257 ) ;
#1479 = SURFACE_STYLE_USAGE ( .BOTH. , #8902 ) ;
#1480 = ORIENTED_EDGE ( 'NONE', *, *, #3960, .T. ) ;
#1481 =( NAMED_UNIT ( * ) PLANE_ANGLE_UNIT ( ) SI_UNIT ( $, .RADIAN. ) );
#1482 = ORIENTED_EDGE ( 'NONE', *, *, #2088, .T. ) ;
#1483 = VECTOR ( 'NONE', #7060, 1000.000000000000000 ) ;
#1484 = EDGE_CURVE ( 'NONE', #10235, #5865, #4178, .T. ) ;
#1485 = CARTESIAN_POINT ( 'NONE',  ( 0.09735288885703542727, 0.2338398690535135604, -0.9899999999999999911 ) ) ;
#1486 = VECTOR ( 'NONE', #3565, 1000.000000000000000 ) ;
#1487 =( NAMED_UNIT ( * ) PLANE_ANGLE_UNIT ( ) SI_UNIT ( $, .RADIAN. ) );
#1488 =( GEOMETRIC_REPRESENTATION_CONTEXT ( 3 ) GLOBAL_UNCERTAINTY_ASSIGNED_CONTEXT ( ( #1855 ) ) GLOBAL_UNIT_ASSIGNED_CONTEXT ( ( #1300, #487, #10379 ) ) REPRESENTATION_CONTEXT ( 'NONE', 'WORKASPACE' ) );
#1489 = MECHANICAL_DESIGN_GEOMETRIC_PRESENTATION_REPRESENTATION (  '', ( #97 ), #4266 ) ;
#1490 = SURFACE_STYLE_USAGE ( .BOTH. , #8912 ) ;
#1491 = DIRECTION ( 'NONE',  ( -1.000000000000000000, -1.239088197126291063E-16, 0.0000000000000000000 ) ) ;
#1492 = AXIS2_PLACEMENT_3D ( 'NONE', #10279, #2879, #6214 ) ;
#1493 = MECHANICAL_DESIGN_GEOMETRIC_PRESENTATION_REPRESENTATION (  '', ( #106 ), #4273 ) ;
#1494 = MECHANICAL_DESIGN_GEOMETRIC_PRESENTATION_REPRESENTATION (  '', ( #107 ), #4274 ) ;
#1495 = CARTESIAN_POINT ( 'NONE',  ( -0.4416715013868670603, 0.08749840563887940903, -0.9899999999999999911 ) ) ;
#1496 = ORIENTED_EDGE ( 'NONE', *, *, #1725, .F. ) ;
#1497 = DIRECTION ( 'NONE',  ( -0.0000000000000000000, -0.0000000000000000000, -1.000000000000000000 ) ) ;
#1498 = ADVANCED_FACE ( 'NONE', ( #3354 ), #6671, .T. ) ;
#1499 = EDGE_LOOP ( 'NONE', ( #6119, #1264, #779, #1590 ) ) ;
#1500 = FILL_AREA_STYLE_COLOUR ( '', #6536 ) ;
#1501 = AXIS2_PLACEMENT_3D ( 'NONE', #2676, #6006, #9292 ) ;
#1502 = FILL_AREA_STYLE_COLOUR ( '', #4392 ) ;
#1503 = STYLED_ITEM ( 'NONE', ( #2033 ), #5752 ) ;
#1504 = VECTOR ( 'NONE', #3492, 1000.000000000000000 ) ;
#1505 = DIRECTION ( 'NONE',  ( -0.0000000000000000000, -0.0000000000000000000, -1.000000000000000000 ) ) ;
#1506 =( NAMED_UNIT ( * ) PLANE_ANGLE_UNIT ( ) SI_UNIT ( $, .RADIAN. ) );
#1507 = LINE ( 'NONE', #4829, #1653 ) ;
#1508 = SURFACE_STYLE_FILL_AREA ( #8939 ) ;
#1509 = CARTESIAN_POINT ( 'NONE',  ( -0.1914047330941841540, 0.2094496251510745422, -0.9899999999999999911 ) ) ;
#1510 = CARTESIAN_POINT ( 'NONE',  ( 0.1016211815399622465, 0.05091303978522087464, -0.9899999999999999911 ) ) ;
#1511 = PRESENTATION_STYLE_ASSIGNMENT (( #8942 ) ) ;
#1512 = MECHANICAL_DESIGN_GEOMETRIC_PRESENTATION_REPRESENTATION (  '', ( #122 ), #4287 ) ;
#1513 = CARTESIAN_POINT ( 'NONE',  ( 0.1670335357836532642, 0.04961581651151950045, -0.9899999999999999911 ) ) ;
#1514 = CIRCLE ( 'NONE', #7580, 0.1499999999999999667 ) ;
#1515 = MECHANICAL_DESIGN_GEOMETRIC_PRESENTATION_REPRESENTATION (  '', ( #125 ), #4290 ) ;
#1516 = ORIENTED_EDGE ( 'NONE', *, *, #4038, .F. ) ;
#1517 = SURFACE_STYLE_FILL_AREA ( #8945 ) ;
#1518 = EDGE_CURVE ( 'NONE', #9663, #9894, #4284, .T. ) ;
#1519 = COLOUR_RGB ( '',0.2509803921568627416, 0.2509803921568627416, 0.2509803921568627416 ) ;
#1520 = DIRECTION ( 'NONE',  ( -1.445602896647339410E-16, -1.000000000000000000, 0.0000000000000000000 ) ) ;
#1521 = CARTESIAN_POINT ( 'NONE',  ( -0.1991918501905480809, 0.05354428506074676575, -0.9899999999999999911 ) ) ;
#1522 = CARTESIAN_POINT ( 'NONE',  ( -0.2586387919931140700, 0.05276234645670267037, -1.000000000000000000 ) ) ;
#1523 = CARTESIAN_POINT ( 'NONE',  ( 0.1165989129238866329, 0.05211877037523910544, -0.9899999999999999911 ) ) ;
#1524 = CARTESIAN_POINT ( 'NONE',  ( 3.500000000000000444, 2.999999999999999556, -0.5000000000000000000 ) ) ;
#1525 = VERTEX_POINT ( 'NONE', #3470 ) ;
#1526 = FACE_OUTER_BOUND ( 'NONE', #8052, .T. ) ;
#1527 = MECHANICAL_DESIGN_GEOMETRIC_PRESENTATION_REPRESENTATION (  '', ( #142 ), #4305 ) ;
#1528 = EDGE_CURVE ( 'NONE', #4902, #353, #1416, .T. ) ;
#1529 = DIRECTION ( 'NONE',  ( -1.000000000000000000, 0.0000000000000000000, 0.0000000000000000000 ) ) ;
#1530 = ORIENTED_EDGE ( 'NONE', *, *, #9265, .T. ) ;
#1531 = CARTESIAN_POINT ( 'NONE',  ( -0.04999999999999978767, 0.8000000000000001554, -2.000000000000000000 ) ) ;
#1532 = FILL_AREA_STYLE ('',( #8962 ) ) ;
#1533 = EDGE_LOOP ( 'NONE', ( #975, #7729, #8527, #3818 ) ) ;
#1534 = UNCERTAINTY_MEASURE_WITH_UNIT (LENGTH_MEASURE( 1.000000000000000082E-05 ), #4216, 'distance_accuracy_value', 'NONE');
#1535 = DIRECTION ( 'NONE',  ( -1.000000000000000000, 0.0000000000000000000, 0.0000000000000000000 ) ) ;
#1536 = EDGE_LOOP ( 'NONE', ( #3289, #4009, #5149, #7031 ) ) ;
#1537 = CARTESIAN_POINT ( 'NONE',  ( -1.750000000000000000, -2.000000000000000000, -2.000000000000000000 ) ) ;
#1538 = UNCERTAINTY_MEASURE_WITH_UNIT (LENGTH_MEASURE( 1.000000000000000082E-05 ), #8526, 'distance_accuracy_value', 'NONE');
#1539 = LINE ( 'NONE', #4861, #6886 ) ;
#1540 = VERTEX_POINT ( 'NONE', #5203 ) ;
#1541 = DIRECTION ( 'NONE',  ( -1.000000000000000000, -1.239088197126291063E-16, 0.0000000000000000000 ) ) ;
#1542 = UNCERTAINTY_MEASURE_WITH_UNIT (LENGTH_MEASURE( 1.000000000000000082E-05 ), #2052, 'distance_accuracy_value', 'NONE');
#1543 = DIRECTION ( 'NONE',  ( 0.0000000000000000000, -1.000000000000000000, 0.0000000000000000000 ) ) ;
#1544 = PLANE ( 'NONE',  #7081 ) ;
#1545 = CARTESIAN_POINT ( 'NONE',  ( -0.3499999999999996447, -1.500000000000000444, -2.000000000000000000 ) ) ;
#1546 = ORIENTED_EDGE ( 'NONE', *, *, #2075, .F. ) ;
#1547 = DIRECTION ( 'NONE',  ( 0.0000000000000000000, -1.000000000000000000, 0.0000000000000000000 ) ) ;
#1548 = DIRECTION ( 'NONE',  ( 1.000000000000000000, 0.0000000000000000000, 0.0000000000000000000 ) ) ;
#1549 =( NAMED_UNIT ( * ) PLANE_ANGLE_UNIT ( ) SI_UNIT ( $, .RADIAN. ) );
#1550 = EDGE_CURVE ( 'NONE', #3055, #5202, #4004, .T. ) ;
#1551 = CARTESIAN_POINT ( 'NONE',  ( 1.450000000000000178, 2.350000000000000533, -2.000000000000000000 ) ) ;
#1552 = SURFACE_SIDE_STYLE ('',( #8982 ) ) ;
#1553 = SURFACE_STYLE_USAGE ( .BOTH. , #8984 ) ;
#1554 = DIRECTION ( 'NONE',  ( 0.0000000000000000000, -1.000000000000000000, 0.0000000000000000000 ) ) ;
#1555 = CARTESIAN_POINT ( 'NONE',  ( 3.549999999999999378, -0.7500000000000011102, -3.500000000000000000 ) ) ;
#1556 = FILL_AREA_STYLE_COLOUR ( '', #1265 ) ;
#1557 = ORIENTED_EDGE ( 'NONE', *, *, #2175, .F. ) ;
#1558 = FILL_AREA_STYLE_COLOUR ( '', #6853 ) ;
#1559 = DIRECTION ( 'NONE',  ( -0.0000000000000000000, -0.0000000000000000000, -1.000000000000000000 ) ) ;
#1560 = PRESENTATION_LAYER_ASSIGNMENT (  '', '', ( #4869 ) ) ;
#1561 = FILL_AREA_STYLE ('',( #8993 ) ) ;
#1562 = CARTESIAN_POINT ( 'NONE',  ( -0.2429758434193948491, 0.06936147093135971997, -0.9999999999999993339 ) ) ;
#1563 = ADVANCED_FACE ( 'NONE', ( #7690 ), #10575, .T. ) ;
#1564 = CARTESIAN_POINT ( 'NONE',  ( 0.1203185250220432795, 0.2089155538754065289, -0.9999999999999997780 ) ) ;
#1565 = CARTESIAN_POINT ( 'NONE',  ( -1.549999999999999600, 1.500000000000000444, -2.000000000000000000 ) ) ;
#1566 = CARTESIAN_POINT ( 'NONE',  ( -1.750000000000000222, 2.249999999999999556, -3.000000000000000000 ) ) ;
#1567 = CARTESIAN_POINT ( 'NONE',  ( 0.06835231242753610215, 0.03384840532427133702, -1.000000000000000222 ) ) ;
#1568 = ORIENTED_EDGE ( 'NONE', *, *, #1528, .T. ) ;
#1569 =( NAMED_UNIT ( * ) PLANE_ANGLE_UNIT ( ) SI_UNIT ( $, .RADIAN. ) );
#1570 = EDGE_CURVE ( 'NONE', #8210, #3891, #2961, .T. ) ;
#1571 = COLOUR_RGB ( '',0.2509803921568627416, 0.2509803921568627416, 0.2509803921568627416 ) ;
#1572 = SURFACE_STYLE_USAGE ( .BOTH. , #9000 ) ;
#1573 = SURFACE_STYLE_FILL_AREA ( #9001 ) ;
#1574 = CARTESIAN_POINT ( 'NONE',  ( -0.4326775989478427453, 0.1094496251510745366, -1.000000000000000000 ) ) ;
#1575 = LINE ( 'NONE', #4898, #10373 ) ;
#1576 = ORIENTED_EDGE ( 'NONE', *, *, #7537, .F. ) ;
#1577 = TOROIDAL_SURFACE ( 'NONE', #6962, 0.7000000000000002887, 0.1499999999999999667 ) ;
#1578 =( LENGTH_UNIT ( ) NAMED_UNIT ( * ) SI_UNIT ( .MILLI., .METRE. ) );
#1579 =( NAMED_UNIT ( * ) SI_UNIT ( $, .STERADIAN. ) SOLID_ANGLE_UNIT ( ) );
#1580 = ORIENTED_EDGE ( 'NONE', *, *, #6241, .T. ) ;
#1581 = ORIENTED_EDGE ( 'NONE', *, *, #1394, .F. ) ;
#1582 = CARTESIAN_POINT ( 'NONE',  ( 0.07747847974333048338, 0.2328058365566655630, -0.9899999999999999911 ) ) ;
#1583 = FILL_AREA_STYLE ('',( #9011 ) ) ;
#1584 = SURFACE_STYLE_USAGE ( .BOTH. , #9013 ) ;
#1585 =( LENGTH_UNIT ( ) NAMED_UNIT ( * ) SI_UNIT ( .MILLI., .METRE. ) );
#1586 = ORIENTED_EDGE ( 'NONE', *, *, #4752, .F. ) ;
#1587 = DIRECTION ( 'NONE',  ( 0.0000000000000000000, 0.0000000000000000000, 1.000000000000000000 ) ) ;
#1588 = CIRCLE ( 'NONE', #1070, 0.1499999999999999667 ) ;
#1589 = VERTEX_POINT ( 'NONE', #2150 ) ;
#1590 = ORIENTED_EDGE ( 'NONE', *, *, #10591, .F. ) ;
#1591 = FILL_AREA_STYLE_COLOUR ( '', #9763 ) ;
#1592 = CARTESIAN_POINT ( 'NONE',  ( 0.05028734007654758753, 0.06371791783400136688, -0.9899999999999999911 ) ) ;
#1593 = DIRECTION ( 'NONE',  ( 1.000000000000000000, 2.168404344971008868E-16, 0.0000000000000000000 ) ) ;
#1594 = SURFACE_STYLE_USAGE ( .BOTH. , #9026 ) ;
#1595 = SURFACE_SIDE_STYLE ('',( #9027 ) ) ;
#1596 = SURFACE_STYLE_USAGE ( .BOTH. , #9029 ) ;
#1597 = CARTESIAN_POINT ( 'NONE',  ( -0.9499999999999995115, 1.500000000000000444, -2.000000000000000000 ) ) ;
#1598 = CARTESIAN_POINT ( 'NONE',  ( 1.450000000000000178, 1.500000000000000444, -2.000000000000000000 ) ) ;
#1599 = TOROIDAL_SURFACE ( 'NONE', #6302, 0.7000000000000002887, 0.1499999999999999667 ) ;
#1600 = SURFACE_SIDE_STYLE ('',( #9033 ) ) ;
#1601 = ORIENTED_EDGE ( 'NONE', *, *, #9338, .T. ) ;
#1602 = CARTESIAN_POINT ( 'NONE',  ( -0.2959733498975575805, 0.1301385716644387902, -1.000000000000000000 ) ) ;
#1603 = COLOUR_RGB ( '',0.7529411764705882248, 0.7529411764705882248, 0.7529411764705882248 ) ;
#1604 = ADVANCED_FACE ( 'NONE', ( #5480 ), #8785, .T. ) ;
#1605 = CARTESIAN_POINT ( 'NONE',  ( -0.3988361355332085134, 0.2070106007608306375, -0.9899999999999999911 ) ) ;
#1606 = MECHANICAL_DESIGN_GEOMETRIC_PRESENTATION_REPRESENTATION (  '', ( #2992 ), #9576 ) ;
#1607 =( NAMED_UNIT ( * ) SI_UNIT ( $, .STERADIAN. ) SOLID_ANGLE_UNIT ( ) );
#1608 = CARTESIAN_POINT ( 'NONE',  ( -0.2680742036532294259, 0.1155778795211428178, -0.9900000000000002132 ) ) ;
#1609 = CARTESIAN_POINT ( 'NONE',  ( 0.1721692966928537738, 0.1323559165103699031, -1.000000000000000000 ) ) ;
#1610 = CARTESIAN_POINT ( 'NONE',  ( 0.05206341720209935187, 0.2001158060908337644, -1.000000000000000000 ) ) ;
#1611 = CIRCLE ( 'NONE', #7682, 0.1499999999999999667 ) ;
#1612 = FACE_OUTER_BOUND ( 'NONE', #2089, .T. ) ;
#1613 = STYLED_ITEM ( 'NONE', ( #4670 ), #3498 ) ;
#1614 = CARTESIAN_POINT ( 'NONE',  ( 0.5500000000000003775, -1.500000000000000444, -2.000000000000000000 ) ) ;
#1615 = ORIENTED_EDGE ( 'NONE', *, *, #7022, .T. ) ;
#1616 = CARTESIAN_POINT ( 'NONE',  ( -0.3499999999999996447, 0.9500000000000000666, -2.000000000000000000 ) ) ;
#1617 = AXIS2_PLACEMENT_3D ( 'NONE', #943, #4264, #7574 ) ;
#1618 = STYLED_ITEM ( 'NONE', ( #9992 ), #292 ) ;
#1619 = PRESENTATION_LAYER_ASSIGNMENT (  '', '', ( #5955 ) ) ;
#1620 = ADVANCED_FACE ( 'NONE', ( #6411 ), #9680, .T. ) ;
#1621 = TOROIDAL_SURFACE ( 'NONE', #7692, 0.7000000000000002887, 0.1499999999999999667 ) ;
#1622 = TOROIDAL_SURFACE ( 'NONE', #7694, 0.7000000000000002887, 0.1499999999999999667 ) ;
#1623 =( GEOMETRIC_REPRESENTATION_CONTEXT ( 3 ) GLOBAL_UNCERTAINTY_ASSIGNED_CONTEXT ( ( #10578 ) ) GLOBAL_UNIT_ASSIGNED_CONTEXT ( ( #8808, #7996, #7182 ) ) REPRESENTATION_CONTEXT ( 'NONE', 'WORKASPACE' ) );
#1624 =( GEOMETRIC_REPRESENTATION_CONTEXT ( 3 ) GLOBAL_UNCERTAINTY_ASSIGNED_CONTEXT ( ( #10617 ) ) GLOBAL_UNIT_ASSIGNED_CONTEXT ( ( #8671, #7848, #7046 ) ) REPRESENTATION_CONTEXT ( 'NONE', 'WORKASPACE' ) );
#1625 = CARTESIAN_POINT ( 'NONE',  ( 0.5500000000000003775, -1.500000000000000444, -2.000000000000000000 ) ) ;
#1626 = ORIENTED_EDGE ( 'NONE', *, *, #4213, .F. ) ;
#1627 = PRESENTATION_LAYER_ASSIGNMENT (  '', '', ( #9594 ) ) ;
#1628 = DIRECTION ( 'NONE',  ( -1.239088197126291063E-16, -1.000000000000000000, 0.0000000000000000000 ) ) ;
#1629 = SURFACE_STYLE_FILL_AREA ( #9053 ) ;
#1630 = B_SPLINE_CURVE_WITH_KNOTS ( 'NONE', 3,
 ( #8347, #897, #4208, #7516, #80, #3401, #6711, #9988, #2580, #5899, #9184, #1765, #5072, #8392, #951, #4270, #7578, #144, #3458 ),
 .UNSPECIFIED., .F., .F.,
 ( 4, 1, 1, 1, 1, 1, 1, 1, 1, 1, 1, 1, 1, 1, 1, 1, 4 ),
 ( 0.0000000000000000000, 0.07430379644281605300, 0.1443936103644180846, 0.2104994961032796985, 0.2735426065034679555, 0.3338247445790732404, 0.3925296724085029498, 0.4500874545995855458, 0.5078206115557879485, 0.5654649127768468508, 0.6231487223336199532, 0.6812971927909358127, 0.7409134981565812517, 0.8018557521958583623, 0.8652412377209435235, 0.9309416570467442531, 1.000000000000000000 ),
 .UNSPECIFIED. ) ;
#1631 = DIRECTION ( 'NONE',  ( 1.445602896647339163E-16, 1.000000000000000000, 0.0000000000000000000 ) ) ;
#1632 = ORIENTED_EDGE ( 'NONE', *, *, #2132, .T. ) ;
#1633 = COLOUR_RGB ( '',0.2509803921568627416, 0.2509803921568627416, 0.2509803921568627416 ) ;
#1634 = B_SPLINE_CURVE_WITH_KNOTS ( 'NONE', 3,
 ( #647, #3975, #7279, #10549, #3137, #6463, #9737, #2321, #5654, #8949, #1522, #4843, #8149, #694, #4016, #7320, #10592, #3192, #6516 ),
 .UNSPECIFIED., .F., .F.,
 ( 4, 1, 1, 1, 1, 1, 1, 1, 1, 1, 1, 1, 1, 1, 1, 1, 4 ),
 ( 0.0000000000000000000, 0.06806869584499396220, 0.1334274328189549996, 0.1961460338131564840, 0.2570485924493126073, 0.3168826631591618592, 0.3761872086663214376, 0.4359603353635462253, 0.4965352368627261037, 0.5574653434807330665, 0.6176868634101471134, 0.6779436406969060469, 0.7388052848060401301, 0.8009493367665838637, 0.8648146674702265058, 0.9310247810786567157, 1.000000000000000000 ),
 .UNSPECIFIED. ) ;
#1635 = CIRCLE ( 'NONE', #7702, 0.1499999999999999667 ) ;
#1636 = VECTOR ( 'NONE', #2214, 1000.000000000000000 ) ;
#1637 = UNCERTAINTY_MEASURE_WITH_UNIT (LENGTH_MEASURE( 1.000000000000000082E-05 ), #4904, 'distance_accuracy_value', 'NONE');
#1638 = DIRECTION ( 'NONE',  ( -1.000000000000000000, 1.239088197126291063E-16, 0.0000000000000000000 ) ) ;
#1639 = ORIENTED_EDGE ( 'NONE', *, *, #10027, .F. ) ;
#1640 = TOROIDAL_SURFACE ( 'NONE', #6339, 0.7000000000000002887, 0.1499999999999999667 ) ;
#1641 =( NAMED_UNIT ( * ) SI_UNIT ( $, .STERADIAN. ) SOLID_ANGLE_UNIT ( ) );
#1642 = STYLED_ITEM ( 'NONE', ( #9593 ), #2936 ) ;
#1643 = UNCERTAINTY_MEASURE_WITH_UNIT (LENGTH_MEASURE( 1.000000000000000082E-05 ), #9544, 'distance_accuracy_value', 'NONE');
#1644 = CIRCLE ( 'NONE', #7711, 0.5500000000000001554 ) ;
#1645 = DIRECTION ( 'NONE',  ( -1.239088197126291063E-16, -1.000000000000000000, 0.0000000000000000000 ) ) ;
#1646 = PRESENTATION_LAYER_ASSIGNMENT (  '', '', ( #6346 ) ) ;
#1647 = TOROIDAL_SURFACE ( 'NONE', #7713, 0.7000000000000002887, 0.1499999999999999667 ) ;
#1648 = ADVANCED_FACE ( 'NONE', ( #7311 ), #881, .T. ) ;
#1649 = AXIS2_PLACEMENT_3D ( 'NONE', #9059, #1638, #4964 ) ;
#1650 = ORIENTED_EDGE ( 'NONE', *, *, #6172, .T. ) ;
#1651 = PLANE ( 'NONE',  #2548 ) ;
#1652 = SURFACE_SIDE_STYLE ('',( #9069 ) ) ;
#1653 = VECTOR ( 'NONE', #8137, 1000.000000000000000 ) ;
#1654 = CARTESIAN_POINT ( 'NONE',  ( 3.549999999999999378, 2.249999999999998668, -3.000000000000000000 ) ) ;
#1655 = LINE ( 'NONE', #4976, #3193 ) ;
#1656 = VERTEX_POINT ( 'NONE', #10577 ) ;
#1657 = AXIS2_PLACEMENT_3D ( 'NONE', #3296, #6603, #9878 ) ;
#1658 = VERTEX_POINT ( 'NONE', #793 ) ;
#1659 = AXIS2_PLACEMENT_3D ( 'NONE', #4394, #7700, #268 ) ;
#1660 = TOROIDAL_SURFACE ( 'NONE', #7722, 0.7000000000000002887, 0.1499999999999999667 ) ;
#1661 = PRESENTATION_STYLE_ASSIGNMENT (( #9079 ) ) ;
#1662 = PLANE ( 'NONE',  #10306 ) ;
#1663 = ADVANCED_FACE ( 'NONE', ( #4117 ), #7424, .T. ) ;
#1664 = STYLED_ITEM ( 'NONE', ( #7534 ), #8301 ) ;
#1665 = COLOUR_RGB ( '',0.7529411764705882248, 0.7529411764705882248, 0.7529411764705882248 ) ;
#1666 = CARTESIAN_POINT ( 'NONE',  ( 0.8500000000000001998, 0.8000000000000001554, -2.000000000000000000 ) ) ;
#1667 = SURFACE_SIDE_STYLE ('',( #9087 ) ) ;
#1668 =( LENGTH_UNIT ( ) NAMED_UNIT ( * ) SI_UNIT ( .MILLI., .METRE. ) );
#1669 = DIRECTION ( 'NONE',  ( 0.0000000000000000000, -0.0000000000000000000, -1.000000000000000000 ) ) ;
#1670 = FILL_AREA_STYLE_COLOUR ( '', #8754 ) ;
#1671 = VERTEX_POINT ( 'NONE', #436 ) ;
#1672 = CARTESIAN_POINT ( 'NONE',  ( -0.2733390322204207745, 0.06653577074004084213, -0.9900000000000002132 ) ) ;
#1673 = SURFACE_SIDE_STYLE ('',( #9095 ) ) ;
#1674 = AXIS2_PLACEMENT_3D ( 'NONE', #7436, #10704, #3309 ) ;
#1675 = VECTOR ( 'NONE', #10630, 999.9999999999998863 ) ;
#1676 =( GEOMETRIC_REPRESENTATION_CONTEXT ( 3 ) GLOBAL_UNCERTAINTY_ASSIGNED_CONTEXT ( ( #9455 ) ) GLOBAL_UNIT_ASSIGNED_CONTEXT ( ( #3724, #2902, #2077 ) ) REPRESENTATION_CONTEXT ( 'NONE', 'WORKASPACE' ) );
#1677 = DIRECTION ( 'NONE',  ( -0.9353882635801356038, -0.3536223923290757187, 0.0000000000000000000 ) ) ;
#1678 = ORIENTED_EDGE ( 'NONE', *, *, #6805, .F. ) ;
#1679 = MECHANICAL_DESIGN_GEOMETRIC_PRESENTATION_REPRESENTATION (  '', ( #1336 ), #10659 ) ;
#1680 = DIRECTION ( 'NONE',  ( 1.000000000000000000, -2.409338161078899674E-16, -0.0000000000000000000 ) ) ;
#1681 = DIRECTION ( 'NONE',  ( 0.0000000000000000000, -1.000000000000000000, 0.0000000000000000000 ) ) ;
#1682 = EDGE_CURVE ( 'NONE', #7035, #159, #888, .T. ) ;
#1683 = CARTESIAN_POINT ( 'NONE',  ( -0.1902995501673548084, 0.05335206417546477231, -0.9899999999999999911 ) ) ;
#1684 = FILL_AREA_STYLE ('',( #9105 ) ) ;
#1685 = STYLED_ITEM ( 'NONE', ( #9826 ), #5891 ) ;
#1686 =( NAMED_UNIT ( * ) PLANE_ANGLE_UNIT ( ) SI_UNIT ( $, .RADIAN. ) );
#1687 = ADVANCED_FACE ( 'NONE', ( #2934 ), #3885, .T. ) ;
#1688 = VECTOR ( 'NONE', #4804, 1000.000000000000000 ) ;
#1689 =( GEOMETRIC_REPRESENTATION_CONTEXT ( 3 ) GLOBAL_UNCERTAINTY_ASSIGNED_CONTEXT ( ( #10301 ) ) GLOBAL_UNIT_ASSIGNED_CONTEXT ( ( #1585, #775, #10684 ) ) REPRESENTATION_CONTEXT ( 'NONE', 'WORKASPACE' ) );
#1690 = FILL_AREA_STYLE ('',( #9107 ) ) ;
#1691 = ORIENTED_EDGE ( 'NONE', *, *, #3694, .F. ) ;
#1692 = AXIS2_PLACEMENT_3D ( 'NONE', #5500, #8800, #1368 ) ;
#1693 = CIRCLE ( 'NONE', #7765, 0.5000000000000000000 ) ;
#1694 = FILL_AREA_STYLE ('',( #9112 ) ) ;
#1695 = CARTESIAN_POINT ( 'NONE',  ( 0.1989807231903930884, 0.1315190810315705339, -0.9899999999999997691 ) ) ;
#1696 = FILL_AREA_STYLE_COLOUR ( '', #4526 ) ;
#1697 = ORIENTED_EDGE ( 'NONE', *, *, #7205, .F. ) ;
#1698 = DIRECTION ( 'NONE',  ( -1.000000000000000000, 1.239088197126291063E-16, 0.0000000000000000000 ) ) ;
#1699 = ADVANCED_FACE ( 'NONE', ( #6266 ), #894, .T. ) ;
#1700 = CARTESIAN_POINT ( 'NONE',  ( -3.499999999999999556, 2.999999999999999556, -0.5000000000000000000 ) ) ;
#1701 = COLOUR_RGB ( '',1.000000000000000000, 1.000000000000000000, 1.000000000000000000 ) ;
#1702 = PRESENTATION_LAYER_ASSIGNMENT (  '', '', ( #6400 ) ) ;
#1703 = CIRCLE ( 'NONE', #7772, 0.8500000000000003109 ) ;
#1704 = CARTESIAN_POINT ( 'NONE',  ( -0.01556631846003775181, 0.2094496251510745422, -0.9899999999999999911 ) ) ;
#1705 = CARTESIAN_POINT ( 'NONE',  ( -3.550000000000000266, 2.249999999999999556, -3.000000000000000000 ) ) ;
#1706 =( LENGTH_UNIT ( ) NAMED_UNIT ( * ) SI_UNIT ( .MILLI., .METRE. ) );
#1707 = FACE_OUTER_BOUND ( 'NONE', #4286, .T. ) ;
#1708 =( NAMED_UNIT ( * ) PLANE_ANGLE_UNIT ( ) SI_UNIT ( $, .RADIAN. ) );
#1709 = ORIENTED_EDGE ( 'NONE', *, *, #4282, .T. ) ;
#1710 = DIRECTION ( 'NONE',  ( -1.000000000000000000, -1.239088197126291063E-16, 0.0000000000000000000 ) ) ;
#1711 = ADVANCED_FACE ( 'NONE', ( #9995 ), #5618, .T. ) ;
#1712 = FILL_AREA_STYLE_COLOUR ( '', #478 ) ;
#1713 = FILL_AREA_STYLE ('',( #9137 ) ) ;
#1714 = ORIENTED_EDGE ( 'NONE', *, *, #9474, .F. ) ;
#1715 = VERTEX_POINT ( 'NONE', #2589 ) ;
#1716 = SURFACE_STYLE_FILL_AREA ( #9140 ) ;
#1717 = EDGE_CURVE ( 'NONE', #448, #967, #3510, .T. ) ;
#1718 = CARTESIAN_POINT ( 'NONE',  ( -0.3994840013868670714, 0.2070106007608306375, -0.9899999999999999911 ) ) ;
#1719 =( LENGTH_UNIT ( ) NAMED_UNIT ( * ) SI_UNIT ( .MILLI., .METRE. ) );
#1720 = DIRECTION ( 'NONE',  ( -0.0000000000000000000, 0.0000000000000000000, -1.000000000000000000 ) ) ;
#1721 = FACE_OUTER_BOUND ( 'NONE', #5679, .T. ) ;
#1722 = DIRECTION ( 'NONE',  ( -1.239088197126291063E-16, -1.000000000000000000, 0.0000000000000000000 ) ) ;
#1723 = SURFACE_STYLE_USAGE ( .BOTH. , #9149 ) ;
#1724 = SURFACE_STYLE_USAGE ( .BOTH. , #9150 ) ;
#1725 = EDGE_CURVE ( 'NONE', #3949, #104, #5455, .T. ) ;
#1726 = ORIENTED_EDGE ( 'NONE', *, *, #10100, .T. ) ;
#1727 = CARTESIAN_POINT ( 'NONE',  ( -0.2222259852778986355, 0.03512453073702262452, -1.000000000000000000 ) ) ;
#1728 = CARTESIAN_POINT ( 'NONE',  ( -0.3965906279341450680, 0.1958682730698337315, -0.9899999999999999911 ) ) ;
#1729 = FILL_AREA_STYLE_COLOUR ( '', #6369 ) ;
#1730 = VERTEX_POINT ( 'NONE', #1881 ) ;
#1731 =( LENGTH_UNIT ( ) NAMED_UNIT ( * ) SI_UNIT ( .MILLI., .METRE. ) );
#1732 = SURFACE_STYLE_USAGE ( .BOTH. , #9156 ) ;
#1733 = DIRECTION ( 'NONE',  ( 1.000000000000000000, -0.0000000000000000000, -0.0000000000000000000 ) ) ;
#1734 =( NAMED_UNIT ( * ) SI_UNIT ( $, .STERADIAN. ) SOLID_ANGLE_UNIT ( ) );
#1735 = CARTESIAN_POINT ( 'NONE',  ( 0.06116090429939480960, 0.2047392467859495413, -1.000000000000000000 ) ) ;
#1736 =( NAMED_UNIT ( * ) SI_UNIT ( $, .STERADIAN. ) SOLID_ANGLE_UNIT ( ) );
#1737 = ORIENTED_EDGE ( 'NONE', *, *, #6734, .F. ) ;
#1738 = DIRECTION ( 'NONE',  ( 0.0000000000000000000, -1.000000000000000000, 0.0000000000000000000 ) ) ;
#1739 = DIRECTION ( 'NONE',  ( -1.000000000000000000, 1.239088197126291063E-16, 0.0000000000000000000 ) ) ;
#1740 = CARTESIAN_POINT ( 'NONE',  ( 0.1830725980383426099, 0.1890021161431773011, -1.000000000000000000 ) ) ;
#1741 = ORIENTED_EDGE ( 'NONE', *, *, #8662, .T. ) ;
#1742 = CARTESIAN_POINT ( 'NONE',  ( -0.2369538370357162915, 0.06506430708884643199, -0.9900000000000004352 ) ) ;
#1743 = COLOUR_RGB ( '',0.7529411764705882248, 0.7529411764705882248, 0.7529411764705882248 ) ;
#1744 = DIRECTION ( 'NONE',  ( 1.232047923278981953E-16, -1.000000000000000000, 0.0000000000000000000 ) ) ;
#1745 = PRESENTATION_STYLE_ASSIGNMENT (( #9168 ) ) ;
#1746 = UNCERTAINTY_MEASURE_WITH_UNIT (LENGTH_MEASURE( 1.000000000000000082E-05 ), #1706, 'distance_accuracy_value', 'NONE');
#1747 =( LENGTH_UNIT ( ) NAMED_UNIT ( * ) SI_UNIT ( .MILLI., .METRE. ) );
#1748 = DIRECTION ( 'NONE',  ( -1.239088197126291063E-16, 1.000000000000000000, 0.0000000000000000000 ) ) ;
#1749 = DIRECTION ( 'NONE',  ( -1.239088197126291063E-16, -1.000000000000000000, 0.0000000000000000000 ) ) ;
#1750 = EDGE_CURVE ( 'NONE', #3588, #3474, #5197, .T. ) ;
#1751 =( NAMED_UNIT ( * ) PLANE_ANGLE_UNIT ( ) SI_UNIT ( $, .RADIAN. ) );
#1752 = UNCERTAINTY_MEASURE_WITH_UNIT (LENGTH_MEASURE( 1.000000000000000082E-05 ), #2967, 'distance_accuracy_value', 'NONE');
#1753 = DIRECTION ( 'NONE',  ( -1.000000000000000000, -1.239088197126291063E-16, 0.0000000000000000000 ) ) ;
#1754 = ORIENTED_EDGE ( 'NONE', *, *, #3875, .T. ) ;
#1755 = CARTESIAN_POINT ( 'NONE',  ( 0.1848830177735998059, 0.07058067309380795795, -1.000000000000000000 ) ) ;
#1756 = SURFACE_STYLE_USAGE ( .BOTH. , #9176 ) ;
#1757 = STYLED_ITEM ( 'NONE', ( #1400 ), #185 ) ;
#1758 =( NAMED_UNIT ( * ) SI_UNIT ( $, .STERADIAN. ) SOLID_ANGLE_UNIT ( ) );
#1759 = ORIENTED_EDGE ( 'NONE', *, *, #2972, .T. ) ;
#1760 = VERTEX_POINT ( 'NONE', #4380 ) ;
#1761 = CARTESIAN_POINT ( 'NONE',  ( -0.2680406617320496565, 0.1509993965666568960, -0.9999999999999993339 ) ) ;
#1762 = DIRECTION ( 'NONE',  ( 0.0000000000000000000, -1.000000000000000000, 0.0000000000000000000 ) ) ;
#1763 = EDGE_CURVE ( 'NONE', #47, #1381, #7681, .T. ) ;
#1764 = CARTESIAN_POINT ( 'NONE',  ( 3.500000000000000444, -2.900000000000000799, 0.0000000000000000000 ) ) ;
#1765 = CARTESIAN_POINT ( 'NONE',  ( -0.2362696632611994974, 0.1988232798518640709, -0.9899999999999999911 ) ) ;
#1766 = CARTESIAN_POINT ( 'NONE',  ( -0.1951934351757467490, 0.2313189462727532064, -1.000000000000000000 ) ) ;
#1767 = CARTESIAN_POINT ( 'NONE',  ( 0.8500000000000003109, 1.500000000000000444, -2.000000000000000000 ) ) ;
#1768 = ADVANCED_FACE ( 'NONE', ( #6882 ), #4240, .T. ) ;
#1769 =( NAMED_UNIT ( * ) PLANE_ANGLE_UNIT ( ) SI_UNIT ( $, .RADIAN. ) );
#1770 = SURFACE_STYLE_FILL_AREA ( #9190 ) ;
#1771 = EDGE_LOOP ( 'NONE', ( #2155, #4092, #4998, #3552 ) ) ;
#1772 = SURFACE_STYLE_FILL_AREA ( #9192 ) ;
#1773 = SURFACE_STYLE_FILL_AREA ( #9193 ) ;
#1774 = ORIENTED_EDGE ( 'NONE', *, *, #10012, .F. ) ;
#1775 = ADVANCED_FACE ( 'NONE', ( #10154 ), #354, .F. ) ;
#1776 = CARTESIAN_POINT ( 'NONE',  ( 0.07508563492340845913, 0.03207743541199725712, -0.9899999999999999911 ) ) ;
#1777 = CARTESIAN_POINT ( 'NONE',  ( 0.09712423032045001958, 0.2118886495413184468, -0.9899999999999999911 ) ) ;
#1778 = FILL_AREA_STYLE_COLOUR ( '', #942 ) ;
#1779 = ORIENTED_EDGE ( 'NONE', *, *, #5555, .T. ) ;
#1780 = LINE ( 'NONE', #5096, #10683 ) ;
#1781 = CARTESIAN_POINT ( 'NONE',  ( -3.499999999999999556, 2.899999999999999911, 0.0000000000000000000 ) ) ;
#1782 =( GEOMETRIC_REPRESENTATION_CONTEXT ( 3 ) GLOBAL_UNCERTAINTY_ASSIGNED_CONTEXT ( ( #9670 ) ) GLOBAL_UNIT_ASSIGNED_CONTEXT ( ( #3725, #2903, #2079 ) ) REPRESENTATION_CONTEXT ( 'NONE', 'WORKASPACE' ) );
#1783 =( GEOMETRIC_REPRESENTATION_CONTEXT ( 3 ) GLOBAL_UNCERTAINTY_ASSIGNED_CONTEXT ( ( #2062 ) ) GLOBAL_UNIT_ASSIGNED_CONTEXT ( ( #7959, #7138, #6322 ) ) REPRESENTATION_CONTEXT ( 'NONE', 'WORKASPACE' ) );
#1784 = CARTESIAN_POINT ( 'NONE',  ( 0.1283297090570267862, 0.2299065827993552746, -0.9900000000000004352 ) ) ;
#1785 = CARTESIAN_POINT ( 'NONE',  ( -0.1991918501905480809, 0.05354428506074676575, -1.000000000000000000 ) ) ;
#1786 = VERTEX_POINT ( 'NONE', #2854 ) ;
#1787 = CARTESIAN_POINT ( 'NONE',  ( -3.550000000000000711, -2.250000000000000444, -3.000000000000000000 ) ) ;
#1788 = DIRECTION ( 'NONE',  ( -1.517445394471977106E-32, -1.224646799147353207E-16, 1.000000000000000000 ) ) ;
#1789 = MECHANICAL_DESIGN_GEOMETRIC_PRESENTATION_REPRESENTATION (  '', ( #3172 ), #9745 ) ;
#1790 = PRESENTATION_LAYER_ASSIGNMENT (  '', '', ( #7867 ) ) ;
#1791 = CARTESIAN_POINT ( 'NONE',  ( 0.1053178278814256713, 0.02896182027302574707, -1.000000000000000000 ) ) ;
#1792 = DIRECTION ( 'NONE',  ( -1.239088197126291063E-16, 1.000000000000000000, 0.0000000000000000000 ) ) ;
#1793 = VECTOR ( 'NONE', #9583, 1000.000000000000000 ) ;
#1794 = COLOUR_RGB ( '',1.000000000000000000, 1.000000000000000000, 1.000000000000000000 ) ;
#1795 =( LENGTH_UNIT ( ) NAMED_UNIT ( * ) SI_UNIT ( .MILLI., .METRE. ) );
#1796 = CLOSED_SHELL ( 'NONE', ( #6622, #6967, #3770, #2106 ) ) ;
#1797 = FILL_AREA_STYLE_COLOUR ( '', #4758 ) ;
#1798 = MECHANICAL_DESIGN_GEOMETRIC_PRESENTATION_REPRESENTATION (  '', ( #3187 ), #768 ) ;
#1799 = DIRECTION ( 'NONE',  ( 1.445602896647339410E-16, 1.000000000000000000, 0.0000000000000000000 ) ) ;
#1800 = DIRECTION ( 'NONE',  ( 0.0000000000000000000, 1.000000000000000000, 0.0000000000000000000 ) ) ;
#1801 = VERTEX_POINT ( 'NONE', #6184 ) ;
#1802 = DIRECTION ( 'NONE',  ( -1.275531967630004752E-16, -1.000000000000000000, 0.0000000000000000000 ) ) ;
#1803 = PRESENTATION_LAYER_ASSIGNMENT (  '', '', ( #6494 ) ) ;
#1804 = COLOUR_RGB ( '',1.000000000000000000, 1.000000000000000000, 1.000000000000000000 ) ;
#1805 = EDGE_CURVE ( 'NONE', #5095, #5604, #3420, .T. ) ;
#1806 =( GEOMETRIC_REPRESENTATION_CONTEXT ( 3 ) GLOBAL_UNCERTAINTY_ASSIGNED_CONTEXT ( ( #9007 ) ) GLOBAL_UNIT_ASSIGNED_CONTEXT ( ( #9019, #8227, #7415 ) ) REPRESENTATION_CONTEXT ( 'NONE', 'WORKASPACE' ) );
#1807 = FILL_AREA_STYLE_COLOUR ( '', #2725 ) ;
#1808 = EDGE_CURVE ( 'NONE', #711, #6438, #2016, .T. ) ;
#1809 = DIRECTION ( 'NONE',  ( 0.0000000000000000000, 1.000000000000000000, 0.0000000000000000000 ) ) ;
#1810 = ORIENTED_EDGE ( 'NONE', *, *, #3801, .F. ) ;
#1811 = VERTEX_POINT ( 'NONE', #7851 ) ;
#1812 = PRESENTATION_LAYER_ASSIGNMENT (  '', '', ( #7890 ) ) ;
#1813 = PRESENTATION_STYLE_ASSIGNMENT (( #9224 ) ) ;
#1814 = CARTESIAN_POINT ( 'NONE',  ( -0.1998098234363151204, 0.2092766779854143833, -1.000000000000000222 ) ) ;
#1815 = AXIS2_PLACEMENT_3D ( 'NONE', #8697, #1248, #4574 ) ;
#1816 =( GEOMETRIC_REPRESENTATION_CONTEXT ( 3 ) GLOBAL_UNCERTAINTY_ASSIGNED_CONTEXT ( ( #4249 ) ) GLOBAL_UNIT_ASSIGNED_CONTEXT ( ( #10120, #9330, #8533 ) ) REPRESENTATION_CONTEXT ( 'NONE', 'WORKASPACE' ) );
#1817 = TOROIDAL_SURFACE ( 'NONE', #7896, 0.7000000000000002887, 0.1499999999999999667 ) ;
#1818 = PLANE ( 'NONE',  #9258 ) ;
#1819 = CARTESIAN_POINT ( 'NONE',  ( -0.2920594327297974524, 0.1647414405379177826, -0.9999999999999995559 ) ) ;
#1820 = COLOUR_RGB ( '',0.9882352941176471006, 0.7372549019607843590, 0.5176470588235293491 ) ;
#1821 = DIRECTION ( 'NONE',  ( -0.0000000000000000000, -0.0000000000000000000, 1.000000000000000000 ) ) ;
#1822 = CARTESIAN_POINT ( 'NONE',  ( 1.450000000000000178, 1.500000000000000444, -2.000000000000000000 ) ) ;
#1823 = VECTOR ( 'NONE', #4724, 1000.000000000000000 ) ;
#1824 = PLANE ( 'NONE',  #750 ) ;
#1825 = ADVANCED_FACE ( 'NONE', ( #401 ), #3740, .F. ) ;
#1826 =( GEOMETRIC_REPRESENTATION_CONTEXT ( 3 ) GLOBAL_UNCERTAINTY_ASSIGNED_CONTEXT ( ( #10 ) ) GLOBAL_UNIT_ASSIGNED_CONTEXT ( ( #9320, #8523, #7699 ) ) REPRESENTATION_CONTEXT ( 'NONE', 'WORKASPACE' ) );
#1827 = ORIENTED_EDGE ( 'NONE', *, *, #2248, .T. ) ;
#1828 = DIRECTION ( 'NONE',  ( -1.000000000000000000, 1.204669080539449590E-16, -0.0000000000000000000 ) ) ;
#1829 = FILL_AREA_STYLE_COLOUR ( '', #2531 ) ;
#1830 = PRODUCT_DEFINITION_FORMATION_WITH_SPECIFIED_SOURCE ( '任何', '', #5694, .NOT_KNOWN. ) ;
#1831 = MECHANICAL_DESIGN_GEOMETRIC_PRESENTATION_REPRESENTATION (  '', ( #442 ), #4639 ) ;
#1832 = PRESENTATION_LAYER_ASSIGNMENT (  '', '', ( #6523 ) ) ;
#1833 = ORIENTED_EDGE ( 'NONE', *, *, #7520, .F. ) ;
#1834 = CARTESIAN_POINT ( 'NONE',  ( -0.2326630711452837563, 0.2249341417741730353, -0.9899999999999999911 ) ) ;
#1835 = CARTESIAN_POINT ( 'NONE',  ( 0.1721829956187173605, 0.1263424571826519960, -0.9899999999999997691 ) ) ;
#1836 = LINE ( 'NONE', #5153, #1319 ) ;
#1837 = AXIS2_PLACEMENT_3D ( 'NONE', #3221, #6542, #9821 ) ;
#1838 = VERTEX_POINT ( 'NONE', #1346 ) ;
#1839 = DIRECTION ( 'NONE',  ( -0.0000000000000000000, -0.0000000000000000000, -1.000000000000000000 ) ) ;
#1840 = EDGE_CURVE ( 'NONE', #10628, #6056, #10491, .T. ) ;
#1841 = ORIENTED_EDGE ( 'NONE', *, *, #437, .F. ) ;
#1842 = FILL_AREA_STYLE ('',( #9266 ) ) ;
#1843 = AXIS2_PLACEMENT_3D ( 'NONE', #1351, #4677, #7979 ) ;
#1844 = AXIS2_PLACEMENT_3D ( 'NONE', #2677, #6007, #9293 ) ;
#1845 = CARTESIAN_POINT ( 'NONE',  ( -0.3956349160210134719, 0.1929862105169281861, -1.000000000000000000 ) ) ;
#1846 = EDGE_CURVE ( 'NONE', #2457, #9108, #3845, .T. ) ;
#1847 = SURFACE_STYLE_USAGE ( .BOTH. , #9273 ) ;
#1848 = VECTOR ( 'NONE', #2293, 1000.000000000000000 ) ;
#1849 = FACE_OUTER_BOUND ( 'NONE', #3371, .T. ) ;
#1850 = CARTESIAN_POINT ( 'NONE',  ( -0.2680742036532294259, 0.1155778795211428178, -1.000000000000000222 ) ) ;
#1851 = STYLED_ITEM ( 'NONE', ( #4589 ), #8725 ) ;
#1852 = AXIS2_PLACEMENT_3D ( 'NONE', #5522, #8823, #1386 ) ;
#1853 = ORIENTED_EDGE ( 'NONE', *, *, #5526, .F. ) ;
#1854 = CARTESIAN_POINT ( 'NONE',  ( 1.450000000000000178, -1.500000000000000444, -2.000000000000000000 ) ) ;
#1855 = UNCERTAINTY_MEASURE_WITH_UNIT (LENGTH_MEASURE( 1.000000000000000082E-05 ), #1300, 'distance_accuracy_value', 'NONE');
#1856 = AXIS2_PLACEMENT_3D ( 'NONE', #5346, #8656, #1207 ) ;
#1857 = AXIS2_PLACEMENT_3D ( 'NONE', #10228, #2821, #6154 ) ;
#1858 = ADVANCED_FACE ( 'NONE', ( #3005 ), #6350, .T. ) ;
#1859 = LINE ( 'NONE', #1201, #4081 ) ;
#1860 = SURFACE_SIDE_STYLE ('',( #9282 ) ) ;
#1861 = UNCERTAINTY_MEASURE_WITH_UNIT (LENGTH_MEASURE( 1.000000000000000082E-05 ), #8182, 'distance_accuracy_value', 'NONE');
#1862 = ORIENTED_EDGE ( 'NONE', *, *, #6594, .F. ) ;
#1863 = PRESENTATION_LAYER_ASSIGNMENT (  '', '', ( #6558 ) ) ;
#1864 = CARTESIAN_POINT ( 'NONE',  ( 0.1273354912857676269, 0.2064588104196278251, -0.9900000000000002132 ) ) ;
#1865 = VECTOR ( 'NONE', #1934, 1000.000000000000000 ) ;
#1866 = STYLED_ITEM ( 'NONE', ( #2000 ), #5495 ) ;
#1867 = DIRECTION ( 'NONE',  ( -0.0000000000000000000, 0.0000000000000000000, -1.000000000000000000 ) ) ;
#1868 = ORIENTED_EDGE ( 'NONE', *, *, #6889, .F. ) ;
#1869 = ORIENTED_EDGE ( 'NONE', *, *, #4872, .F. ) ;
#1870 = CARTESIAN_POINT ( 'NONE',  ( 0.0000000000000000000, 0.0000000000000000000, -0.5000000000000000000 ) ) ;
#1871 = CARTESIAN_POINT ( 'NONE',  ( -0.04999999999999960726, 2.200000000000000622, -2.000000000000000000 ) ) ;
#1872 = CARTESIAN_POINT ( 'NONE',  ( -1.549999999999999600, -2.350000000000000533, -2.000000000000000000 ) ) ;
#1873 = CIRCLE ( 'NONE', #7957, 0.1499999999999999667 ) ;
#1874 = SURFACE_STYLE_USAGE ( .BOTH. , #9294 ) ;
#1875 = DIRECTION ( 'NONE',  ( 0.0000000000000000000, -1.000000000000000000, 0.0000000000000000000 ) ) ;
#1876 = CARTESIAN_POINT ( 'NONE',  ( 1.649999999999999023, 2.999999999999998668, -1.000000000000000000 ) ) ;
#1877 = CARTESIAN_POINT ( 'NONE',  ( 0.09983410269335210585, 0.2118303823241229344, -1.000000000000000444 ) ) ;
#1878 = DIRECTION ( 'NONE',  ( -1.000000000000000000, 1.239088197126291063E-16, 0.0000000000000000000 ) ) ;
#1879 = PRESENTATION_STYLE_ASSIGNMENT (( #9305 ) ) ;
#1880 = EDGE_LOOP ( 'NONE', ( #9771, #10153, #4145, #7227 ) ) ;
#1881 = CARTESIAN_POINT ( 'NONE',  ( 1.749999999999999778, 2.000000000000000000, -2.000000000000000000 ) ) ;
#1882 =( NAMED_UNIT ( * ) PLANE_ANGLE_UNIT ( ) SI_UNIT ( $, .RADIAN. ) );
#1883 = FILL_AREA_STYLE ('',( #9309 ) ) ;
#1884 =( NAMED_UNIT ( * ) SI_UNIT ( $, .STERADIAN. ) SOLID_ANGLE_UNIT ( ) );
#1885 = EDGE_CURVE ( 'NONE', #3098, #9611, #9285, .T. ) ;
#1886 = VERTEX_POINT ( 'NONE', #3120 ) ;
#1887 = CARTESIAN_POINT ( 'NONE',  ( -0.2960541233380866166, 0.1339160885657086908, -0.9899999999999999911 ) ) ;
#1888 = CARTESIAN_POINT ( 'NONE',  ( 0.1613986357282784501, 0.08353952764844731205, -0.9999999999999997780 ) ) ;
#1889 = SURFACE_STYLE_USAGE ( .BOTH. , #9315 ) ;
#1890 = EDGE_LOOP ( 'NONE', ( #7634, #7111, #1580, #10376 ) ) ;
#1891 = DIRECTION ( 'NONE',  ( -0.0000000000000000000, -0.0000000000000000000, -1.000000000000000000 ) ) ;
#1892 = ORIENTED_EDGE ( 'NONE', *, *, #5565, .F. ) ;
#1893 =( NAMED_UNIT ( * ) SI_UNIT ( $, .STERADIAN. ) SOLID_ANGLE_UNIT ( ) );
#1894 = EDGE_CURVE ( 'NONE', #2398, #3987, #6447, .T. ) ;
#1895 = SURFACE_STYLE_FILL_AREA ( #9321 ) ;
#1896 = ORIENTED_EDGE ( 'NONE', *, *, #2291, .T. ) ;
#1897 = DIRECTION ( 'NONE',  ( 1.000000000000000000, -2.409338161078899180E-16, 0.0000000000000000000 ) ) ;
#1898 = CARTESIAN_POINT ( 'NONE',  ( -5.421010862427524142E-16, -2.250000000000000444, -3.500000000000000000 ) ) ;
#1899 = PLANE ( 'NONE',  #9298 ) ;
#1900 = ADVANCED_FACE ( 'NONE', ( #5625 ), #8929, .T. ) ;
#1901 = SURFACE_STYLE_USAGE ( .BOTH. , #9327 ) ;
#1902 = SURFACE_STYLE_FILL_AREA ( #9331 ) ;
#1903 = CARTESIAN_POINT ( 'NONE',  ( -3.499999999999999556, 2.999999999999999556, -3.500000000000000000 ) ) ;
#1904 = COLOUR_RGB ( '',0.7529411764705882248, 0.7529411764705882248, 0.7529411764705882248 ) ;
#1905 = DIRECTION ( 'NONE',  ( 1.000000000000000000, -1.204669080539449590E-16, 0.0000000000000000000 ) ) ;
#1906 = CARTESIAN_POINT ( 'NONE',  ( 0.1722385595887427345, 0.1292666983218062615, -0.9899999999999999911 ) ) ;
#1907 = EDGE_CURVE ( 'NONE', #5257, #3050, #2199, .T. ) ;
#1908 = VERTEX_POINT ( 'NONE', #5735 ) ;
#1909 = CARTESIAN_POINT ( 'NONE',  ( -0.3590495501673549028, 0.08749840563887940903, -1.000000000000000000 ) ) ;
#1910 = DIRECTION ( 'NONE',  ( 1.000000000000000000, 0.0000000000000000000, 0.0000000000000000000 ) ) ;
#1911 = ORIENTED_EDGE ( 'NONE', *, *, #5160, .F. ) ;
#1912 = ORIENTED_EDGE ( 'NONE', *, *, #2379, .F. ) ;
#1913 = FILL_AREA_STYLE_COLOUR ( '', #1271 ) ;
#1914 =( GEOMETRIC_REPRESENTATION_CONTEXT ( 3 ) GLOBAL_UNCERTAINTY_ASSIGNED_CONTEXT ( ( #4497 ) ) GLOBAL_UNIT_ASSIGNED_CONTEXT ( ( #7265, #6451, #5634 ) ) REPRESENTATION_CONTEXT ( 'NONE', 'WORKASPACE' ) );
#1915 =( LENGTH_UNIT ( ) NAMED_UNIT ( * ) SI_UNIT ( .MILLI., .METRE. ) );
#1916 = CARTESIAN_POINT ( 'NONE',  ( 1.750000000000000222, 2.999999999999998668, -3.500000000000000000 ) ) ;
#1917 = DIRECTION ( 'NONE',  ( 0.0000000000000000000, 1.000000000000000000, 0.0000000000000000000 ) ) ;
#1918 = ORIENTED_EDGE ( 'NONE', *, *, #3044, .T. ) ;
#1919 = DIRECTION ( 'NONE',  ( -1.239088197126291063E-16, 1.000000000000000000, 0.0000000000000000000 ) ) ;
#1920 =( LENGTH_UNIT ( ) NAMED_UNIT ( * ) SI_UNIT ( .MILLI., .METRE. ) );
#1921 = DIRECTION ( 'NONE',  ( 0.0000000000000000000, 0.0000000000000000000, 1.000000000000000000 ) ) ;
#1922 = CARTESIAN_POINT ( 'NONE',  ( 0.1460284743902831583, 0.1948520724132572768, -0.9899999999999995470 ) ) ;
#1923 = CARTESIAN_POINT ( 'NONE',  ( -0.2692248550454036105, 0.1333444422242452687, -0.9999999999999993339 ) ) ;
#1924 = ORIENTED_EDGE ( 'NONE', *, *, #6301, .F. ) ;
#1925 = SURFACE_SIDE_STYLE ('',( #9352 ) ) ;
#1926 = CARTESIAN_POINT ( 'NONE',  ( 0.08463784330745109663, 0.2111454300135160445, -0.9899999999999997691 ) ) ;
#1927 =( NAMED_UNIT ( * ) SI_UNIT ( $, .STERADIAN. ) SOLID_ANGLE_UNIT ( ) );
#1928 = PLANE ( 'NONE',  #10305 ) ;
#1929 = SURFACE_STYLE_USAGE ( .BOTH. , #9356 ) ;
#1930 = B_SPLINE_SURFACE_WITH_KNOTS ( 'NONE', 3, 1, ( 
 ( #3507, #1923 ),
 ( #5245, #8557 ),
 ( #1117, #4446 ),
 ( #7747, #306 ),
 ( #3633, #6930 ),
 ( #10200, #2790 ),
 ( #6118, #9401 ),
 ( #1975, #5305 ),
 ( #8625, #1176 ),
 ( #4504, #7801 ),
 ( #352, #3674 ),
 ( #6981, #10248 ),
 ( #2851, #6182 ),
 ( #9473, #2037 ),
 ( #5362, #8672 ),
 ( #1225, #4549 ),
 ( #7849, #399 ),
 ( #3735, #7047 ),
 ( #10317, #2911 ) ),
 .UNSPECIFIED., .F., .F., .F.,
 ( 4, 1, 1, 1, 1, 1, 1, 1, 1, 1, 1, 1, 1, 1, 1, 1, 4 ),
 ( 2, 2 ),
 ( 0.0000000000000000000, 0.07430379644281605300, 0.1443936103644180846, 0.2104994961032796985, 0.2735426065034679555, 0.3338247445790732404, 0.3925296724085029498, 0.4500874545995855458, 0.5078206115557879485, 0.5654649127768468508, 0.6231487223336199532, 0.6812971927909358127, 0.7409134981565812517, 0.8018557521958583623, 0.8652412377209435235, 0.9309416570467442531, 1.000000000000000000 ),
 ( 0.0000000000000000000, 1.000000000000000000 ),
 .UNSPECIFIED. ) ;
#1931 = ORIENTED_EDGE ( 'NONE', *, *, #9009, .T. ) ;
#1932 = CARTESIAN_POINT ( 'NONE',  ( 0.1236022069861121980, 0.05374865240460126314, -0.9899999999999999911 ) ) ;
#1933 = EDGE_LOOP ( 'NONE', ( #8520, #7841, #2878, #3917, #4044, #1530, #9612, #400, #8335, #4206 ) ) ;
#1934 = DIRECTION ( 'NONE',  ( 0.0000000000000000000, 0.0000000000000000000, -1.000000000000000000 ) ) ;
#1935 = ORIENTED_EDGE ( 'NONE', *, *, #5036, .T. ) ;
#1936 = FACE_OUTER_BOUND ( 'NONE', #8863, .T. ) ;
#1937 = EDGE_CURVE ( 'NONE', #3588, #2861, #9023, .T. ) ;
#1938 = FILL_AREA_STYLE ('',( #9365 ) ) ;
#1939 = LINE ( 'NONE', #5261, #9272 ) ;
#1940 = FILL_AREA_STYLE_COLOUR ( '', #9099 ) ;
#1941 = CARTESIAN_POINT ( 'NONE',  ( -1.249999999999999556, 1.500000000000000444, -2.000000000000000000 ) ) ;
#1942 = VERTEX_POINT ( 'NONE', #8231 ) ;
#1943 = CARTESIAN_POINT ( 'NONE',  ( 0.01126294983264515548, 0.2314008446632696836, -0.9899999999999999911 ) ) ;
#1944 = CARTESIAN_POINT ( 'NONE',  ( 3.549999999999999378, 0.7499999999999986677, -3.000000000000000000 ) ) ;
#1945 = EDGE_CURVE ( 'NONE', #1381, #2503, #789, .T. ) ;
#1946 = PRESENTATION_LAYER_ASSIGNMENT (  '', '', ( #8032 ) ) ;
#1947 = UNCERTAINTY_MEASURE_WITH_UNIT (LENGTH_MEASURE( 1.000000000000000082E-05 ), #3053, 'distance_accuracy_value', 'NONE');
#1948 =( GEOMETRIC_REPRESENTATION_CONTEXT ( 3 ) GLOBAL_UNCERTAINTY_ASSIGNED_CONTEXT ( ( #10286 ) ) GLOBAL_UNIT_ASSIGNED_CONTEXT ( ( #6055, #5228, #4421 ) ) REPRESENTATION_CONTEXT ( 'NONE', 'WORKASPACE' ) );
#1949 = SURFACE_STYLE_USAGE ( .BOTH. , #9380 ) ;
#1950 = SURFACE_STYLE_FILL_AREA ( #9381 ) ;
#1951 = DIRECTION ( 'NONE',  ( -1.445602896647339410E-16, -1.000000000000000000, -0.0000000000000000000 ) ) ;
#1952 = ORIENTED_EDGE ( 'NONE', *, *, #6187, .T. ) ;
#1953 = FILL_AREA_STYLE_COLOUR ( '', #1701 ) ;
#1954 =( GEOMETRIC_REPRESENTATION_CONTEXT ( 3 ) GLOBAL_UNCERTAINTY_ASSIGNED_CONTEXT ( ( #1185 ) ) GLOBAL_UNIT_ASSIGNED_CONTEXT ( ( #616, #10527, #9713 ) ) REPRESENTATION_CONTEXT ( 'NONE', 'WORKASPACE' ) );
#1955 = PRESENTATION_LAYER_ASSIGNMENT (  '', '', ( #6649 ) ) ;
#1956 = UNCERTAINTY_MEASURE_WITH_UNIT (LENGTH_MEASURE( 1.000000000000000082E-05 ), #1347, 'distance_accuracy_value', 'NONE');
#1957 = ORIENTED_EDGE ( 'NONE', *, *, #7150, .F. ) ;
#1958 = ORIENTED_EDGE ( 'NONE', *, *, #10006, .F. ) ;
#1959 = CLOSED_SHELL ( 'NONE', ( #10507, #2633, #544, #10147, #3614, #7829 ) ) ;
#1960 = CIRCLE ( 'NONE', #6652, 0.5500000000000003775 ) ;
#1961 = DIRECTION ( 'NONE',  ( -1.239088197126291063E-16, 1.000000000000000000, 0.0000000000000000000 ) ) ;
#1962 = LINE ( 'NONE', #5292, #10123 ) ;
#1963 = ADVANCED_FACE ( 'NONE', ( #10690 ), #3291, .T. ) ;
#1964 = UNCERTAINTY_MEASURE_WITH_UNIT (LENGTH_MEASURE( 1.000000000000000082E-05 ), #6355, 'distance_accuracy_value', 'NONE');
#1965 = LINE ( 'NONE', #5295, #2680 ) ;
#1966 = SURFACE_SIDE_STYLE ('',( #9392 ) ) ;
#1967 = PRESENTATION_LAYER_ASSIGNMENT (  '', '', ( #6659 ) ) ;
#1968 = AXIS2_PLACEMENT_3D ( 'NONE', #4022, #7328, #10604 ) ;
#1969 = ORIENTED_EDGE ( 'NONE', *, *, #6276, .F. ) ;
#1970 = CARTESIAN_POINT ( 'NONE',  ( -1.549999999999999600, -2.200000000000000622, -2.000000000000000000 ) ) ;
#1971 = STYLED_ITEM ( 'NONE', ( #6407 ), #544 ) ;
#1972 = SURFACE_STYLE_USAGE ( .BOTH. , #9396 ) ;
#1973 = CARTESIAN_POINT ( 'NONE',  ( 0.1694444891903013062, 0.1554586752350471668, -0.9999999999999997780 ) ) ;
#1974 = CARTESIAN_POINT ( 'NONE',  ( -0.08629802577711097322, 0.1435959666144891733, -0.9899999999999999911 ) ) ;
#1975 = CARTESIAN_POINT ( 'NONE',  ( -0.2572912302160101361, 0.1796899146309494100, -0.9899999999999999911 ) ) ;
#1976 = VECTOR ( 'NONE', #2365, 1000.000000000000000 ) ;
#1977 = CIRCLE ( 'NONE', #8066, 0.8500000000000000888 ) ;
#1978 = ORIENTED_EDGE ( 'NONE', *, *, #10348, .F. ) ;
#1979 = FACE_OUTER_BOUND ( 'NONE', #6202, .T. ) ;
#1980 = EDGE_CURVE ( 'NONE', #1045, #10516, #895, .T. ) ;
#1981 =( LENGTH_UNIT ( ) NAMED_UNIT ( * ) SI_UNIT ( .MILLI., .METRE. ) );
#1982 = COLOUR_RGB ( '',0.9882352941176471006, 0.7372549019607843590, 0.5176470588235293491 ) ;
#1983 = B_SPLINE_CURVE_WITH_KNOTS ( 'NONE', 3,
 ( #49, #3374, #6689, #9964, #2559, #5881, #9166, #1742, #5056, #8370, #920, #4244, #7556, #116, #3438, #6740, #10011, #2609, #5923 ),
 .UNSPECIFIED., .F., .F.,
 ( 4, 1, 1, 1, 1, 1, 1, 1, 1, 1, 1, 1, 1, 1, 1, 1, 4 ),
 ( 0.0000000000000000000, 0.07082657255516341954, 0.1381690332798000131, 0.2024753315338422566, 0.2639737544135198899, 0.3233803205980371187, 0.3817976227131855138, 0.4393900745193891066, 0.4969027245459974873, 0.5546621696093702036, 0.6127418784921975226, 0.6715388363911724001, 0.7316557220901982461, 0.7942978116139532974, 0.8594822049793585661, 0.9276813254527901398, 1.000000000000000000 ),
 .UNSPECIFIED. ) ;
#1984 =( GEOMETRIC_REPRESENTATION_CONTEXT ( 3 ) GLOBAL_UNCERTAINTY_ASSIGNED_CONTEXT ( ( #7179 ) ) GLOBAL_UNIT_ASSIGNED_CONTEXT ( ( #8416, #7593, #6772 ) ) REPRESENTATION_CONTEXT ( 'NONE', 'WORKASPACE' ) );
#1985 = ORIENTED_EDGE ( 'NONE', *, *, #3250, .T. ) ;
#1986 = CARTESIAN_POINT ( 'NONE',  ( -0.1951934351757467490, 0.2313189462727532064, -0.9899999999999999911 ) ) ;
#1987 = COLOUR_RGB ( '',0.7529411764705882248, 0.7529411764705882248, 0.7529411764705882248 ) ;
#1988 = PRESENTATION_LAYER_ASSIGNMENT (  '', '', ( #6681 ) ) ;
#1989 = CARTESIAN_POINT ( 'NONE',  ( 0.5500000000000002665, -0.6500000000000001332, -2.000000000000000000 ) ) ;
#1990 = CIRCLE ( 'NONE', #8074, 0.5500000000000001554 ) ;
#1991 = LINE ( 'NONE', #5317, #3501 ) ;
#1992 = CARTESIAN_POINT ( 'NONE',  ( 0.05512506691993533658, 0.2278767797689575381, -1.000000000000000222 ) ) ;
#1993 = DIRECTION ( 'NONE',  ( -0.0000000000000000000, -0.0000000000000000000, -1.000000000000000000 ) ) ;
#1994 = EDGE_LOOP ( 'NONE', ( #5568, #8518, #10711, #3450 ) ) ;
#1995 = CARTESIAN_POINT ( 'NONE',  ( 0.1598493380493382077, 0.04402090743545410828, -0.9900000000000002132 ) ) ;
#1996 =( NAMED_UNIT ( * ) SI_UNIT ( $, .STERADIAN. ) SOLID_ANGLE_UNIT ( ) );
#1997 = AXIS2_PLACEMENT_3D ( 'NONE', #3462, #6763, #10034 ) ;
#1998 =( LENGTH_UNIT ( ) NAMED_UNIT ( * ) SI_UNIT ( .MILLI., .METRE. ) );
#1999 = COLOUR_RGB ( '',0.2509803921568627416, 0.2509803921568627416, 0.2509803921568627416 ) ;
#2000 = PRESENTATION_STYLE_ASSIGNMENT (( #9427 ) ) ;
#2001 = CARTESIAN_POINT ( 'NONE',  ( 0.1551212005253814752, 0.2175495291664651665, -1.000000000000000222 ) ) ;
#2002 = VERTEX_POINT ( 'NONE', #73 ) ;
#2003 = CARTESIAN_POINT ( 'NONE',  ( -0.6499999999999996891, -0.8000000000000001554, -2.000000000000000000 ) ) ;
#2004 =( GEOMETRIC_REPRESENTATION_CONTEXT ( 3 ) GLOBAL_UNCERTAINTY_ASSIGNED_CONTEXT ( ( #2720 ) ) GLOBAL_UNIT_ASSIGNED_CONTEXT ( ( #6817, #6025, #5200 ) ) REPRESENTATION_CONTEXT ( 'NONE', 'WORKASPACE' ) );
#2005 = AXIS2_PLACEMENT_3D ( 'NONE', #8232, #790, #4111 ) ;
#2006 = CARTESIAN_POINT ( 'NONE',  ( 0.05028734007654758753, 0.2259130397852208705, -0.9899999999999999911 ) ) ;
#2007 = CARTESIAN_POINT ( 'NONE',  ( -0.6499999999999995781, 1.500000000000000444, -2.000000000000000000 ) ) ;
#2008 = VECTOR ( 'NONE', #10195, 1000.000000000000000 ) ;
#2009 = MECHANICAL_DESIGN_GEOMETRIC_PRESENTATION_REPRESENTATION (  '', ( #624 ), #4811 ) ;
#2010 = VECTOR ( 'NONE', #3626, 1000.000000000000000 ) ;
#2011 = PRESENTATION_STYLE_ASSIGNMENT (( #9442 ) ) ;
#2012 = CARTESIAN_POINT ( 'NONE',  ( 3.815815714343071097, 1.499999999999998668, -3.000000000000000000 ) ) ;
#2013 = LINE ( 'NONE', #5344, #7939 ) ;
#2014 = EDGE_CURVE ( 'NONE', #2205, #8977, #3398, .T. ) ;
#2015 = CARTESIAN_POINT ( 'NONE',  ( -0.4017515972255387147, 0.1956056797249307311, -1.000000000000000222 ) ) ;
#2016 = CIRCLE ( 'NONE', #6709, 0.1499999999999999667 ) ;
#2017 = SURFACE_SIDE_STYLE ('',( #9452 ) ) ;
#2018 = ORIENTED_EDGE ( 'NONE', *, *, #2188, .F. ) ;
#2019 = AXIS2_PLACEMENT_3D ( 'NONE', #6750, #10020, #2619 ) ;
#2020 = PRESENTATION_LAYER_ASSIGNMENT (  '', '', ( #6713 ) ) ;
#2021 = CIRCLE ( 'NONE', #8109, 0.1499999999999999667 ) ;
#2022 = DIRECTION ( 'NONE',  ( -1.000000000000000000, -1.239088197126291063E-16, 0.0000000000000000000 ) ) ;
#2023 = ORIENTED_EDGE ( 'NONE', *, *, #10692, .T. ) ;
#2024 = ORIENTED_EDGE ( 'NONE', *, *, #10488, .F. ) ;
#2025 = FILL_AREA_STYLE ('',( #9462 ) ) ;
#2026 = FILL_AREA_STYLE ('',( #9463 ) ) ;
#2027 = FILL_AREA_STYLE ('',( #9464 ) ) ;
#2028 = PRESENTATION_LAYER_ASSIGNMENT (  '', '', ( #6718 ) ) ;
#2029 = CARTESIAN_POINT ( 'NONE',  ( -0.3974186560519732958, 0.1991262353145079600, -0.9900000000000002132 ) ) ;
#2030 = EDGE_CURVE ( 'NONE', #4060, #2750, #10043, .T. ) ;
#2031 = VECTOR ( 'NONE', #10664, 1000.000000000000000 ) ;
#2032 = VECTOR ( 'NONE', #4897, 999.9999999999998863 ) ;
#2033 = PRESENTATION_STYLE_ASSIGNMENT (( #9468 ) ) ;
#2034 =( NAMED_UNIT ( * ) PLANE_ANGLE_UNIT ( ) SI_UNIT ( $, .RADIAN. ) );
#2035 = FILL_AREA_STYLE ('',( #9471 ) ) ;
#2036 = EDGE_CURVE ( 'NONE', #10685, #5233, #1012, .T. ) ;
#2037 = CARTESIAN_POINT ( 'NONE',  ( -0.2229455409791067655, 0.2048137931291728608, -0.9999999999999991118 ) ) ;
#2038 = ORIENTED_EDGE ( 'NONE', *, *, #7628, .T. ) ;
#2039 = DIRECTION ( 'NONE',  ( -1.000000000000000000, 1.239088197126291063E-16, 0.0000000000000000000 ) ) ;
#2040 = DIRECTION ( 'NONE',  ( 1.000000000000000000, 4.956352788505162282E-16, 0.0000000000000000000 ) ) ;
#2041 =( NAMED_UNIT ( * ) PLANE_ANGLE_UNIT ( ) SI_UNIT ( $, .RADIAN. ) );
#2042 = CARTESIAN_POINT ( 'NONE',  ( 0.09735288885703542727, 0.2338398690535135604, -1.000000000000000000 ) ) ;
#2043 = CARTESIAN_POINT ( 'NONE',  ( -0.4023213106060914424, 0.1937841774075503010, -0.9900000000000002132 ) ) ;
#2044 = CARTESIAN_POINT ( 'NONE',  ( 0.05212580610231487555, 0.06268240699839384977, -1.000000000000000000 ) ) ;
#2045 = EDGE_LOOP ( 'NONE', ( #4176, #1359, #2729, #2551 ) ) ;
#2046 = CARTESIAN_POINT ( 'NONE',  ( -0.2504786955159807871, 0.2166237985200923644, -0.9999999999999997780 ) ) ;
#2047 = CARTESIAN_POINT ( 'NONE',  ( -0.9499999999999995115, -1.500000000000000444, -2.000000000000000000 ) ) ;
#2048 = DIRECTION ( 'NONE',  ( -1.000000000000000000, 1.239088197126291063E-16, 0.0000000000000000000 ) ) ;
#2049 = VERTEX_POINT ( 'NONE', #184 ) ;
#2050 = SURFACE_STYLE_FILL_AREA ( #9490 ) ;
#2051 = CARTESIAN_POINT ( 'NONE',  ( 0.1928745317889363209, 0.08748266555673742118, -1.000000000000000000 ) ) ;
#2052 =( LENGTH_UNIT ( ) NAMED_UNIT ( * ) SI_UNIT ( .MILLI., .METRE. ) );
#2053 = DIRECTION ( 'NONE',  ( -1.239088197126291063E-16, 1.000000000000000000, 0.0000000000000000000 ) ) ;
#2054 = DIRECTION ( 'NONE',  ( -1.000000000000000000, 1.239088197126291063E-16, 0.0000000000000000000 ) ) ;
#2055 = CARTESIAN_POINT ( 'NONE',  ( 0.0000000000000000000, 0.0000000000000000000, -3.500000000000000000 ) ) ;
#2056 = DIRECTION ( 'NONE',  ( 0.0000000000000000000, -1.000000000000000000, 0.0000000000000000000 ) ) ;
#2057 = ORIENTED_EDGE ( 'NONE', *, *, #2350, .T. ) ;
#2058 = DIRECTION ( 'NONE',  ( -0.0000000000000000000, 0.0000000000000000000, 1.000000000000000000 ) ) ;
#2059 = DIRECTION ( 'NONE',  ( -1.517445394471977106E-32, 1.224646799147353207E-16, -1.000000000000000000 ) ) ;
#2060 = SURFACE_SIDE_STYLE ('',( #9500 ) ) ;
#2061 = B_SPLINE_CURVE_WITH_KNOTS ( 'NONE', 3,
 ( #1321, #4024, #7330, #10607, #3208, #6528, #9811 ),
 .UNSPECIFIED., .F., .F.,
 ( 4, 1, 1, 1, 4 ),
 ( 0.0000000000000000000, 0.1744817153170503676, 0.3982857591281118714, 0.6738978473986658724, 0.9999999999999998890 ),
 .UNSPECIFIED. ) ;
#2062 = UNCERTAINTY_MEASURE_WITH_UNIT (LENGTH_MEASURE( 1.000000000000000082E-05 ), #7959, 'distance_accuracy_value', 'NONE');
#2063 = CARTESIAN_POINT ( 'NONE',  ( -3.682907857171537014, -1.500000000000000222, -3.000000000000000000 ) ) ;
#2064 = CARTESIAN_POINT ( 'NONE',  ( 0.1704550229052183008, 0.2047507433046989178, -0.9900000000000002132 ) ) ;
#2065 = FILL_AREA_STYLE_COLOUR ( '', #10671 ) ;
#2066 = SURFACE_STYLE_FILL_AREA ( #9506 ) ;
#2067 = PLANE ( 'NONE',  #4122 ) ;
#2068 = FILL_AREA_STYLE ('',( #9508 ) ) ;
#2069 = EDGE_LOOP ( 'NONE', ( #8586, #3928, #1952, #6555 ) ) ;
#2070 = CARTESIAN_POINT ( 'NONE',  ( -0.09117607455759875468, 0.2314008446632696836, -1.000000000000000000 ) ) ;
#2071 = UNCERTAINTY_MEASURE_WITH_UNIT (LENGTH_MEASURE( 1.000000000000000082E-05 ), #5989, 'distance_accuracy_value', 'NONE');
#2072 = PRESENTATION_STYLE_ASSIGNMENT (( #9511 ) ) ;
#2073 = ORIENTED_EDGE ( 'NONE', *, *, #4203, .T. ) ;
#2074 = ORIENTED_EDGE ( 'NONE', *, *, #4436, .T. ) ;
#2075 = EDGE_CURVE ( 'NONE', #8179, #2981, #3499, .T. ) ;
#2076 =( NAMED_UNIT ( * ) SI_UNIT ( $, .STERADIAN. ) SOLID_ANGLE_UNIT ( ) );
#2077 =( NAMED_UNIT ( * ) SI_UNIT ( $, .STERADIAN. ) SOLID_ANGLE_UNIT ( ) );
#2078 = PRESENTATION_LAYER_ASSIGNMENT (  '', '', ( #7995 ) ) ;
#2079 =( NAMED_UNIT ( * ) SI_UNIT ( $, .STERADIAN. ) SOLID_ANGLE_UNIT ( ) );
#2080 = UNCERTAINTY_MEASURE_WITH_UNIT (LENGTH_MEASURE( 1.000000000000000082E-05 ), #7370, 'distance_accuracy_value', 'NONE');
#2081 = FILL_AREA_STYLE ('',( #9515 ) ) ;
#2082 = LINE ( 'NONE', #5407, #10314 ) ;
#2083 = APPLICATION_PROTOCOL_DEFINITION ( 'draft international standard', 'automotive_design', 1998, #9188 ) ;
#2084 =( NAMED_UNIT ( * ) SI_UNIT ( $, .STERADIAN. ) SOLID_ANGLE_UNIT ( ) );
#2085 = PRESENTATION_LAYER_ASSIGNMENT (  '', '', ( #699 ) ) ;
#2086 = CARTESIAN_POINT ( 'NONE',  ( -0.6499999999999995781, 1.500000000000000444, -2.000000000000000000 ) ) ;
#2087 = CARTESIAN_POINT ( 'NONE',  ( 0.2917507547106939492, 0.2314008446632696836, -1.000000000000000000 ) ) ;
#2088 = EDGE_CURVE ( 'NONE', #5202, #9595, #7566, .T. ) ;
#2089 = EDGE_LOOP ( 'NONE', ( #8871, #9658, #2074, #6931 ) ) ;
#2090 = PRESENTATION_STYLE_ASSIGNMENT (( #9521 ) ) ;
#2091 = SURFACE_STYLE_FILL_AREA ( #9523 ) ;
#2092 = DIRECTION ( 'NONE',  ( 0.0000000000000000000, 1.000000000000000000, 0.0000000000000000000 ) ) ;
#2093 = EDGE_CURVE ( 'NONE', #9004, #10380, #6198, .T. ) ;
#2094 = ORIENTED_EDGE ( 'NONE', *, *, #6475, .F. ) ;
#2095 = CARTESIAN_POINT ( 'NONE',  ( -0.2920594327297974524, 0.1647414405379177826, -0.9899999999999995470 ) ) ;
#2096 = DIRECTION ( 'NONE',  ( 0.0000000000000000000, 0.0000000000000000000, -1.000000000000000000 ) ) ;
#2097 = CARTESIAN_POINT ( 'NONE',  ( 0.05028734007654758753, 0.1990837714925379476, -0.9899999999999999911 ) ) ;
#2098 = CARTESIAN_POINT ( 'NONE',  ( -0.9499999999999995115, 1.500000000000000444, -2.000000000000000000 ) ) ;
#2099 = DIRECTION ( 'NONE',  ( 0.0000000000000000000, 0.0000000000000000000, -1.000000000000000000 ) ) ;
#2100 = PRESENTATION_STYLE_ASSIGNMENT (( #9533 ) ) ;
#2101 = EDGE_LOOP ( 'NONE', ( #3160, #8281, #577, #9155 ) ) ;
#2102 = FACE_OUTER_BOUND ( 'NONE', #6535, .T. ) ;
#2103 = FILL_AREA_STYLE_COLOUR ( '', #7548 ) ;
#2104 = LINE ( 'NONE', #5430, #4960 ) ;
#2105 = PRESENTATION_STYLE_ASSIGNMENT (( #9539 ) ) ;
#2106 = ADVANCED_FACE ( 'NONE', ( #1052 ), #9958, .T. ) ;
#2107 = FACE_OUTER_BOUND ( 'NONE', #4292, .T. ) ;
#2108 =( LENGTH_UNIT ( ) NAMED_UNIT ( * ) SI_UNIT ( .MILLI., .METRE. ) );
#2109 = ORIENTED_EDGE ( 'NONE', *, *, #3851, .T. ) ;
#2110 = DIRECTION ( 'NONE',  ( 0.0000000000000000000, -1.000000000000000000, 0.0000000000000000000 ) ) ;
#2111 = ORIENTED_EDGE ( 'NONE', *, *, #2440, .T. ) ;
#2112 = FILL_AREA_STYLE ('',( #9548 ) ) ;
#2113 = CARTESIAN_POINT ( 'NONE',  ( -0.6499999999999995781, -1.500000000000000444, -2.000000000000000000 ) ) ;
#2114 = DIRECTION ( 'NONE',  ( 0.0000000000000000000, 1.000000000000000000, 0.0000000000000000000 ) ) ;
#2115 = DIRECTION ( 'NONE',  ( -1.000000000000000000, 0.0000000000000000000, 0.0000000000000000000 ) ) ;
#2116 =( NAMED_UNIT ( * ) SI_UNIT ( $, .STERADIAN. ) SOLID_ANGLE_UNIT ( ) );
#2117 = COLOUR_RGB ( '',0.9882352941176471006, 0.7372549019607843590, 0.5176470588235293491 ) ;
#2118 = SURFACE_SIDE_STYLE ('',( #9554 ) ) ;
#2119 = ORIENTED_EDGE ( 'NONE', *, *, #3960, .F. ) ;
#2120 = ORIENTED_EDGE ( 'NONE', *, *, #9817, .F. ) ;
#2121 = ORIENTED_EDGE ( 'NONE', *, *, #5856, .F. ) ;
#2122 = PRESENTATION_LAYER_ASSIGNMENT (  '', '', ( #9987 ) ) ;
#2123 = CARTESIAN_POINT ( 'NONE',  ( 0.1711421631714115932, 0.1122959476393398937, -0.9999999999999997780 ) ) ;
#2124 = STYLED_ITEM ( 'NONE', ( #4727 ), #379 ) ;
#2125 = COLOUR_RGB ( '',0.7921568627450980005, 0.8196078431372548767, 0.9333333333333333481 ) ;
#2126 = PRESENTATION_STYLE_ASSIGNMENT (( #9561 ) ) ;
#2127 =( NAMED_UNIT ( * ) SI_UNIT ( $, .STERADIAN. ) SOLID_ANGLE_UNIT ( ) );
#2128 = PRESENTATION_STYLE_ASSIGNMENT (( #9562 ) ) ;
#2129 = EDGE_CURVE ( 'NONE', #987, #9830, #8616, .T. ) ;
#2130 = B_SPLINE_SURFACE_WITH_KNOTS ( 'NONE', 3, 1, ( 
 ( #5813, #4227 ),
 ( #7540, #100 ),
 ( #3423, #6729 ),
 ( #10000, #2595 ),
 ( #5912, #9196 ),
 ( #1776, #5089 ),
 ( #8418, #970 ),
 ( #4285, #7594 ),
 ( #156, #3471 ),
 ( #6773, #10046 ),
 ( #2639, #5958 ) ),
 .UNSPECIFIED., .F., .F., .F.,
 ( 4, 1, 1, 1, 1, 1, 1, 1, 4 ),
 ( 2, 2 ),
 ( 0.0000000000000000000, 0.1124483899088010164, 0.2265276752126777760, 0.3444019493260283560, 0.4658649724874588949, 0.5916594493521170062, 0.7221684870248872290, 0.8586063875549264646, 1.000000000000000000 ),
 ( 0.0000000000000000000, 1.000000000000000000 ),
 .UNSPECIFIED. ) ;
#2131 = PRESENTATION_STYLE_ASSIGNMENT (( #9563 ) ) ;
#2132 = EDGE_CURVE ( 'NONE', #2861, #671, #1166, .T. ) ;
#2133 = AXIS2_PLACEMENT_3D ( 'NONE', #9580, #2156, #5489 ) ;
#2134 =( GEOMETRIC_REPRESENTATION_CONTEXT ( 3 ) GLOBAL_UNCERTAINTY_ASSIGNED_CONTEXT ( ( #6096 ) ) GLOBAL_UNIT_ASSIGNED_CONTEXT ( ( #1011, #182, #10070 ) ) REPRESENTATION_CONTEXT ( 'NONE', 'WORKASPACE' ) );
#2135 = FILL_AREA_STYLE ('',( #9565 ) ) ;
#2136 =( GEOMETRIC_REPRESENTATION_CONTEXT ( 3 ) GLOBAL_UNCERTAINTY_ASSIGNED_CONTEXT ( ( #3940 ) ) GLOBAL_UNIT_ASSIGNED_CONTEXT ( ( #9187, #8400, #7584 ) ) REPRESENTATION_CONTEXT ( 'NONE', 'WORKASPACE' ) );
#2137 = DIRECTION ( 'NONE',  ( -1.000000000000000000, 1.239088197126291063E-16, 0.0000000000000000000 ) ) ;
#2138 = AXIS2_PLACEMENT_3D ( 'NONE', #3676, #6983, #10250 ) ;
#2139 = ORIENTED_EDGE ( 'NONE', *, *, #9564, .F. ) ;
#2140 = CARTESIAN_POINT ( 'NONE',  ( 3.682907857171534349, -1.500000000000001110, -3.000000000000000000 ) ) ;
#2141 = PRESENTATION_STYLE_ASSIGNMENT (( #9570 ) ) ;
#2142 = STYLED_ITEM ( 'NONE', ( #4926 ), #9750 ) ;
#2143 = STYLED_ITEM ( 'NONE', ( #688 ), #7652 ) ;
#2144 = COLOUR_RGB ( '',0.2509803921568627416, 0.2509803921568627416, 0.2509803921568627416 ) ;
#2145 = LINE ( 'NONE', #567, #569 ) ;
#2146 = COLOUR_RGB ( '',0.9882352941176471006, 0.7372549019607843590, 0.5176470588235293491 ) ;
#2147 = CLOSED_SHELL ( 'NONE', ( #379, #7300, #8401, #4656 ) ) ;
#2148 = MECHANICAL_DESIGN_GEOMETRIC_PRESENTATION_REPRESENTATION (  '', ( #10244 ), #10082 ) ;
#2149 = VERTEX_POINT ( 'NONE', #342 ) ;
#2150 = CARTESIAN_POINT ( 'NONE',  ( -0.2692248550454036105, 0.1333444422242452687, -0.9899999999999999911 ) ) ;
#2151 = EDGE_CURVE ( 'NONE', #1381, #5686, #3665, .T. ) ;
#2152 = LINE ( 'NONE', #5485, #3688 ) ;
#2153 = PRESENTATION_LAYER_ASSIGNMENT (  '', '', ( #6835 ) ) ;
#2154 = VECTOR ( 'NONE', #10023, 1000.000000000000000 ) ;
#2155 = ORIENTED_EDGE ( 'NONE', *, *, #10061, .F. ) ;
#2156 = DIRECTION ( 'NONE',  ( -1.000000000000000000, -1.239088197126291063E-16, 0.0000000000000000000 ) ) ;
#2157 =( NAMED_UNIT ( * ) PLANE_ANGLE_UNIT ( ) SI_UNIT ( $, .RADIAN. ) );
#2158 = PRESENTATION_LAYER_ASSIGNMENT (  '', '', ( #6840 ) ) ;
#2159 = TOROIDAL_SURFACE ( 'NONE', #6842, 0.7000000000000002887, 0.1499999999999999667 ) ;
#2160 = LINE ( 'NONE', #5492, #7872 ) ;
#2161 = CARTESIAN_POINT ( 'NONE',  ( -3.499999999999999556, 2.999999999999999556, -3.500000000000000000 ) ) ;
#2162 = VECTOR ( 'NONE', #6422, 1000.000000000000000 ) ;
#2163 = STYLED_ITEM ( 'NONE', ( #4605 ), #4251 ) ;
#2164 = PRESENTATION_LAYER_ASSIGNMENT (  '', '', ( #6847 ) ) ;
#2165 =( NAMED_UNIT ( * ) PLANE_ANGLE_UNIT ( ) SI_UNIT ( $, .RADIAN. ) );
#2166 = CARTESIAN_POINT ( 'NONE',  ( 0.5500000000000004885, -2.200000000000000622, -2.000000000000000000 ) ) ;
#2167 = ADVANCED_FACE ( 'NONE', ( #2836 ), #6168, .T. ) ;
#2168 = SURFACE_STYLE_USAGE ( .BOTH. , #9588 ) ;
#2169 = CARTESIAN_POINT ( 'NONE',  ( 0.09048778416267193314, 0.2337906581534558437, -1.000000000000000222 ) ) ;
#2170 = CARTESIAN_POINT ( 'NONE',  ( -0.1350785135819890237, 0.2314008446632696836, -0.9899999999999999911 ) ) ;
#2171 = ORIENTED_EDGE ( 'NONE', *, *, #5079, .T. ) ;
#2172 = PRESENTATION_LAYER_ASSIGNMENT (  '', '', ( #6851 ) ) ;
#2173 = MECHANICAL_DESIGN_GEOMETRIC_PRESENTATION_REPRESENTATION (  '', ( #786 ), #4959 ) ;
#2174 = STYLED_ITEM ( 'NONE', ( #7379 ), #4395 ) ;
#2175 = EDGE_CURVE ( 'NONE', #104, #10395, #4972, .T. ) ;
#2176 = CIRCLE ( 'NONE', #8256, 0.5000000000000000000 ) ;
#2177 = UNCERTAINTY_MEASURE_WITH_UNIT (LENGTH_MEASURE( 1.000000000000000082E-05 ), #9165, 'distance_accuracy_value', 'NONE');
#2178 = VECTOR ( 'NONE', #5754, 1000.000000000000000 ) ;
#2179 = DIRECTION ( 'NONE',  ( 0.0000000000000000000, 0.0000000000000000000, -1.000000000000000000 ) ) ;
#2180 = AXIS2_PLACEMENT_3D ( 'NONE', #9097, #1677, #4997 ) ;
#2181 = STYLED_ITEM ( 'NONE', ( #10479 ), #4494 ) ;
#2182 = ORIENTED_EDGE ( 'NONE', *, *, #324, .T. ) ;
#2183 = CARTESIAN_POINT ( 'NONE',  ( 1.749999999999999778, 1.500000000000000000, -2.500000000000000000 ) ) ;
#2184 = FACE_OUTER_BOUND ( 'NONE', #4591, .T. ) ;
#2185 = FACE_OUTER_BOUND ( 'NONE', #7214, .T. ) ;
#2186 = ORIENTED_EDGE ( 'NONE', *, *, #10168, .F. ) ;
#2187 = PRESENTATION_LAYER_ASSIGNMENT (  '', '', ( #8270 ) ) ;
#2188 = EDGE_CURVE ( 'NONE', #1389, #3661, #9030, .T. ) ;
#2189 = UNCERTAINTY_MEASURE_WITH_UNIT (LENGTH_MEASURE( 1.000000000000000082E-05 ), #4756, 'distance_accuracy_value', 'NONE');
#2190 = PRESENTATION_STYLE_ASSIGNMENT (( #9610 ) ) ;
#2191 = ORIENTED_EDGE ( 'NONE', *, *, #3143, .F. ) ;
#2192 = VERTEX_POINT ( 'NONE', #1383 ) ;
#2193 = PRESENTATION_LAYER_ASSIGNMENT (  '', '', ( #6872 ) ) ;
#2194 = VECTOR ( 'NONE', #8933, 1000.000000000000000 ) ;
#2195 = COLOUR_RGB ( '',0.9882352941176471006, 0.7372549019607843590, 0.5176470588235293491 ) ;
#2196 = AXIS2_PLACEMENT_3D ( 'NONE', #4879, #8185, #728 ) ;
#2197 = CARTESIAN_POINT ( 'NONE',  ( 0.1092344317067645565, 0.05110925651368576628, -0.9999999999999997780 ) ) ;
#2198 = CARTESIAN_POINT ( 'NONE',  ( -0.1894611355332085079, 0.03140084466326965168, -0.9899999999999999911 ) ) ;
#2199 = CIRCLE ( 'NONE', #806, 0.1499999999999999667 ) ;
#2200 = VECTOR ( 'NONE', #668, 1000.000000000000000 ) ;
#2201 = COLOUR_RGB ( '',0.9882352941176471006, 0.7372549019607843590, 0.5176470588235293491 ) ;
#2202 = SURFACE_SIDE_STYLE ('',( #9617 ) ) ;
#2203 =( NAMED_UNIT ( * ) SI_UNIT ( $, .STERADIAN. ) SOLID_ANGLE_UNIT ( ) );
#2204 = FILL_AREA_STYLE_COLOUR ( '', #9921 ) ;
#2205 = VERTEX_POINT ( 'NONE', #4708 ) ;
#2206 = DIRECTION ( 'NONE',  ( -0.0000000000000000000, -0.0000000000000000000, -1.000000000000000000 ) ) ;
#2207 = ORIENTED_EDGE ( 'NONE', *, *, #8976, .F. ) ;
#2208 = FILL_AREA_STYLE ('',( #9623 ) ) ;
#2209 = CARTESIAN_POINT ( 'NONE',  ( -1.750000000000000000, 2.000000000000000000, -2.000000000000000000 ) ) ;
#2210 = AXIS2_PLACEMENT_3D ( 'NONE', #10454, #3052, #6387 ) ;
#2211 = TOROIDAL_SURFACE ( 'NONE', #8295, 0.7000000000000002887, 0.1499999999999999667 ) ;
#2212 = VECTOR ( 'NONE', #2179, 1000.000000000000000 ) ;
#2213 = FILL_AREA_STYLE ('',( #9626 ) ) ;
#2214 = DIRECTION ( 'NONE',  ( -1.000000000000000000, -0.0000000000000000000, -0.0000000000000000000 ) ) ;
#2215 = DIRECTION ( 'NONE',  ( 1.000000000000000000, 0.0000000000000000000, 0.0000000000000000000 ) ) ;
#2216 = DIRECTION ( 'NONE',  ( -0.0000000000000000000, -0.0000000000000000000, 1.000000000000000000 ) ) ;
#2217 = SURFACE_STYLE_FILL_AREA ( #9633 ) ;
#2218 =( GEOMETRIC_REPRESENTATION_CONTEXT ( 3 ) GLOBAL_UNCERTAINTY_ASSIGNED_CONTEXT ( ( #3935 ) ) GLOBAL_UNIT_ASSIGNED_CONTEXT ( ( #6797, #5999, #5181 ) ) REPRESENTATION_CONTEXT ( 'NONE', 'WORKASPACE' ) );
#2219 = FILL_AREA_STYLE_COLOUR ( '', #308 ) ;
#2220 = SURFACE_STYLE_FILL_AREA ( #9635 ) ;
#2221 = SURFACE_SIDE_STYLE ('',( #9636 ) ) ;
#2222 = FILL_AREA_STYLE ('',( #9638 ) ) ;
#2223 = SURFACE_STYLE_FILL_AREA ( #9641 ) ;
#2224 = ADVANCED_FACE ( 'NONE', ( #8009 ), #556, .T. ) ;
#2225 = FILL_AREA_STYLE_COLOUR ( '', #10603 ) ;
#2226 =( LENGTH_UNIT ( ) NAMED_UNIT ( * ) SI_UNIT ( .MILLI., .METRE. ) );
#2227 = DIRECTION ( 'NONE',  ( -0.0000000000000000000, 1.000000000000000000, -0.0000000000000000000 ) ) ;
#2228 = CARTESIAN_POINT ( 'NONE',  ( 0.1722385595887427345, 0.1292666983218062615, -1.000000000000000000 ) ) ;
#2229 = CARTESIAN_POINT ( 'NONE',  ( 0.05187936477867836904, 0.2265592777113955569, -0.9899999999999999911 ) ) ;
#2230 = CARTESIAN_POINT ( 'NONE',  ( 0.5500000000000003775, -1.500000000000000444, -2.000000000000000000 ) ) ;
#2231 = ORIENTED_EDGE ( 'NONE', *, *, #4213, .T. ) ;
#2232 = ADVANCED_FACE ( 'NONE', ( #8910 ), #7915, .T. ) ;
#2233 = SURFACE_STYLE_USAGE ( .BOTH. , #9655 ) ;
#2234 = DIRECTION ( 'NONE',  ( -1.000000000000000000, 0.0000000000000000000, 0.0000000000000000000 ) ) ;
#2235 = CARTESIAN_POINT ( 'NONE',  ( -3.499999999999999556, 2.999999999999999556, -0.09999999999999999167 ) ) ;
#2236 = EDGE_LOOP ( 'NONE', ( #8767, #7122, #4019, #4158 ) ) ;
#2237 = EDGE_CURVE ( 'NONE', #6590, #9704, #229, .T. ) ;
#2238 = SURFACE_STYLE_USAGE ( .BOTH. , #9659 ) ;
#2239 = LINE ( 'NONE', #5562, #8292 ) ;
#2240 =( NAMED_UNIT ( * ) PLANE_ANGLE_UNIT ( ) SI_UNIT ( $, .RADIAN. ) );
#2241 = CARTESIAN_POINT ( 'NONE',  ( 0.06774289063716951165, 0.05581505038011890657, -0.9900000000000004352 ) ) ;
#2242 = ORIENTED_EDGE ( 'NONE', *, *, #6648, .F. ) ;
#2243 = EDGE_LOOP ( 'NONE', ( #6739, #7091, #7139, #2024 ) ) ;
#2244 = ORIENTED_EDGE ( 'NONE', *, *, #3278, .F. ) ;
#2245 = VECTOR ( 'NONE', #7861, 1000.000000000000000 ) ;
#2246 = LINE ( 'NONE', #5570, #2668 ) ;
#2247 = PLANE ( 'NONE',  #10134 ) ;
#2248 = EDGE_CURVE ( 'NONE', #1656, #5609, #9325, .T. ) ;
#2249 = SURFACE_STYLE_USAGE ( .BOTH. , #9672 ) ;
#2250 = SURFACE_STYLE_FILL_AREA ( #9674 ) ;
#2251 = EDGE_LOOP ( 'NONE', ( #225, #1853, #431, #3888 ) ) ;
#2252 = ORIENTED_EDGE ( 'NONE', *, *, #9123, .T. ) ;
#2253 =( NAMED_UNIT ( * ) SI_UNIT ( $, .STERADIAN. ) SOLID_ANGLE_UNIT ( ) );
#2254 = SURFACE_STYLE_USAGE ( .BOTH. , #9678 ) ;
#2255 =( NAMED_UNIT ( * ) SI_UNIT ( $, .STERADIAN. ) SOLID_ANGLE_UNIT ( ) );
#2256 = SURFACE_STYLE_FILL_AREA ( #9679 ) ;
#2257 = FILL_AREA_STYLE_COLOUR ( '', #8514 ) ;
#2258 =( GEOMETRIC_REPRESENTATION_CONTEXT ( 3 ) GLOBAL_UNCERTAINTY_ASSIGNED_CONTEXT ( ( #2615 ) ) GLOBAL_UNIT_ASSIGNED_CONTEXT ( ( #1458, #644, #10548 ) ) REPRESENTATION_CONTEXT ( 'NONE', 'WORKASPACE' ) );
#2259 = CARTESIAN_POINT ( 'NONE',  ( -0.9499999999999996225, -0.8000000000000001554, -2.000000000000000000 ) ) ;
#2260 =( NAMED_UNIT ( * ) SI_UNIT ( $, .STERADIAN. ) SOLID_ANGLE_UNIT ( ) );
#2261 = ORIENTED_EDGE ( 'NONE', *, *, #3957, .F. ) ;
#2262 = PRESENTATION_LAYER_ASSIGNMENT (  '', '', ( #9545 ) ) ;
#2263 = CARTESIAN_POINT ( 'NONE',  ( 0.2500000000000005551, -2.200000000000000622, -2.000000000000000000 ) ) ;
#2264 = SURFACE_STYLE_USAGE ( .BOTH. , #9689 ) ;
#2265 = PRESENTATION_STYLE_ASSIGNMENT (( #9690 ) ) ;
#2266 = DIRECTION ( 'NONE',  ( 0.0000000000000000000, 0.0000000000000000000, 1.000000000000000000 ) ) ;
#2267 = CARTESIAN_POINT ( 'NONE',  ( -0.4416715013868670603, 0.08749840563887940903, -0.9899999999999999911 ) ) ;
#2268 = DIRECTION ( 'NONE',  ( -0.0000000000000000000, 0.0000000000000000000, -1.000000000000000000 ) ) ;
#2269 = EDGE_CURVE ( 'NONE', #9262, #7928, #449, .T. ) ;
#2270 = CARTESIAN_POINT ( 'NONE',  ( -0.2888149714630283138, 0.09202152623412254706, -0.9899999999999999911 ) ) ;
#2271 = ORIENTED_EDGE ( 'NONE', *, *, #6336, .T. ) ;
#2272 = CARTESIAN_POINT ( 'NONE',  ( -1.750000000000000888, -2.250000000000000444, -3.500000000000000000 ) ) ;
#2273 = SURFACE_SIDE_STYLE ('',( #9699 ) ) ;
#2274 = VERTEX_POINT ( 'NONE', #7708 ) ;
#2275 = DIRECTION ( 'NONE',  ( -0.0000000000000000000, 0.0000000000000000000, -1.000000000000000000 ) ) ;
#2276 = EDGE_CURVE ( 'NONE', #3055, #6458, #9792, .T. ) ;
#2277 = FILL_AREA_STYLE ('',( #9703 ) ) ;
#2278 = EDGE_LOOP ( 'NONE', ( #9060, #5105, #7147, #4655 ) ) ;
#2279 = AXIS2_PLACEMENT_3D ( 'NONE', #3807, #7115, #10374 ) ;
#2280 = UNCERTAINTY_MEASURE_WITH_UNIT (LENGTH_MEASURE( 1.000000000000000082E-05 ), #2392, 'distance_accuracy_value', 'NONE');
#2281 =( LENGTH_UNIT ( ) NAMED_UNIT ( * ) SI_UNIT ( .MILLI., .METRE. ) );
#2282 = EDGE_LOOP ( 'NONE', ( #8419, #6520, #6642, #4 ) ) ;
#2283 = DIRECTION ( 'NONE',  ( 0.0000000000000000000, 0.0000000000000000000, -1.000000000000000000 ) ) ;
#2284 =( LENGTH_UNIT ( ) NAMED_UNIT ( * ) SI_UNIT ( .MILLI., .METRE. ) );
#2285 = FILL_AREA_STYLE ('',( #9710 ) ) ;
#2286 = UNCERTAINTY_MEASURE_WITH_UNIT (LENGTH_MEASURE( 1.000000000000000082E-05 ), #9669, 'distance_accuracy_value', 'NONE');
#2287 = MECHANICAL_DESIGN_GEOMETRIC_PRESENTATION_REPRESENTATION (  '', ( #3669 ), #9707 ) ;
#2288 = SURFACE_SIDE_STYLE ('',( #9714 ) ) ;
#2289 = ORIENTED_EDGE ( 'NONE', *, *, #3560, .T. ) ;
#2290 = DIRECTION ( 'NONE',  ( -1.000000000000000000, 1.204669080539449837E-16, 0.0000000000000000000 ) ) ;
#2291 = EDGE_CURVE ( 'NONE', #5233, #2457, #10173, .T. ) ;
#2292 = ORIENTED_EDGE ( 'NONE', *, *, #2310, .F. ) ;
#2293 = DIRECTION ( 'NONE',  ( -1.445602896647339163E-16, -1.000000000000000000, 0.0000000000000000000 ) ) ;
#2294 = SURFACE_SIDE_STYLE ('',( #9719 ) ) ;
#2295 = LINE ( 'NONE', #5631, #2194 ) ;
#2296 = COLOUR_RGB ( '',0.7529411764705882248, 0.7529411764705882248, 0.7529411764705882248 ) ;
#2297 = AXIS2_PLACEMENT_3D ( 'NONE', #7698, #263, #3589 ) ;
#2298 = CARTESIAN_POINT ( 'NONE',  ( 1.449999999999999956, 0.6500000000000001332, -2.000000000000000000 ) ) ;
#2299 = AXIS2_PLACEMENT_3D ( 'NONE', #7364, #10643, #3240 ) ;
#2300 = AXIS2_PLACEMENT_3D ( 'NONE', #3017, #3962, #7269 ) ;
#2301 =( LENGTH_UNIT ( ) NAMED_UNIT ( * ) SI_UNIT ( .MILLI., .METRE. ) );
#2302 = DIRECTION ( 'NONE',  ( 1.000000000000000000, -1.445602896647339410E-16, 0.0000000000000000000 ) ) ;
#2303 = CARTESIAN_POINT ( 'NONE',  ( -0.04999999999999980849, 0.6500000000000001332, -2.000000000000000000 ) ) ;
#2304 = CARTESIAN_POINT ( 'NONE',  ( 0.2917507547106939492, 0.05335206417546477231, -1.000000000000000000 ) ) ;
#2305 = DIRECTION ( 'NONE',  ( 0.3390537954853694580, 0.9407669869669987861, 0.0000000000000000000 ) ) ;
#2306 = SURFACE_STYLE_FILL_AREA ( #9730 ) ;
#2307 = AXIS2_PLACEMENT_3D ( 'NONE', #7780, #331, #3655 ) ;
#2308 = CARTESIAN_POINT ( 'NONE',  ( 0.1437256661012986658, 0.03557870581664175635, -0.9900000000000002132 ) ) ;
#2309 = PRESENTATION_LAYER_ASSIGNMENT (  '', '', ( #7006 ) ) ;
#2310 = EDGE_CURVE ( 'NONE', #1838, #8963, #9372, .T. ) ;
#2311 = AXIS2_PLACEMENT_3D ( 'NONE', #5077, #8403, #960 ) ;
#2312 = ORIENTED_EDGE ( 'NONE', *, *, #8673, .T. ) ;
#2313 =( NAMED_UNIT ( * ) SI_UNIT ( $, .STERADIAN. ) SOLID_ANGLE_UNIT ( ) );
#2314 = SURFACE_STYLE_USAGE ( .BOTH. , #9733 ) ;
#2315 = COLOUR_RGB ( '',0.9882352941176471006, 0.7372549019607843590, 0.5176470588235293491 ) ;
#2316 = CARTESIAN_POINT ( 'NONE',  ( 1.450000000000000178, -0.8000000000000001554, -2.000000000000000000 ) ) ;
#2317 = VECTOR ( 'NONE', #1373, 1000.000000000000000 ) ;
#2318 = CARTESIAN_POINT ( 'NONE',  ( -0.1902995501673548084, 0.05335206417546477231, -0.9999999999999991118 ) ) ;
#2319 = TOROIDAL_SURFACE ( 'NONE', #8406, 0.7000000000000002887, 0.1499999999999999667 ) ;
#2320 = MECHANICAL_DESIGN_GEOMETRIC_PRESENTATION_REPRESENTATION (  '', ( #937 ), #5102 ) ;
#2321 = CARTESIAN_POINT ( 'NONE',  ( -0.2794111423082470957, 0.07446107575957355840, -1.000000000000000000 ) ) ;
#2322 = COLOUR_RGB ( '',0.7529411764705882248, 0.7529411764705882248, 0.7529411764705882248 ) ;
#2323 = SURFACE_SIDE_STYLE ('',( #9738 ) ) ;
#2324 = CARTESIAN_POINT ( 'NONE',  ( 0.1364370949318468584, 0.05908079761950350839, -0.9899999999999997691 ) ) ;
#2325 = CARTESIAN_POINT ( 'NONE',  ( -0.1894611355332085079, 0.03140084466326965168, -0.9899999999999999911 ) ) ;
#2326 = TOROIDAL_SURFACE ( 'NONE', #8411, 0.7000000000000002887, 0.1499999999999999667 ) ;
#2327 = ORIENTED_EDGE ( 'NONE', *, *, #6049, .T. ) ;
#2328 = CARTESIAN_POINT ( 'NONE',  ( -0.3956349160210134719, 0.1929862105169281861, -0.9899999999999999911 ) ) ;
#2329 = VECTOR ( 'NONE', #10002, 1000.000000000000000 ) ;
#2330 = MECHANICAL_DESIGN_GEOMETRIC_PRESENTATION_REPRESENTATION (  '', ( #946 ), #5108 ) ;
#2331 = COLOUR_RGB ( '',0.7921568627450980005, 0.8196078431372548767, 0.9333333333333333481 ) ;
#2332 = AXIS2_PLACEMENT_3D ( 'NONE', #9145, #1720, #5032 ) ;
#2333 = STYLED_ITEM ( 'NONE', ( #2190 ), #7157 ) ;
#2334 =( GEOMETRIC_REPRESENTATION_CONTEXT ( 3 ) GLOBAL_UNCERTAINTY_ASSIGNED_CONTEXT ( ( #4772 ) ) GLOBAL_UNIT_ASSIGNED_CONTEXT ( ( #8399, #7583, #6764 ) ) REPRESENTATION_CONTEXT ( 'NONE', 'WORKASPACE' ) );
#2335 = ORIENTED_EDGE ( 'NONE', *, *, #4203, .F. ) ;
#2336 = CARTESIAN_POINT ( 'NONE',  ( -0.08629802577711097322, 0.1216447471022940596, -0.9899999999999999911 ) ) ;
#2337 = MECHANICAL_DESIGN_GEOMETRIC_PRESENTATION_REPRESENTATION (  '', ( #957 ), #5117 ) ;
#2338 = FACE_OUTER_BOUND ( 'NONE', #1030, .T. ) ;
#2339 =( GEOMETRIC_REPRESENTATION_CONTEXT ( 3 ) GLOBAL_UNCERTAINTY_ASSIGNED_CONTEXT ( ( #992 ) ) GLOBAL_UNIT_ASSIGNED_CONTEXT ( ( #4084, #3271, #2441 ) ) REPRESENTATION_CONTEXT ( 'NONE', 'WORKASPACE' ) );
#2340 = CIRCLE ( 'NONE', #8426, 0.5500000000000001554 ) ;
#2341 = COLOUR_RGB ( '',0.9882352941176471006, 0.7372549019607843590, 0.5176470588235293491 ) ;
#2342 =( NAMED_UNIT ( * ) SI_UNIT ( $, .STERADIAN. ) SOLID_ANGLE_UNIT ( ) );
#2343 = ORIENTED_EDGE ( 'NONE', *, *, #5357, .T. ) ;
#2344 = ADVANCED_FACE ( 'NONE', ( #8588 ), #1147, .T. ) ;
#2345 = CARTESIAN_POINT ( 'NONE',  ( -1.549999999999999822, 0.6500000000000001332, -2.000000000000000000 ) ) ;
#2346 = ORIENTED_EDGE ( 'NONE', *, *, #9189, .F. ) ;
#2347 = MECHANICAL_DESIGN_GEOMETRIC_PRESENTATION_REPRESENTATION (  '', ( #3756 ), #10288 ) ;
#2348 = PRESENTATION_LAYER_ASSIGNMENT (  '', '', ( #7044 ) ) ;
#2349 = CARTESIAN_POINT ( 'NONE',  ( -0.6499999999999995781, 1.500000000000000444, -2.000000000000000000 ) ) ;
#2350 = EDGE_CURVE ( 'NONE', #6164, #7126, #6186, .T. ) ;
#2351 =( GEOMETRIC_REPRESENTATION_CONTEXT ( 3 ) GLOBAL_UNCERTAINTY_ASSIGNED_CONTEXT ( ( #8493 ) ) GLOBAL_UNIT_ASSIGNED_CONTEXT ( ( #2226, #1408, #581 ) ) REPRESENTATION_CONTEXT ( 'NONE', 'WORKASPACE' ) );
#2352 =( NAMED_UNIT ( * ) SI_UNIT ( $, .STERADIAN. ) SOLID_ANGLE_UNIT ( ) );
#2353 = LINE ( 'NONE', #5678, #813 ) ;
#2354 = ORIENTED_EDGE ( 'NONE', *, *, #7408, .T. ) ;
#2355 = DIRECTION ( 'NONE',  ( -1.000000000000000000, 1.239088197126291063E-16, 0.0000000000000000000 ) ) ;
#2356 = VECTOR ( 'NONE', #5269, 1000.000000000000000 ) ;
#2357 = CARTESIAN_POINT ( 'NONE',  ( -0.01556631846003775181, 0.2094496251510745422, -0.9899999999999999911 ) ) ;
#2358 = DIRECTION ( 'NONE',  ( 0.0000000000000000000, -1.000000000000000000, 0.0000000000000000000 ) ) ;
#2359 = STYLED_ITEM ( 'NONE', ( #1281 ), #8380 ) ;
#2360 = PRESENTATION_LAYER_ASSIGNMENT (  '', '', ( #7056 ) ) ;
#2361 = AXIS2_PLACEMENT_3D ( 'NONE', #4779, #8086, #632 ) ;
#2362 = ORIENTED_EDGE ( 'NONE', *, *, #1370, .T. ) ;
#2363 = ADVANCED_FACE ( 'NONE', ( #8698 ), #24, .T. ) ;
#2364 = CIRCLE ( 'NONE', #8451, 0.8500000000000003109 ) ;
#2365 = DIRECTION ( 'NONE',  ( -1.445602896647339163E-16, -1.000000000000000000, 0.0000000000000000000 ) ) ;
#2366 = PRESENTATION_LAYER_ASSIGNMENT (  '', '', ( #7066 ) ) ;
#2367 =( LENGTH_UNIT ( ) NAMED_UNIT ( * ) SI_UNIT ( .MILLI., .METRE. ) );
#2368 = SURFACE_SIDE_STYLE ('',( #9782 ) ) ;
#2369 = EDGE_CURVE ( 'NONE', #9717, #10553, #9951, .T. ) ;
#2370 = CARTESIAN_POINT ( 'NONE',  ( -0.3862980257771109760, 0.2314008446632696836, -1.000000000000000000 ) ) ;
#2371 = FILL_AREA_STYLE_COLOUR ( '', #264 ) ;
#2372 = FILL_AREA_STYLE ('',( #9788 ) ) ;
#2373 = CARTESIAN_POINT ( 'NONE',  ( 0.05028734007654758753, 0.06371791783400136688, -0.9899999999999999911 ) ) ;
#2374 = STYLED_ITEM ( 'NONE', ( #5276 ), #6038 ) ;
#2375 = CARTESIAN_POINT ( 'NONE',  ( 0.1990678278814256574, 0.1276279788096111312, -0.9899999999999999911 ) ) ;
#2376 =( GEOMETRIC_REPRESENTATION_CONTEXT ( 3 ) GLOBAL_UNCERTAINTY_ASSIGNED_CONTEXT ( ( #332 ) ) GLOBAL_UNIT_ASSIGNED_CONTEXT ( ( #9278, #8490, #7651 ) ) REPRESENTATION_CONTEXT ( 'NONE', 'WORKASPACE' ) );
#2377 = STYLED_ITEM ( 'NONE', ( #10180 ), #5151 ) ;
#2378 = VERTEX_POINT ( 'NONE', #3913 ) ;
#2379 = EDGE_CURVE ( 'NONE', #4915, #6573, #8606, .T. ) ;
#2380 = SURFACE_STYLE_USAGE ( .BOTH. , #9795 ) ;
#2381 = DIRECTION ( 'NONE',  ( 0.0000000000000000000, -0.0000000000000000000, 1.000000000000000000 ) ) ;
#2382 = CIRCLE ( 'NONE', #8469, 0.8500000000000003109 ) ;
#2383 = FACE_OUTER_BOUND ( 'NONE', #564, .T. ) ;
#2384 = CARTESIAN_POINT ( 'NONE',  ( -0.2369538370357162915, 0.06506430708884643199, -0.9900000000000004352 ) ) ;
#2385 = UNCERTAINTY_MEASURE_WITH_UNIT (LENGTH_MEASURE( 1.000000000000000082E-05 ), #5141, 'distance_accuracy_value', 'NONE');
#2386 = PRESENTATION_LAYER_ASSIGNMENT (  '', '', ( #7083 ) ) ;
#2387 = MECHANICAL_DESIGN_GEOMETRIC_PRESENTATION_REPRESENTATION (  '', ( #1005 ), #5164 ) ;
#2388 = CARTESIAN_POINT ( 'NONE',  ( 0.09983410269335210585, 0.2118303823241229344, -1.000000000000000222 ) ) ;
#2389 = LINE ( 'NONE', #5711, #5338 ) ;
#2390 = CARTESIAN_POINT ( 'NONE',  ( 0.05216401823154544204, 0.04073084838782765199, -1.000000000000000000 ) ) ;
#2391 = VERTEX_POINT ( 'NONE', #6423 ) ;
#2392 =( LENGTH_UNIT ( ) NAMED_UNIT ( * ) SI_UNIT ( .MILLI., .METRE. ) );
#2393 = PRESENTATION_LAYER_ASSIGNMENT (  '', '', ( #7088 ) ) ;
#2394 = FILL_AREA_STYLE ('',( #9807 ) ) ;
#2395 = CARTESIAN_POINT ( 'NONE',  ( -0.04999999999999969746, -1.500000000000000444, -2.000000000000000000 ) ) ;
#2396 = CARTESIAN_POINT ( 'NONE',  ( -1.750000000000000444, 0.7499999999999993339, -3.000000000000000000 ) ) ;
#2397 = LINE ( 'NONE', #5720, #7127 ) ;
#2398 = VERTEX_POINT ( 'NONE', #9692 ) ;
#2399 = PRESENTATION_STYLE_ASSIGNMENT (( #9813 ) ) ;
#2400 =( NAMED_UNIT ( * ) PLANE_ANGLE_UNIT ( ) SI_UNIT ( $, .RADIAN. ) );
#2401 = SURFACE_STYLE_USAGE ( .BOTH. , #9814 ) ;
#2402 = VERTEX_POINT ( 'NONE', #2267 ) ;
#2403 = UNCERTAINTY_MEASURE_WITH_UNIT (LENGTH_MEASURE( 1.000000000000000082E-05 ), #8126, 'distance_accuracy_value', 'NONE');
#2404 = SURFACE_STYLE_USAGE ( .BOTH. , #9818 ) ;
#2405 = EDGE_LOOP ( 'NONE', ( #1068, #6620, #6753, #8368 ) ) ;
#2406 = CARTESIAN_POINT ( 'NONE',  ( 0.09502751673227119444, 0.2338232001663918536, -0.9899999999999997691 ) ) ;
#2407 = CARTESIAN_POINT ( 'NONE',  ( 0.01126294983264515548, 0.03140084466326965168, -0.9899999999999999911 ) ) ;
#2408 = FILL_AREA_STYLE ('',( #9823 ) ) ;
#2409 = PRESENTATION_STYLE_ASSIGNMENT (( #9824 ) ) ;
#2410 = EDGE_LOOP ( 'NONE', ( #6123, #7189, #3645, #9558 ) ) ;
#2411 = DIRECTION ( 'NONE',  ( 0.0000000000000000000, 1.000000000000000000, 0.0000000000000000000 ) ) ;
#2412 = EDGE_CURVE ( 'NONE', #6395, #9663, #5596, .T. ) ;
#2413 = EDGE_LOOP ( 'NONE', ( #8206, #1429, #7107, #4258 ) ) ;
#2414 = PRODUCT_DEFINITION ( '未知', '', #1830, #6427 ) ;
#2415 = EDGE_LOOP ( 'NONE', ( #1439, #8550, #6060, #5949 ) ) ;
#2416 = DIRECTION ( 'NONE',  ( -1.000000000000000000, -1.239088197126291063E-16, 0.0000000000000000000 ) ) ;
#2417 = DIRECTION ( 'NONE',  ( 0.0000000000000000000, 1.000000000000000000, 0.0000000000000000000 ) ) ;
#2418 = CARTESIAN_POINT ( 'NONE',  ( 0.2161409986131329897, 0.03140084466326965168, -0.9899999999999999911 ) ) ;
#2419 = FILL_AREA_STYLE ('',( #9836 ) ) ;
#2420 = FILL_AREA_STYLE_COLOUR ( '', #4778 ) ;
#2421 = FILL_AREA_STYLE ('',( #9838 ) ) ;
#2422 = CARTESIAN_POINT ( 'NONE',  ( 0.8500000000000003109, 1.500000000000000444, -2.000000000000000000 ) ) ;
#2423 =( NAMED_UNIT ( * ) SI_UNIT ( $, .STERADIAN. ) SOLID_ANGLE_UNIT ( ) );
#2424 = EDGE_CURVE ( 'NONE', #8340, #10667, #1142, .T. ) ;
#2425 = SURFACE_STYLE_USAGE ( .BOTH. , #9841 ) ;
#2426 = FILL_AREA_STYLE_COLOUR ( '', #576 ) ;
#2427 = VERTEX_POINT ( 'NONE', #3976 ) ;
#2428 = DIRECTION ( 'NONE',  ( -1.000000000000000000, 1.239088197126291063E-16, 0.0000000000000000000 ) ) ;
#2429 = ADVANCED_FACE ( 'NONE', ( #7280 ), #4966, .T. ) ;
#2430 = SURFACE_SIDE_STYLE ('',( #9847 ) ) ;
#2431 =( GEOMETRIC_REPRESENTATION_CONTEXT ( 3 ) GLOBAL_UNCERTAINTY_ASSIGNED_CONTEXT ( ( #4484 ) ) GLOBAL_UNIT_ASSIGNED_CONTEXT ( ( #655, #10558, #9749 ) ) REPRESENTATION_CONTEXT ( 'NONE', 'WORKASPACE' ) );
#2432 =( NAMED_UNIT ( * ) PLANE_ANGLE_UNIT ( ) SI_UNIT ( $, .RADIAN. ) );
#2433 = CARTESIAN_POINT ( 'NONE',  ( -0.2641707444161756624, 0.09971045485637461403, -0.9999999999999993339 ) ) ;
#2434 = CARTESIAN_POINT ( 'NONE',  ( 0.1694444891903013062, 0.1554586752350471668, -0.9999999999999995559 ) ) ;
#2435 = CARTESIAN_POINT ( 'NONE',  ( -0.3988361355332085134, 0.2070106007608306375, -0.9899999999999999911 ) ) ;
#2436 = LINE ( 'NONE', #5755, #3433 ) ;
#2437 = DIRECTION ( 'NONE',  ( -1.000000000000000000, -0.0000000000000000000, -0.0000000000000000000 ) ) ;
#2438 = EDGE_LOOP ( 'NONE', ( #2943, #321, #2109, #2327 ) ) ;
#2439 = LINE ( 'NONE', #5758, #5698 ) ;
#2440 = EDGE_CURVE ( 'NONE', #4862, #2965, #10550, .T. ) ;
#2441 =( NAMED_UNIT ( * ) SI_UNIT ( $, .STERADIAN. ) SOLID_ANGLE_UNIT ( ) );
#2442 = SURFACE_SIDE_STYLE ('',( #9858 ) ) ;
#2443 = DIRECTION ( 'NONE',  ( 0.0000000000000000000, 0.0000000000000000000, 1.000000000000000000 ) ) ;
#2444 = ORIENTED_EDGE ( 'NONE', *, *, #5221, .T. ) ;
#2445 = PLANE ( 'NONE',  #6211 ) ;
#2446 = ORIENTED_EDGE ( 'NONE', *, *, #1186, .T. ) ;
#2447 = ORIENTED_EDGE ( 'NONE', *, *, #5225, .F. ) ;
#2448 = EDGE_CURVE ( 'NONE', #4747, #8687, #7388, .T. ) ;
#2449 =( NAMED_UNIT ( * ) PLANE_ANGLE_UNIT ( ) SI_UNIT ( $, .RADIAN. ) );
#2450 =( NAMED_UNIT ( * ) SI_UNIT ( $, .STERADIAN. ) SOLID_ANGLE_UNIT ( ) );
#2451 = ORIENTED_EDGE ( 'NONE', *, *, #5583, .T. ) ;
#2452 = CARTESIAN_POINT ( 'NONE',  ( 0.5500000000000003775, -1.500000000000000444, -2.000000000000000000 ) ) ;
#2453 = FILL_AREA_STYLE_COLOUR ( '', #10484 ) ;
#2454 = CIRCLE ( 'NONE', #7151, 0.5000000000000000000 ) ;
#2455 = CARTESIAN_POINT ( 'NONE',  ( 3.815815714343071097, 1.499999999999998668, -3.000000000000000000 ) ) ;
#2456 = DIRECTION ( 'NONE',  ( 0.9315776194850603487, -0.3635424856527062487, 0.0000000000000000000 ) ) ;
#2457 = VERTEX_POINT ( 'NONE', #6580 ) ;
#2458 = ORIENTED_EDGE ( 'NONE', *, *, #7880, .T. ) ;
#2459 = SURFACE_STYLE_FILL_AREA ( #9874 ) ;
#2460 = CARTESIAN_POINT ( 'NONE',  ( 9.035018104045862066E-17, 0.7499999999999991118, -3.500000000000000000 ) ) ;
#2461 = EDGE_CURVE ( 'NONE', #8075, #2149, #9851, .T. ) ;
#2462 =( NAMED_UNIT ( * ) SI_UNIT ( $, .STERADIAN. ) SOLID_ANGLE_UNIT ( ) );
#2463 = EDGE_CURVE ( 'NONE', #4704, #6468, #4510, .T. ) ;
#2464 =( NAMED_UNIT ( * ) SI_UNIT ( $, .STERADIAN. ) SOLID_ANGLE_UNIT ( ) );
#2465 = SURFACE_STYLE_USAGE ( .BOTH. , #9876 ) ;
#2466 = LINE ( 'NONE', #5791, #7719 ) ;
#2467 = FILL_AREA_STYLE_COLOUR ( '', #8769 ) ;
#2468 = PRESENTATION_STYLE_ASSIGNMENT (( #9880 ) ) ;
#2469 = SURFACE_STYLE_USAGE ( .BOTH. , #9881 ) ;
#2470 = VECTOR ( 'NONE', #7345, 1000.000000000000000 ) ;
#2471 = DIRECTION ( 'NONE',  ( 1.445602896647339163E-16, 1.000000000000000000, -0.0000000000000000000 ) ) ;
#2472 = ORIENTED_EDGE ( 'NONE', *, *, #8999, .T. ) ;
#2473 = CARTESIAN_POINT ( 'NONE',  ( -0.2846165542409797022, 0.08293479116423234376, -1.000000000000000222 ) ) ;
#2474 = FILL_AREA_STYLE_COLOUR ( '', #3042 ) ;
#2475 = COLOUR_RGB ( '',0.2509803921568627416, 0.2509803921568627416, 0.2509803921568627416 ) ;
#2476 = ADVANCED_FACE ( 'NONE', ( #2482 ), #2130, .T. ) ;
#2477 = PRESENTATION_LAYER_ASSIGNMENT (  '', '', ( #8556 ) ) ;
#2478 = ORIENTED_EDGE ( 'NONE', *, *, #8333, .F. ) ;
#2479 = CARTESIAN_POINT ( 'NONE',  ( 1.749999999999999556, 0.7499999999999988898, -3.500000000000000000 ) ) ;
#2480 = DIRECTION ( 'NONE',  ( -1.000000000000000000, 0.0000000000000000000, 0.0000000000000000000 ) ) ;
#2481 = DIRECTION ( 'NONE',  ( 0.0000000000000000000, -1.000000000000000000, 0.0000000000000000000 ) ) ;
#2482 = FACE_OUTER_BOUND ( 'NONE', #4367, .T. ) ;
#2483 = VECTOR ( 'NONE', #4245, 1000.000000000000114 ) ;
#2484 =( LENGTH_UNIT ( ) NAMED_UNIT ( * ) SI_UNIT ( .MILLI., .METRE. ) );
#2485 = COLOUR_RGB ( '',0.7529411764705882248, 0.7529411764705882248, 0.7529411764705882248 ) ;
#2486 = FACE_OUTER_BOUND ( 'NONE', #6587, .T. ) ;
#2487 = VERTEX_POINT ( 'NONE', #9261 ) ;
#2488 = MECHANICAL_DESIGN_GEOMETRIC_PRESENTATION_REPRESENTATION (  '', ( #2959 ), #5790 ) ;
#2489 = MECHANICAL_DESIGN_GEOMETRIC_PRESENTATION_REPRESENTATION (  '', ( #3887 ), #4405 ) ;
#2490 = SURFACE_STYLE_USAGE ( .BOTH. , #9896 ) ;
#2491 =( GEOMETRIC_REPRESENTATION_CONTEXT ( 3 ) GLOBAL_UNCERTAINTY_ASSIGNED_CONTEXT ( ( #1316 ) ) GLOBAL_UNIT_ASSIGNED_CONTEXT ( ( #8349, #7519, #6715 ) ) REPRESENTATION_CONTEXT ( 'NONE', 'WORKASPACE' ) );
#2492 = EDGE_CURVE ( 'NONE', #8496, #6037, #1836, .T. ) ;
#2493 = MECHANICAL_DESIGN_GEOMETRIC_PRESENTATION_REPRESENTATION (  '', ( #1106 ), #5273 ) ;
#2494 = FACE_OUTER_BOUND ( 'NONE', #8313, .T. ) ;
#2495 = PRESENTATION_LAYER_ASSIGNMENT (  '', '', ( #7191 ) ) ;
#2496 = AXIS2_PLACEMENT_3D ( 'NONE', #9566, #2137, #5466 ) ;
#2497 = DIRECTION ( 'NONE',  ( -1.000000000000000000, 0.0000000000000000000, 0.0000000000000000000 ) ) ;
#2498 = ORIENTED_EDGE ( 'NONE', *, *, #10225, .F. ) ;
#2499 = PRESENTATION_LAYER_ASSIGNMENT (  '', '', ( #10442 ) ) ;
#2500 = CARTESIAN_POINT ( 'NONE',  ( 0.1053178278814256713, 0.02896182027302574707, -0.9899999999999999911 ) ) ;
#2501 = EDGE_CURVE ( 'NONE', #387, #10385, #1029, .T. ) ;
#2502 = CARTESIAN_POINT ( 'NONE',  ( -0.04999999999999960726, -2.200000000000000622, -2.000000000000000000 ) ) ;
#2503 = VERTEX_POINT ( 'NONE', #200 ) ;
#2504 = VECTOR ( 'NONE', #5106, 1000.000000000000000 ) ;
#2505 = PRESENTATION_LAYER_ASSIGNMENT (  '', '', ( #7201 ) ) ;
#2506 = UNCERTAINTY_MEASURE_WITH_UNIT (LENGTH_MEASURE( 1.000000000000000082E-05 ), #7228, 'distance_accuracy_value', 'NONE');
#2507 = CARTESIAN_POINT ( 'NONE',  ( 3.500000000000000444, 2.999999999999999556, -3.500000000000000000 ) ) ;
#2508 = PRESENTATION_STYLE_ASSIGNMENT (( #9914 ) ) ;
#2509 =( GEOMETRIC_REPRESENTATION_CONTEXT ( 3 ) GLOBAL_UNCERTAINTY_ASSIGNED_CONTEXT ( ( #8877 ) ) GLOBAL_UNIT_ASSIGNED_CONTEXT ( ( #4501, #3671, #2847 ) ) REPRESENTATION_CONTEXT ( 'NONE', 'WORKASPACE' ) );
#2510 = CARTESIAN_POINT ( 'NONE',  ( 0.2500000000000003331, -0.8000000000000001554, -2.000000000000000000 ) ) ;
#2511 = COLOUR_RGB ( '',0.7529411764705882248, 0.7529411764705882248, 0.7529411764705882248 ) ;
#2512 =( LENGTH_UNIT ( ) NAMED_UNIT ( * ) SI_UNIT ( .MILLI., .METRE. ) );
#2513 = STYLED_ITEM ( 'NONE', ( #5557 ), #7999 ) ;
#2514 = MECHANICAL_DESIGN_GEOMETRIC_PRESENTATION_REPRESENTATION (  '', ( #1129 ), #5293 ) ;
#2515 = MECHANICAL_DESIGN_GEOMETRIC_PRESENTATION_REPRESENTATION (  '', ( #1131 ), #5294 ) ;
#2516 = ORIENTED_EDGE ( 'NONE', *, *, #8717, .T. ) ;
#2517 = DIRECTION ( 'NONE',  ( 0.3393303772748785807, 0.9406672605435402179, 0.0000000000000000000 ) ) ;
#2518 = ADVANCED_FACE ( 'NONE', ( #3517 ), #6823, .T. ) ;
#2519 = COLOUR_RGB ( '',1.000000000000000000, 1.000000000000000000, 1.000000000000000000 ) ;
#2520 = DIRECTION ( 'NONE',  ( -1.000000000000000000, 0.0000000000000000000, 0.0000000000000000000 ) ) ;
#2521 = FACE_OUTER_BOUND ( 'NONE', #409, .T. ) ;
#2522 = EDGE_LOOP ( 'NONE', ( #10187, #3597, #2171, #3118 ) ) ;
#2523 = STYLED_ITEM ( 'NONE', ( #3405 ), #10611 ) ;
#2524 = VERTEX_POINT ( 'NONE', #4456 ) ;
#2525 = PLANE ( 'NONE',  #1617 ) ;
#2526 =( GEOMETRIC_REPRESENTATION_CONTEXT ( 3 ) GLOBAL_UNCERTAINTY_ASSIGNED_CONTEXT ( ( #1095 ) ) GLOBAL_UNIT_ASSIGNED_CONTEXT ( ( #7485, #6664, #5867 ) ) REPRESENTATION_CONTEXT ( 'NONE', 'WORKASPACE' ) );
#2527 = PRESENTATION_STYLE_ASSIGNMENT (( #9932 ) ) ;
#2528 = AXIS2_PLACEMENT_3D ( 'NONE', #7236, #10504, #3096 ) ;
#2529 = CARTESIAN_POINT ( 'NONE',  ( -3.550000000000000266, 2.249999999999999556, -3.500000000000000000 ) ) ;
#2530 = SURFACE_SIDE_STYLE ('',( #9934 ) ) ;
#2531 = COLOUR_RGB ( '',0.2509803921568627416, 0.2509803921568627416, 0.2509803921568627416 ) ;
#2532 = VECTOR ( 'NONE', #4047, 1000.000000000000000 ) ;
#2533 = CARTESIAN_POINT ( 'NONE',  ( 3.500000000000000444, 2.999999999999999556, -3.500000000000000000 ) ) ;
#2534 = FILL_AREA_STYLE ('',( #9937 ) ) ;
#2535 = FILL_AREA_STYLE ('',( #9938 ) ) ;
#2536 = AXIS2_PLACEMENT_3D ( 'NONE', #4370, #5291, #8613 ) ;
#2537 = ORIENTED_EDGE ( 'NONE', *, *, #1384, .F. ) ;
#2538 = CARTESIAN_POINT ( 'NONE',  ( -0.2321313675925906483, 0.03824268134967959837, -0.9900000000000002132 ) ) ;
#2539 = CARTESIAN_POINT ( 'NONE',  ( -0.3981623536935343100, 0.2028960308059524487, -1.000000000000000000 ) ) ;
#2540 = MECHANICAL_DESIGN_GEOMETRIC_PRESENTATION_REPRESENTATION (  '', ( #1155 ), #5324 ) ;
#2541 = DIRECTION ( 'NONE',  ( 0.0000000000000000000, 1.000000000000000000, 0.0000000000000000000 ) ) ;
#2542 = B_SPLINE_CURVE_WITH_KNOTS ( 'NONE', 3,
 ( #2840, #6174, #9467, #2029, #5360, #8667, #1218 ),
 .UNSPECIFIED., .F., .F.,
 ( 4, 1, 1, 1, 4 ),
 ( 0.0000000000000000000, 0.3005411131585078444, 0.5677471464835985859, 0.8000336137369795653, 1.000000000000000000 ),
 .UNSPECIFIED. ) ;
#2543 = ORIENTED_EDGE ( 'NONE', *, *, #2132, .F. ) ;
#2544 = PRESENTATION_STYLE_ASSIGNMENT (( #9948 ) ) ;
#2545 = FILL_AREA_STYLE ('',( #9949 ) ) ;
#2546 = CARTESIAN_POINT ( 'NONE',  ( -3.499999999999999556, -3.000000000000000444, -0.5000000000000000000 ) ) ;
#2547 =( NAMED_UNIT ( * ) PLANE_ANGLE_UNIT ( ) SI_UNIT ( $, .RADIAN. ) );
#2548 = AXIS2_PLACEMENT_3D ( 'NONE', #4971, #8291, #837 ) ;
#2549 = CARTESIAN_POINT ( 'NONE',  ( 0.05559941797663486840, 0.2021704889007301664, -0.9899999999999999911 ) ) ;
#2550 =( NAMED_UNIT ( * ) PLANE_ANGLE_UNIT ( ) SI_UNIT ( $, .RADIAN. ) );
#2551 = ORIENTED_EDGE ( 'NONE', *, *, #1805, .F. ) ;
#2552 = DIRECTION ( 'NONE',  ( -2.168404344971008868E-16, 1.000000000000000000, 0.0000000000000000000 ) ) ;
#2553 = ADVANCED_FACE ( 'NONE', ( #7761 ), #4261, .T. ) ;
#2554 = AXIS2_PLACEMENT_3D ( 'NONE', #6424, #9693, #2268 ) ;
#2555 =( GEOMETRIC_REPRESENTATION_CONTEXT ( 3 ) GLOBAL_UNCERTAINTY_ASSIGNED_CONTEXT ( ( #451 ) ) GLOBAL_UNIT_ASSIGNED_CONTEXT ( ( #8112, #7285, #6471 ) ) REPRESENTATION_CONTEXT ( 'NONE', 'WORKASPACE' ) );
#2556 =( NAMED_UNIT ( * ) PLANE_ANGLE_UNIT ( ) SI_UNIT ( $, .RADIAN. ) );
#2557 = CARTESIAN_POINT ( 'NONE',  ( 0.1879979810009854146, 0.1801817485643921191, -0.9899999999999999911 ) ) ;
#2558 = VERTEX_POINT ( 'NONE', #318 ) ;
#2559 = CARTESIAN_POINT ( 'NONE',  ( -0.2158225345278200202, 0.05617396428662670138, -0.9899999999999997691 ) ) ;
#2560 =( BOUNDED_CURVE ( )  B_SPLINE_CURVE ( 3, ( #7985, #531, #3852, #7163 ),
 .UNSPECIFIED., .F., .F. ) 
 B_SPLINE_CURVE_WITH_KNOTS ( ( 4, 4 ),
 ( 3.141592653589793116, 4.712388980384689674 ),
 .UNSPECIFIED. ) 
 CURVE ( )  GEOMETRIC_REPRESENTATION_ITEM ( )  RATIONAL_B_SPLINE_CURVE ( ( 1.000000000000000000, 0.8047378541243649375, 0.8047378541243649375, 1.000000000000000000 ) ) 
 REPRESENTATION_ITEM ( '' )  );
#2561 = CARTESIAN_POINT ( 'NONE',  ( -0.3499999999999995337, 2.050000000000000711, -2.000000000000000000 ) ) ;
#2562 = VECTOR ( 'NONE', #5401, 1000.000000000000000 ) ;
#2563 = EDGE_CURVE ( 'NONE', #7928, #9262, #2872, .T. ) ;
#2564 = VECTOR ( 'NONE', #5638, 1000.000000000000000 ) ;
#2565 = SURFACE_STYLE_FILL_AREA ( #9967 ) ;
#2566 = PRESENTATION_STYLE_ASSIGNMENT (( #9969 ) ) ;
#2567 = EDGE_CURVE ( 'NONE', #5554, #9743, #411, .T. ) ;
#2568 =( LENGTH_UNIT ( ) NAMED_UNIT ( * ) SI_UNIT ( .MILLI., .METRE. ) );
#2569 = DIRECTION ( 'NONE',  ( -1.239088197126291063E-16, -1.000000000000000000, 0.0000000000000000000 ) ) ;
#2570 = ORIENTED_EDGE ( 'NONE', *, *, #2899, .F. ) ;
#2571 = CARTESIAN_POINT ( 'NONE',  ( 0.1670335357836532642, 0.04961581651151950045, -1.000000000000000000 ) ) ;
#2572 = FILL_AREA_STYLE ('',( #9978 ) ) ;
#2573 =( NAMED_UNIT ( * ) PLANE_ANGLE_UNIT ( ) SI_UNIT ( $, .RADIAN. ) );
#2574 = ORIENTED_EDGE ( 'NONE', *, *, #7013, .F. ) ;
#2575 = ORIENTED_EDGE ( 'NONE', *, *, #8361, .T. ) ;
#2576 = CARTESIAN_POINT ( 'NONE',  ( -0.2692248550454036105, 0.1333444422242452687, -1.000000000000000000 ) ) ;
#2577 = FACE_OUTER_BOUND ( 'NONE', #8198, .T. ) ;
#2578 = EDGE_CURVE ( 'NONE', #7705, #6026, #10422, .T. ) ;
#2579 = LINE ( 'NONE', #5898, #5262 ) ;
#2580 = CARTESIAN_POINT ( 'NONE',  ( -0.2529105768051770342, 0.1853948579839835575, -0.9899999999999997691 ) ) ;
#2581 = DIRECTION ( 'NONE',  ( -0.0000000000000000000, 0.0000000000000000000, -1.000000000000000000 ) ) ;
#2582 = AXIS2_PLACEMENT_3D ( 'NONE', #3753, #4685, #7983 ) ;
#2583 =( LENGTH_UNIT ( ) NAMED_UNIT ( * ) SI_UNIT ( .MILLI., .METRE. ) );
#2584 = SURFACE_SIDE_STYLE ('',( #9991 ) ) ;
#2585 =( NAMED_UNIT ( * ) SI_UNIT ( $, .STERADIAN. ) SOLID_ANGLE_UNIT ( ) );
#2586 =( NAMED_UNIT ( * ) SI_UNIT ( $, .STERADIAN. ) SOLID_ANGLE_UNIT ( ) );
#2587 = PLANE ( 'NONE',  #4938 ) ;
#2588 = ORIENTED_EDGE ( 'NONE', *, *, #4296, .F. ) ;
#2589 = CARTESIAN_POINT ( 'NONE',  ( -0.9499999999999995115, -0.9500000000000000666, -2.000000000000000000 ) ) ;
#2590 = SURFACE_STYLE_USAGE ( .BOTH. , #9996 ) ;
#2591 = PLANE ( 'NONE',  #6149 ) ;
#2592 = ORIENTED_EDGE ( 'NONE', *, *, #3355, .T. ) ;
#2593 =( NAMED_UNIT ( * ) SI_UNIT ( $, .STERADIAN. ) SOLID_ANGLE_UNIT ( ) );
#2594 = SURFACE_SIDE_STYLE ('',( #9999 ) ) ;
#2595 = CARTESIAN_POINT ( 'NONE',  ( 0.06199052584295242779, 0.03606930704632978213, -0.9999999999999995559 ) ) ;
#2596 = CARTESIAN_POINT ( 'NONE',  ( 0.09083472352101702729, 0.2117935567313274647, -1.000000000000000222 ) ) ;
#2597 = CARTESIAN_POINT ( 'NONE',  ( 1.649999999999998357, -3.000000000000000444, -1.000000000000000000 ) ) ;
#2598 = EDGE_CURVE ( 'NONE', #3315, #4704, #9531, .T. ) ;
#2599 = ORIENTED_EDGE ( 'NONE', *, *, #5619, .F. ) ;
#2600 = CARTESIAN_POINT ( 'NONE',  ( -0.4619077818746720188, 0.03140084466326965168, -0.9899999999999999911 ) ) ;
#2601 = MANIFOLD_SOLID_BREP ( '阵列(线性)3[4]', #6487 ) ;
#2602 = CARTESIAN_POINT ( 'NONE',  ( 0.3185800230033769553, 0.03140084466326965168, -1.000000000000000000 ) ) ;
#2603 = CIRCLE ( 'NONE', #3997, 0.1499999999999999667 ) ;
#2604 = CARTESIAN_POINT ( 'NONE',  ( 0.1466763245437497087, 0.2225896789443952140, -1.000000000000000000 ) ) ;
#2605 = DIRECTION ( 'NONE',  ( 1.000000000000000000, 0.0000000000000000000, 0.0000000000000000000 ) ) ;
#2606 = EDGE_CURVE ( 'NONE', #6395, #5665, #7159, .T. ) ;
#2607 = VERTEX_POINT ( 'NONE', #8728 ) ;
#2608 = DIRECTION ( 'NONE',  ( 1.000000000000000000, 0.0000000000000000000, 0.0000000000000000000 ) ) ;
#2609 = CARTESIAN_POINT ( 'NONE',  ( -0.2691558318413242445, 0.1302679339234467104, -0.9899999999999999911 ) ) ;
#2610 = AXIS2_PLACEMENT_3D ( 'NONE', #5088, #8413, #968 ) ;
#2611 = SURFACE_SIDE_STYLE ('',( #10013 ) ) ;
#2612 = UNCERTAINTY_MEASURE_WITH_UNIT (LENGTH_MEASURE( 1.000000000000000082E-05 ), #10387, 'distance_accuracy_value', 'NONE');
#2613 = PRESENTATION_STYLE_ASSIGNMENT (( #10015 ) ) ;
#2614 = DIRECTION ( 'NONE',  ( -1.239088197126291063E-16, -1.000000000000000000, 0.0000000000000000000 ) ) ;
#2615 = UNCERTAINTY_MEASURE_WITH_UNIT (LENGTH_MEASURE( 1.000000000000000082E-05 ), #1458, 'distance_accuracy_value', 'NONE');
#2616 = DIRECTION ( 'NONE',  ( 0.0000000000000000000, -1.000000000000000000, 0.0000000000000000000 ) ) ;
#2617 = EDGE_CURVE ( 'NONE', #4341, #2965, #6361, .T. ) ;
#2618 = VERTEX_POINT ( 'NONE', #5538 ) ;
#2619 = DIRECTION ( 'NONE',  ( -1.000000000000000000, 0.0000000000000000000, 0.0000000000000000000 ) ) ;
#2620 =( NAMED_UNIT ( * ) SI_UNIT ( $, .STERADIAN. ) SOLID_ANGLE_UNIT ( ) );
#2621 = DIRECTION ( 'NONE',  ( 0.0000000000000000000, 1.000000000000000000, 0.0000000000000000000 ) ) ;
#2622 = CARTESIAN_POINT ( 'NONE',  ( -0.04999999999999980849, -0.6500000000000001332, -2.000000000000000000 ) ) ;
#2623 = ORIENTED_EDGE ( 'NONE', *, *, #3430, .T. ) ;
#2624 = ORIENTED_EDGE ( 'NONE', *, *, #9975, .F. ) ;
#2625 = SURFACE_STYLE_FILL_AREA ( #10026 ) ;
#2626 = CARTESIAN_POINT ( 'NONE',  ( -0.2229455409791067655, 0.2048137931291728608, -0.9999999999999997780 ) ) ;
#2627 = CARTESIAN_POINT ( 'NONE',  ( 1.750000000000000222, 2.999999999999998668, -3.500000000000000000 ) ) ;
#2628 = CARTESIAN_POINT ( 'NONE',  ( -0.2794031781139801329, 0.1906757015133652977, -1.000000000000000222 ) ) ;
#2629 = EDGE_CURVE ( 'NONE', #5849, #10233, #3914, .T. ) ;
#2630 = CARTESIAN_POINT ( 'NONE',  ( -0.6499999999999995781, 0.9500000000000000666, -2.000000000000000000 ) ) ;
#2631 = DIRECTION ( 'NONE',  ( 0.0000000000000000000, 0.0000000000000000000, -1.000000000000000000 ) ) ;
#2632 = SURFACE_STYLE_USAGE ( .BOTH. , #10036 ) ;
#2633 = ADVANCED_FACE ( 'NONE', ( #8025 ), #573, .T. ) ;
#2634 = SURFACE_STYLE_USAGE ( .BOTH. , #10037 ) ;
#2635 = ORIENTED_EDGE ( 'NONE', *, *, #5341, .T. ) ;
#2636 = DIRECTION ( 'NONE',  ( 0.0000000000000000000, 0.0000000000000000000, -1.000000000000000000 ) ) ;
#2637 = ORIENTED_EDGE ( 'NONE', *, *, #1153, .F. ) ;
#2638 = CARTESIAN_POINT ( 'NONE',  ( -0.2023978482999948258, 0.2311583665304470514, -0.9899999999999999911 ) ) ;
#2639 = CARTESIAN_POINT ( 'NONE',  ( 0.1053178278814256713, 0.02896182027302574707, -0.9899999999999999911 ) ) ;
#2640 = VERTEX_POINT ( 'NONE', #8938 ) ;
#2641 = CARTESIAN_POINT ( 'NONE',  ( -3.500000000000000444, 0.7499999999999995559, -3.500000000000000000 ) ) ;
#2642 = EDGE_CURVE ( 'NONE', #6799, #7573, #1507, .T. ) ;
#2643 = PRODUCT_DEFINITION_SHAPE ( 'NONE', 'NONE',  #2414 ) ;
#2644 = ORIENTED_EDGE ( 'NONE', *, *, #10132, .F. ) ;
#2645 = FACE_OUTER_BOUND ( 'NONE', #10161, .T. ) ;
#2646 = TOROIDAL_SURFACE ( 'NONE', #7333, 0.7000000000000002887, 0.1499999999999999667 ) ;
#2647 = CARTESIAN_POINT ( 'NONE',  ( -0.3974186560519732958, 0.1991262353145079600, -1.000000000000000222 ) ) ;
#2648 =( GEOMETRIC_REPRESENTATION_CONTEXT ( 3 ) GLOBAL_UNCERTAINTY_ASSIGNED_CONTEXT ( ( #9213 ) ) GLOBAL_UNIT_ASSIGNED_CONTEXT ( ( #9390, #8615, #7793 ) ) REPRESENTATION_CONTEXT ( 'NONE', 'WORKASPACE' ) );
#2649 = FILL_AREA_STYLE ('',( #10052 ) ) ;
#2650 = AXIS2_PLACEMENT_3D ( 'NONE', #4855, #8162, #708 ) ;
#2651 = LINE ( 'NONE', #5975, #8966 ) ;
#2652 = CARTESIAN_POINT ( 'NONE',  ( -0.2612092463731296998, 0.09256339698737421628, -0.9999999999999995559 ) ) ;
#2653 = ORIENTED_EDGE ( 'NONE', *, *, #7589, .F. ) ;
#2654 = SURFACE_STYLE_USAGE ( .BOTH. , #10057 ) ;
#2655 = VECTOR ( 'NONE', #7665, 1000.000000000000000 ) ;
#2656 = SURFACE_STYLE_USAGE ( .BOTH. , #10060 ) ;
#2657 = PRESENTATION_LAYER_ASSIGNMENT (  '', '', ( #7349 ) ) ;
#2658 = CIRCLE ( 'NONE', #8741, 0.8500000000000000888 ) ;
#2659 = CARTESIAN_POINT ( 'NONE',  ( -0.3499999999999995337, -2.350000000000000533, -2.000000000000000000 ) ) ;
#2660 = VECTOR ( 'NONE', #3572, 1000.000000000000000 ) ;
#2661 = MECHANICAL_DESIGN_GEOMETRIC_PRESENTATION_REPRESENTATION (  '', ( #1757 ), #931 ) ;
#2662 = FILL_AREA_STYLE_COLOUR ( '', #369 ) ;
#2663 = ORIENTED_EDGE ( 'NONE', *, *, #7998, .T. ) ;
#2664 = SURFACE_STYLE_USAGE ( .BOTH. , #10064 ) ;
#2665 = CIRCLE ( 'NONE', #8748, 0.1499999999999999667 ) ;
#2666 = CARTESIAN_POINT ( 'NONE',  ( 0.1051487508433882057, 0.2117161076589496038, -0.9900000000000002132 ) ) ;
#2667 = B_SPLINE_CURVE_WITH_KNOTS ( 'NONE', 2,
 ( #7875, #428, #3766 ),
 .UNSPECIFIED., .F., .F.,
 ( 3, 3 ),
 ( 0.0000000000000000000, 1.000000000000000000 ),
 .UNSPECIFIED. ) ;
#2668 = VECTOR ( 'NONE', #8866, 1000.000000000000000 ) ;
#2669 = CIRCLE ( 'NONE', #8751, 0.8500000000000003109 ) ;
#2670 = MECHANICAL_DESIGN_GEOMETRIC_PRESENTATION_REPRESENTATION (  '', ( #1294 ), #5461 ) ;
#2671 = MECHANICAL_DESIGN_GEOMETRIC_PRESENTATION_REPRESENTATION (  '', ( #4078 ), #5968 ) ;
#2672 = VERTEX_POINT ( 'NONE', #680 ) ;
#2673 = VERTEX_POINT ( 'NONE', #4005 ) ;
#2674 = VECTOR ( 'NONE', #6519, 1000.000000000000000 ) ;
#2675 = EDGE_CURVE ( 'NONE', #5515, #6408, #7312, .T. ) ;
#2676 = CARTESIAN_POINT ( 'NONE',  ( -0.3499999999999995337, 2.200000000000000622, -2.000000000000000000 ) ) ;
#2677 = CARTESIAN_POINT ( 'NONE',  ( -0.04999999999999969746, -1.500000000000000444, -2.000000000000000000 ) ) ;
#2678 = MECHANICAL_DESIGN_GEOMETRIC_PRESENTATION_REPRESENTATION (  '', ( #1301 ), #5468 ) ;
#2679 = TOROIDAL_SURFACE ( 'NONE', #8759, 0.7000000000000002887, 0.1499999999999999667 ) ;
#2680 = VECTOR ( 'NONE', #8617, 1000.000000000000000 ) ;
#2681 = FILL_AREA_STYLE ('',( #10074 ) ) ;
#2682 =( GEOMETRIC_REPRESENTATION_CONTEXT ( 3 ) GLOBAL_UNCERTAINTY_ASSIGNED_CONTEXT ( ( #5770 ) ) GLOBAL_UNIT_ASSIGNED_CONTEXT ( ( #2281, #1481, #661 ) ) REPRESENTATION_CONTEXT ( 'NONE', 'WORKASPACE' ) );
#2683 = SURFACE_SIDE_STYLE ('',( #10076 ) ) ;
#2684 = STYLED_ITEM ( 'NONE', ( #8309 ), #2711 ) ;
#2685 = CARTESIAN_POINT ( 'NONE',  ( -0.01556631846003775181, 0.1435959666144891733, -0.9899999999999999911 ) ) ;
#2686 = DIRECTION ( 'NONE',  ( -1.000000000000000000, -1.239088197126291063E-16, 0.0000000000000000000 ) ) ;
#2687 = SURFACE_STYLE_USAGE ( .BOTH. , #10085 ) ;
#2688 = PRESENTATION_LAYER_ASSIGNMENT (  '', '', ( #7385 ) ) ;
#2689 = SURFACE_STYLE_FILL_AREA ( #10087 ) ;
#2690 = ADVANCED_FACE ( 'NONE', ( #6501 ), #9786, .T. ) ;
#2691 = ORIENTED_EDGE ( 'NONE', *, *, #6374, .T. ) ;
#2692 = CARTESIAN_POINT ( 'NONE',  ( 0.5500000000000003775, -1.500000000000000444, -2.000000000000000000 ) ) ;
#2693 =( LENGTH_UNIT ( ) NAMED_UNIT ( * ) SI_UNIT ( .MILLI., .METRE. ) );
#2694 = FACE_OUTER_BOUND ( 'NONE', #1425, .T. ) ;
#2695 = STYLED_ITEM ( 'NONE', ( #9037 ), #8258 ) ;
#2696 = MECHANICAL_DESIGN_GEOMETRIC_PRESENTATION_REPRESENTATION (  '', ( #1323 ), #5493 ) ;
#2697 = EDGE_CURVE ( 'NONE', #4189, #159, #10107, .T. ) ;
#2698 = EDGE_LOOP ( 'NONE', ( #5184, #10318, #204, #7980, #8538, #7304, #70, #10304, #4224, #1737, #2261, #2038 ) ) ;
#2699 = CARTESIAN_POINT ( 'NONE',  ( -0.2943643955602550655, 0.1549680889484864876, -0.9900000000000002132 ) ) ;
#2700 = CARTESIAN_POINT ( 'NONE',  ( 0.1647418249454270789, 0.09004219581918125603, -0.9899999999999999911 ) ) ;
#2701 = FILL_AREA_STYLE ('',( #10103 ) ) ;
#2702 = COLOUR_RGB ( '',0.9882352941176471006, 0.7372549019607843590, 0.5176470588235293491 ) ;
#2703 = ORIENTED_EDGE ( 'NONE', *, *, #2963, .F. ) ;
#2704 = DIRECTION ( 'NONE',  ( -0.0000000000000000000, -0.0000000000000000000, -1.000000000000000000 ) ) ;
#2705 = ORIENTED_EDGE ( 'NONE', *, *, #4766, .T. ) ;
#2706 =( NAMED_UNIT ( * ) PLANE_ANGLE_UNIT ( ) SI_UNIT ( $, .RADIAN. ) );
#2707 =( GEOMETRIC_REPRESENTATION_CONTEXT ( 3 ) GLOBAL_UNCERTAINTY_ASSIGNED_CONTEXT ( ( #1329 ) ) GLOBAL_UNIT_ASSIGNED_CONTEXT ( ( #4788, #3973, #3136 ) ) REPRESENTATION_CONTEXT ( 'NONE', 'WORKASPACE' ) );
#2708 = TOROIDAL_SURFACE ( 'NONE', #8783, 0.7000000000000002887, 0.1499999999999999667 ) ;
#2709 = UNCERTAINTY_MEASURE_WITH_UNIT (LENGTH_MEASURE( 1.000000000000000082E-05 ), #578, 'distance_accuracy_value', 'NONE');
#2710 =( NAMED_UNIT ( * ) SI_UNIT ( $, .STERADIAN. ) SOLID_ANGLE_UNIT ( ) );
#2711 = ADVANCED_FACE ( 'NONE', ( #6604 ), #3206, .T. ) ;
#2712 = MECHANICAL_DESIGN_GEOMETRIC_PRESENTATION_REPRESENTATION (  '', ( #1339 ), #5506 ) ;
#2713 = PLANE ( 'NONE',  #481 ) ;
#2714 = SURFACE_SIDE_STYLE ('',( #10114 ) ) ;
#2715 = AXIS2_PLACEMENT_3D ( 'NONE', #4658, #7958, #505 ) ;
#2716 = ORIENTED_EDGE ( 'NONE', *, *, #9817, .T. ) ;
#2717 = CARTESIAN_POINT ( 'NONE',  ( 0.05187936477867836904, 0.2265592777113955569, -0.9899999999999999911 ) ) ;
#2718 = DIRECTION ( 'NONE',  ( 0.0000000000000000000, -1.000000000000000000, 0.0000000000000000000 ) ) ;
#2719 = FILL_AREA_STYLE ('',( #10119 ) ) ;
#2720 = UNCERTAINTY_MEASURE_WITH_UNIT (LENGTH_MEASURE( 1.000000000000000082E-05 ), #6817, 'distance_accuracy_value', 'NONE');
#2721 = STYLED_ITEM ( 'NONE', ( #8699 ), #8991 ) ;
#2722 = PLANE ( 'NONE',  #6486 ) ;
#2723 = UNCERTAINTY_MEASURE_WITH_UNIT (LENGTH_MEASURE( 1.000000000000000082E-05 ), #6492, 'distance_accuracy_value', 'NONE');
#2724 = DIRECTION ( 'NONE',  ( -1.000000000000000000, -1.239088197126291063E-16, 0.0000000000000000000 ) ) ;
#2725 = COLOUR_RGB ( '',0.7529411764705882248, 0.7529411764705882248, 0.7529411764705882248 ) ;
#2726 = CARTESIAN_POINT ( 'NONE',  ( 0.1710843219962014661, 0.1471589523018357604, -0.9900000000000002132 ) ) ;
#2727 =( GEOMETRIC_REPRESENTATION_CONTEXT ( 3 ) GLOBAL_UNCERTAINTY_ASSIGNED_CONTEXT ( ( #9440 ) ) GLOBAL_UNIT_ASSIGNED_CONTEXT ( ( #5376, #4562, #3752 ) ) REPRESENTATION_CONTEXT ( 'NONE', 'WORKASPACE' ) );
#2728 = VECTOR ( 'NONE', #10338, 1000.000000000000000 ) ;
#2729 = ORIENTED_EDGE ( 'NONE', *, *, #5957, .T. ) ;
#2730 = CARTESIAN_POINT ( 'NONE',  ( 1.649999999999999023, 2.999999999999998668, -0.5000000000000000000 ) ) ;
#2731 = DIRECTION ( 'NONE',  ( 2.168404344971008868E-16, -1.000000000000000000, 0.0000000000000000000 ) ) ;
#2732 = EDGE_LOOP ( 'NONE', ( #2023, #1196, #2231, #2362, #6472, #10399, #8674, #2516, #9925, #3255, #7689, #9555 ) ) ;
#2733 = EDGE_LOOP ( 'NONE', ( #10585, #4125, #5251, #2985 ) ) ;
#2734 = CARTESIAN_POINT ( 'NONE',  ( 0.05028734007654758753, 0.04176669832180623931, -1.000000000000000000 ) ) ;
#2735 = PRESENTATION_STYLE_ASSIGNMENT (( #10139 ) ) ;
#2736 =( NAMED_UNIT ( * ) SI_UNIT ( $, .STERADIAN. ) SOLID_ANGLE_UNIT ( ) );
#2737 = DIRECTION ( 'NONE',  ( -0.0000000000000000000, 0.0000000000000000000, -1.000000000000000000 ) ) ;
#2738 = B_SPLINE_SURFACE_WITH_KNOTS ( 'NONE', 3, 1, ( 
 ( #10351, #8815 ),
 ( #1376, #4703 ),
 ( #8005, #550 ),
 ( #3870, #7188 ),
 ( #10459, #3054 ),
 ( #6388, #9662 ),
 ( #2241, #5563 ),
 ( #8859, #1424 ),
 ( #4746, #8051 ),
 ( #604, #3932 ),
 ( #7248, #10515 ) ),
 .UNSPECIFIED., .F., .F., .F.,
 ( 4, 1, 1, 1, 1, 1, 1, 1, 4 ),
 ( 2, 2 ),
 ( 0.0000000000000000000, 0.1352946047634290549, 0.2667656579247486004, 0.3948160188358721401, 0.5200516544342453917, 0.6421757029708213826, 0.7626518205584230659, 0.8818340043805021899, 1.000000000000000000 ),
 ( 0.0000000000000000000, 1.000000000000000000 ),
 .UNSPECIFIED. ) ;
#2739 = EDGE_LOOP ( 'NONE', ( #3288, #4088, #4749, #2955 ) ) ;
#2740 = ADVANCED_FACE ( 'NONE', ( #9879 ), #7037, .T. ) ;
#2741 = DIRECTION ( 'NONE',  ( -1.000000000000000000, 0.0000000000000000000, 0.0000000000000000000 ) ) ;
#2742 = DIRECTION ( 'NONE',  ( -1.517445394471977106E-32, -1.224646799147353207E-16, 1.000000000000000000 ) ) ;
#2743 = CARTESIAN_POINT ( 'NONE',  ( 0.1339559773791275388, 0.2032880043505887468, -1.000000000000000000 ) ) ;
#2744 = ORIENTED_EDGE ( 'NONE', *, *, #10021, .T. ) ;
#2745 = FILL_AREA_STYLE_COLOUR ( '', #2315 ) ;
#2746 = CARTESIAN_POINT ( 'NONE',  ( 0.06682955292958546456, 0.2069672744207673720, -0.9900000000000004352 ) ) ;
#2747 =( NAMED_UNIT ( * ) PLANE_ANGLE_UNIT ( ) SI_UNIT ( $, .RADIAN. ) );
#2748 = DIRECTION ( 'NONE',  ( 0.0000000000000000000, -1.000000000000000000, 0.0000000000000000000 ) ) ;
#2749 = FILL_AREA_STYLE ('',( #10157 ) ) ;
#2750 = VERTEX_POINT ( 'NONE', #84 ) ;
#2751 = SURFACE_SIDE_STYLE ('',( #10159 ) ) ;
#2752 = ADVANCED_FACE ( 'NONE', ( #1017 ), #4324, .F. ) ;
#2753 = CARTESIAN_POINT ( 'NONE',  ( 0.1364370949318468584, 0.05908079761950350839, -0.9999999999999997780 ) ) ;
#2754 =( NAMED_UNIT ( * ) SI_UNIT ( $, .STERADIAN. ) SOLID_ANGLE_UNIT ( ) );
#2755 = VERTEX_POINT ( 'NONE', #6807 ) ;
#2756 = DIRECTION ( 'NONE',  ( 2.168404344971009115E-16, 1.000000000000000000, 0.0000000000000000000 ) ) ;
#2757 = ORIENTED_EDGE ( 'NONE', *, *, #2461, .F. ) ;
#2758 = CARTESIAN_POINT ( 'NONE',  ( -0.09117607455759875468, 0.2094496251510745422, -1.000000000000000000 ) ) ;
#2759 = DIRECTION ( 'NONE',  ( 0.0000000000000000000, 1.000000000000000000, 0.0000000000000000000 ) ) ;
#2760 = CARTESIAN_POINT ( 'NONE',  ( 0.2500000000000004441, 1.500000000000000444, -2.000000000000000000 ) ) ;
#2761 = DIRECTION ( 'NONE',  ( -1.232047923278981460E-16, -1.000000000000000000, 0.0000000000000000000 ) ) ;
#2762 = ORIENTED_EDGE ( 'NONE', *, *, #4577, .T. ) ;
#2763 = DIRECTION ( 'NONE',  ( -1.971276677246370286E-16, -1.000000000000000000, 0.0000000000000000000 ) ) ;
#2764 = CARTESIAN_POINT ( 'NONE',  ( -3.499999999999999556, 2.999999999999999556, -3.000000000000000000 ) ) ;
#2765 =( NAMED_UNIT ( * ) SI_UNIT ( $, .STERADIAN. ) SOLID_ANGLE_UNIT ( ) );
#2766 = EDGE_CURVE ( 'NONE', #104, #3949, #10280, .T. ) ;
#2767 = SURFACE_SIDE_STYLE ('',( #10176 ) ) ;
#2768 = SURFACE_SIDE_STYLE ('',( #10178 ) ) ;
#2769 = AXIS2_PLACEMENT_3D ( 'NONE', #2166, #5496, #8797 ) ;
#2770 = FILL_AREA_STYLE ('',( #10181 ) ) ;
#2771 = LINE ( 'NONE', #3711, #462 ) ;
#2772 = DIRECTION ( 'NONE',  ( -1.000000000000000000, 0.0000000000000000000, -0.0000000000000000000 ) ) ;
#2773 = ORIENTED_EDGE ( 'NONE', *, *, #4546, .T. ) ;
#2774 = DIRECTION ( 'NONE',  ( -1.000000000000000000, 0.0000000000000000000, 0.0000000000000000000 ) ) ;
#2775 = EDGE_CURVE ( 'NONE', #4426, #3144, #9302, .T. ) ;
#2776 = ORIENTED_EDGE ( 'NONE', *, *, #9038, .T. ) ;
#2777 = MECHANICAL_DESIGN_GEOMETRIC_PRESENTATION_REPRESENTATION (  '', ( #4712 ), #5403 ) ;
#2778 = EDGE_LOOP ( 'NONE', ( #3847, #1061, #5767, #530 ) ) ;
#2779 = STYLED_ITEM ( 'NONE', ( #2265 ), #1420 ) ;
#2780 = LINE ( 'NONE', #6109, #4104 ) ;
#2781 = CARTESIAN_POINT ( 'NONE',  ( -3.550000000000000266, 2.249999999999999556, -3.500000000000000000 ) ) ;
#2782 = FILL_AREA_STYLE_COLOUR ( '', #8102 ) ;
#2783 = ORIENTED_EDGE ( 'NONE', *, *, #2675, .T. ) ;
#2784 = CARTESIAN_POINT ( 'NONE',  ( -1.549999999999999600, -1.500000000000000444, -2.000000000000000000 ) ) ;
#2785 =( GEOMETRIC_REPRESENTATION_CONTEXT ( 3 ) GLOBAL_UNCERTAINTY_ASSIGNED_CONTEXT ( ( #5343 ) ) GLOBAL_UNIT_ASSIGNED_CONTEXT ( ( #2568, #1751, #932 ) ) REPRESENTATION_CONTEXT ( 'NONE', 'WORKASPACE' ) );
#2786 = APPLICATION_PROTOCOL_DEFINITION ( 'draft international standard', 'automotive_design', 1998, #8665 ) ;
#2787 = FILL_AREA_STYLE ('',( #10196 ) ) ;
#2788 = CARTESIAN_POINT ( 'NONE',  ( 0.1671725893414270081, 0.1632861400088746751, -0.9900000000000002132 ) ) ;
#2789 = DIRECTION ( 'NONE',  ( -1.000000000000000000, -1.239088197126291063E-16, 0.0000000000000000000 ) ) ;
#2790 = CARTESIAN_POINT ( 'NONE',  ( -0.2640177025880647288, 0.1665165409556170206, -0.9999999999999988898 ) ) ;
#2791 = ORIENTED_EDGE ( 'NONE', *, *, #10682, .F. ) ;
#2792 = SURFACE_STYLE_USAGE ( .BOTH. , #10202 ) ;
#2793 = EDGE_CURVE ( 'NONE', #3713, #8006, #8508, .T. ) ;
#2794 = LINE ( 'NONE', #6122, #5101 ) ;
#2795 = PRESENTATION_STYLE_ASSIGNMENT (( #10204 ) ) ;
#2796 =( NAMED_UNIT ( * ) SI_UNIT ( $, .STERADIAN. ) SOLID_ANGLE_UNIT ( ) );
#2797 = ORIENTED_EDGE ( 'NONE', *, *, #1378, .T. ) ;
#2798 = CARTESIAN_POINT ( 'NONE',  ( -3.550000000000000266, 2.249999999999999556, -3.000000000000000000 ) ) ;
#2799 = SURFACE_SIDE_STYLE ('',( #10209 ) ) ;
#2800 = DIRECTION ( 'NONE',  ( -1.000000000000000000, -2.168404344971008868E-16, -0.0000000000000000000 ) ) ;
#2801 = CARTESIAN_POINT ( 'NONE',  ( 0.07143022947521551758, 0.2319065122094802756, -1.000000000000000000 ) ) ;
#2802 = DIRECTION ( 'NONE',  ( -0.0000000000000000000, 0.0000000000000000000, -1.000000000000000000 ) ) ;
#2803 = ORIENTED_EDGE ( 'NONE', *, *, #4436, .F. ) ;
#2804 = CARTESIAN_POINT ( 'NONE',  ( 0.1437256661012986658, 0.03557870581664175635, -1.000000000000000222 ) ) ;
#2805 =( NAMED_UNIT ( * ) PLANE_ANGLE_UNIT ( ) SI_UNIT ( $, .RADIAN. ) );
#2806 = EDGE_CURVE ( 'NONE', #3765, #8120, #7545, .T. ) ;
#2807 = PRESENTATION_STYLE_ASSIGNMENT (( #10217 ) ) ;
#2808 = SURFACE_STYLE_FILL_AREA ( #10219 ) ;
#2809 = CARTESIAN_POINT ( 'NONE',  ( 0.1771937378033493493, 0.1972103781006342704, -1.000000000000000000 ) ) ;
#2810 = VERTEX_POINT ( 'NONE', #6876 ) ;
#2811 = SURFACE_SIDE_STYLE ('',( #10222 ) ) ;
#2812 = CARTESIAN_POINT ( 'NONE',  ( -0.3590495501673549028, 0.08749840563887940903, -0.9899999999999999911 ) ) ;
#2813 = LINE ( 'NONE', #6146, #8391 ) ;
#2814 = PRESENTATION_LAYER_ASSIGNMENT (  '', '', ( #8884 ) ) ;
#2815 = UNCERTAINTY_MEASURE_WITH_UNIT (LENGTH_MEASURE( 1.000000000000000082E-05 ), #7878, 'distance_accuracy_value', 'NONE');
#2816 = UNCERTAINTY_MEASURE_WITH_UNIT (LENGTH_MEASURE( 1.000000000000000082E-05 ), #6032, 'distance_accuracy_value', 'NONE');
#2817 = EDGE_CURVE ( 'NONE', #8120, #3765, #6166, .T. ) ;
#2818 = MECHANICAL_DESIGN_GEOMETRIC_PRESENTATION_REPRESENTATION (  '', ( #1440 ), #5610 ) ;
#2819 = SURFACE_STYLE_FILL_AREA ( #10227 ) ;
#2820 = PRESENTATION_LAYER_ASSIGNMENT (  '', '', ( #7510 ) ) ;
#2821 = DIRECTION ( 'NONE',  ( 1.000000000000000000, 0.0000000000000000000, -0.0000000000000000000 ) ) ;
#2822 = TOROIDAL_SURFACE ( 'NONE', #7513, 0.7000000000000002887, 0.1499999999999999667 ) ;
#2823 = EDGE_CURVE ( 'NONE', #4033, #823, #4784, .T. ) ;
#2824 = CARTESIAN_POINT ( 'NONE',  ( -0.4023213106060914424, 0.1937841774075503010, -0.9900000000000002132 ) ) ;
#2825 =( NAMED_UNIT ( * ) SI_UNIT ( $, .STERADIAN. ) SOLID_ANGLE_UNIT ( ) );
#2826 = FILL_AREA_STYLE_COLOUR ( '', #6130 ) ;
#2827 = VERTEX_POINT ( 'NONE', #8553 ) ;
#2828 = STYLED_ITEM ( 'NONE', ( #5037 ), #6781 ) ;
#2829 = UNCERTAINTY_MEASURE_WITH_UNIT (LENGTH_MEASURE( 1.000000000000000082E-05 ), #10140, 'distance_accuracy_value', 'NONE');
#2830 = DIRECTION ( 'NONE',  ( 0.0000000000000000000, -0.0000000000000000000, -1.000000000000000000 ) ) ;
#2831 = ORIENTED_EDGE ( 'NONE', *, *, #4304, .F. ) ;
#2832 = ORIENTED_EDGE ( 'NONE', *, *, #1433, .F. ) ;
#2833 = DIRECTION ( 'NONE',  ( 0.0000000000000000000, -1.000000000000000000, 0.0000000000000000000 ) ) ;
#2834 = STYLED_ITEM ( 'NONE', ( #5704 ), #1699 ) ;
#2835 = TOROIDAL_SURFACE ( 'NONE', #9407, 0.7000000000000002887, 0.1499999999999999667 ) ;
#2836 = FACE_OUTER_BOUND ( 'NONE', #10044, .T. ) ;
#2837 = FACE_OUTER_BOUND ( 'NONE', #9756, .T. ) ;
#2838 = CARTESIAN_POINT ( 'NONE',  ( -3.499999999999999556, 2.999999999999999556, -3.500000000000000000 ) ) ;
#2839 = UNCERTAINTY_MEASURE_WITH_UNIT (LENGTH_MEASURE( 1.000000000000000082E-05 ), #6658, 'distance_accuracy_value', 'NONE');
#2840 = CARTESIAN_POINT ( 'NONE',  ( -0.3988361355332085134, 0.2070106007608306375, -0.9899999999999999911 ) ) ;
#2841 = STYLED_ITEM ( 'NONE', ( #4381 ), #7759 ) ;
#2842 = TOROIDAL_SURFACE ( 'NONE', #8905, 0.7000000000000002887, 0.1499999999999999667 ) ;
#2843 = MECHANICAL_DESIGN_GEOMETRIC_PRESENTATION_REPRESENTATION (  '', ( #1461 ), #5630 ) ;
#2844 = SURFACE_STYLE_FILL_AREA ( #10243 ) ;
#2845 = COLOUR_RGB ( '',0.9882352941176471006, 0.7372549019607843590, 0.5176470588235293491 ) ;
#2846 =( LENGTH_UNIT ( ) NAMED_UNIT ( * ) SI_UNIT ( .MILLI., .METRE. ) );
#2847 =( NAMED_UNIT ( * ) SI_UNIT ( $, .STERADIAN. ) SOLID_ANGLE_UNIT ( ) );
#2848 = FACE_OUTER_BOUND ( 'NONE', #7356, .T. ) ;
#2849 = SURFACE_SIDE_STYLE ('',( #10247 ) ) ;
#2850 = AXIS2_PLACEMENT_3D ( 'NONE', #6907, #10172, #2763 ) ;
#2851 = CARTESIAN_POINT ( 'NONE',  ( -0.2298116273558140354, 0.2021116079220241779, -0.9900000000000004352 ) ) ;
#2852 = PRESENTATION_LAYER_ASSIGNMENT (  '', '', ( #7538 ) ) ;
#2853 = ORIENTED_EDGE ( 'NONE', *, *, #9055, .T. ) ;
#2854 = CARTESIAN_POINT ( 'NONE',  ( 1.749999999999999778, -1.500000000000000000, -2.500000000000000000 ) ) ;
#2855 =( LENGTH_UNIT ( ) NAMED_UNIT ( * ) SI_UNIT ( .MILLI., .METRE. ) );
#2856 = CARTESIAN_POINT ( 'NONE',  ( 0.0000000000000000000, 0.0000000000000000000, -3.500000000000000000 ) ) ;
#2857 = CARTESIAN_POINT ( 'NONE',  ( 0.3185800230033769553, 0.2314008446632696836, -1.000000000000000000 ) ) ;
#2858 = VECTOR ( 'NONE', #4375, 1000.000000000000000 ) ;
#2859 = CARTESIAN_POINT ( 'NONE',  ( 0.06774289063716951165, 0.05581505038011890657, -1.000000000000000444 ) ) ;
#2860 = B_SPLINE_CURVE_WITH_KNOTS ( 'NONE', 3,
 ( #8336, #885, #4199, #7506, #62, #3389, #6698, #9977, #2571, #5889, #9175, #1755, #5063, #8379, #935, #4259, #7565, #130, #3446 ),
 .UNSPECIFIED., .F., .F.,
 ( 4, 1, 1, 1, 1, 1, 1, 1, 1, 1, 1, 1, 1, 1, 1, 1, 4 ),
 ( 0.0000000000000000000, 0.06783324845577359818, 0.1326555365079041537, 0.1950508840508278774, 0.2555829330687772183, 0.3147998341472898476, 0.3736004728263744301, 0.4325455953267434706, 0.4924306292835653465, 0.5526712559629695098, 0.6125130441881163623, 0.6726102503570063895, 0.7338383693139459707, 0.7965942385677740045, 0.8614497992905731927, 0.9291989423509053880, 1.000000000000000000 ),
 .UNSPECIFIED. ) ;
#2861 = VERTEX_POINT ( 'NONE', #1113 ) ;
#2862 = CARTESIAN_POINT ( 'NONE',  ( -0.2418374979550184656, 0.2212451368651409678, -0.9899999999999999911 ) ) ;
#2863 = COLOUR_RGB ( '',0.7921568627450980005, 0.8196078431372548767, 0.9333333333333333481 ) ;
#2864 = STYLED_ITEM ( 'NONE', ( #7934 ), #4352 ) ;
#2865 = SURFACE_STYLE_USAGE ( .BOTH. , #10259 ) ;
#2866 =( GEOMETRIC_REPRESENTATION_CONTEXT ( 3 ) GLOBAL_UNCERTAINTY_ASSIGNED_CONTEXT ( ( #4146 ) ) GLOBAL_UNIT_ASSIGNED_CONTEXT ( ( #5172, #4356, #3537 ) ) REPRESENTATION_CONTEXT ( 'NONE', 'WORKASPACE' ) );
#2867 = SURFACE_SIDE_STYLE ('',( #10261 ) ) ;
#2868 = SURFACE_STYLE_USAGE ( .BOTH. , #10262 ) ;
#2869 = CARTESIAN_POINT ( 'NONE',  ( -1.750000000000000666, -0.7500000000000004441, -3.000000000000000000 ) ) ;
#2870 = ORIENTED_EDGE ( 'NONE', *, *, #5341, .F. ) ;
#2871 = CARTESIAN_POINT ( 'NONE',  ( 3.549999999999999378, -0.7500000000000011102, -3.500000000000000000 ) ) ;
#2872 = CIRCLE ( 'NONE', #7550, 0.1499999999999999667 ) ;
#2873 = CARTESIAN_POINT ( 'NONE',  ( 0.1892947274890143805, 0.07875362061927657087, -0.9899999999999999911 ) ) ;
#2874 = PRESENTATION_STYLE_ASSIGNMENT (( #10271 ) ) ;
#2875 = COLOUR_RGB ( '',0.7529411764705882248, 0.7529411764705882248, 0.7529411764705882248 ) ;
#2876 = CARTESIAN_POINT ( 'NONE',  ( 0.1016211815399622465, 0.05091303978522087464, -0.9899999999999999911 ) ) ;
#2877 = CARTESIAN_POINT ( 'NONE',  ( 3.549999999999998934, -2.250000000000001332, -3.000000000000000000 ) ) ;
#2878 = ORIENTED_EDGE ( 'NONE', *, *, #3028, .T. ) ;
#2879 = DIRECTION ( 'NONE',  ( -0.0000000000000000000, 1.000000000000000000, 0.0000000000000000000 ) ) ;
#2880 = FILL_AREA_STYLE_COLOUR ( '', #7412 ) ;
#2881 = EDGE_CURVE ( 'NONE', #8019, #4956, #3383, .T. ) ;
#2882 = VECTOR ( 'NONE', #10072, 1000.000000000000114 ) ;
#2883 = SURFACE_STYLE_USAGE ( .BOTH. , #10287 ) ;
#2884 = MECHANICAL_DESIGN_GEOMETRIC_PRESENTATION_REPRESENTATION (  '', ( #1503 ), #5673 ) ;
#2885 = AXIS2_PLACEMENT_3D ( 'NONE', #5227, #8537, #1088 ) ;
#2886 = AXIS2_PLACEMENT_3D ( 'NONE', #8668, #1219, #4544 ) ;
#2887 = CARTESIAN_POINT ( 'NONE',  ( 0.1879979810009854146, 0.1801817485643921191, -0.9899999999999999911 ) ) ;
#2888 = DIRECTION ( 'NONE',  ( 1.000000000000000000, -1.204669080539449590E-16, 0.0000000000000000000 ) ) ;
#2889 = CARTESIAN_POINT ( 'NONE',  ( -0.09117607455759875468, 0.2094496251510745422, -1.000000000000000000 ) ) ;
#2890 = DIRECTION ( 'NONE',  ( -0.0000000000000000000, -0.0000000000000000000, 1.000000000000000000 ) ) ;
#2891 = FACE_OUTER_BOUND ( 'NONE', #2243, .T. ) ;
#2892 = ADVANCED_FACE ( 'NONE', ( #3629 ), #7203, .T. ) ;
#2893 = ORIENTED_EDGE ( 'NONE', *, *, #10694, .F. ) ;
#2894 = CARTESIAN_POINT ( 'NONE',  ( -0.09605412333808657777, 0.05335206417546477231, -0.9899999999999999911 ) ) ;
#2895 = COLOUR_RGB ( '',0.7529411764705882248, 0.7529411764705882248, 0.7529411764705882248 ) ;
#2896 = SURFACE_STYLE_FILL_AREA ( #10302 ) ;
#2897 = ORIENTED_EDGE ( 'NONE', *, *, #3757, .T. ) ;
#2898 = EDGE_LOOP ( 'NONE', ( #1626, #8907, #7148, #176 ) ) ;
#2899 = EDGE_CURVE ( 'NONE', #4033, #7945, #5817, .T. ) ;
#2900 = B_SPLINE_SURFACE_WITH_KNOTS ( 'NONE', 3, 1, ( 
 ( #3911, #2318 ),
 ( #5653, #8948 ),
 ( #1521, #4842 ),
 ( #8147, #693 ),
 ( #4015, #7319 ),
 ( #10590, #3190 ),
 ( #6515, #9800 ),
 ( #2384, #5709 ),
 ( #8994, #1562 ),
 ( #4888, #8193 ),
 ( #738, #4069 ),
 ( #7386, #10660 ),
 ( #3260, #6577 ),
 ( #9849, #2433 ),
 ( #5751, #9039 ),
 ( #1608, #4940 ),
 ( #8257, #807 ),
 ( #4130, #7437 ),
 ( #10705, #3310 ) ),
 .UNSPECIFIED., .F., .F., .F.,
 ( 4, 1, 1, 1, 1, 1, 1, 1, 1, 1, 1, 1, 1, 1, 1, 1, 4 ),
 ( 2, 2 ),
 ( 0.0000000000000000000, 0.07082657255516341954, 0.1381690332798000131, 0.2024753315338422566, 0.2639737544135198899, 0.3233803205980371187, 0.3817976227131855138, 0.4393900745193891066, 0.4969027245459974873, 0.5546621696093702036, 0.6127418784921975226, 0.6715388363911724001, 0.7316557220901982461, 0.7942978116139532974, 0.8594822049793585661, 0.9276813254527901398, 1.000000000000000000 ),
 ( 0.0000000000000000000, 1.000000000000000000 ),
 .UNSPECIFIED. ) ;
#2901 =( NAMED_UNIT ( * ) PLANE_ANGLE_UNIT ( ) SI_UNIT ( $, .RADIAN. ) );
#2902 =( NAMED_UNIT ( * ) PLANE_ANGLE_UNIT ( ) SI_UNIT ( $, .RADIAN. ) );
#2903 =( NAMED_UNIT ( * ) PLANE_ANGLE_UNIT ( ) SI_UNIT ( $, .RADIAN. ) );
#2904 = PRESENTATION_LAYER_ASSIGNMENT (  '', '', ( #7587 ) ) ;
#2905 = FACE_OUTER_BOUND ( 'NONE', #7467, .T. ) ;
#2906 = LINE ( 'NONE', #6237, #4281 ) ;
#2907 =( GEOMETRIC_REPRESENTATION_CONTEXT ( 3 ) GLOBAL_UNCERTAINTY_ASSIGNED_CONTEXT ( ( #7093 ) ) GLOBAL_UNIT_ASSIGNED_CONTEXT ( ( #8272, #7448, #6625 ) ) REPRESENTATION_CONTEXT ( 'NONE', 'WORKASPACE' ) );
#2908 = DIRECTION ( 'NONE',  ( 0.0000000000000000000, 0.0000000000000000000, 1.000000000000000000 ) ) ;
#2909 = LINE ( 'NONE', #6240, #3026 ) ;
#2910 =( NAMED_UNIT ( * ) PLANE_ANGLE_UNIT ( ) SI_UNIT ( $, .RADIAN. ) );
#2911 = CARTESIAN_POINT ( 'NONE',  ( -0.1914047330941841540, 0.2094496251510745422, -0.9999999999999993339 ) ) ;
#2912 = EDGE_CURVE ( 'NONE', #5062, #4189, #4427, .T. ) ;
#2913 = ORIENTED_EDGE ( 'NONE', *, *, #9542, .T. ) ;
#2914 = SURFACE_STYLE_FILL_AREA ( #10319 ) ;
#2915 = PLANE ( 'NONE',  #1843 ) ;
#2916 = DIRECTION ( 'NONE',  ( 1.000000000000000000, -2.409338161078899674E-16, -0.0000000000000000000 ) ) ;
#2917 = ORIENTED_EDGE ( 'NONE', *, *, #10501, .F. ) ;
#2918 = CARTESIAN_POINT ( 'NONE',  ( -0.2846123901817131929, 0.1826219205927762657, -0.9999999999999997780 ) ) ;
#2919 = UNCERTAINTY_MEASURE_WITH_UNIT (LENGTH_MEASURE( 1.000000000000000082E-05 ), #1202, 'distance_accuracy_value', 'NONE');
#2920 = CARTESIAN_POINT ( 'NONE',  ( -3.815815714343072873, -1.500000000000000222, -3.000000000000000000 ) ) ;
#2921 = SURFACE_STYLE_FILL_AREA ( #10331 ) ;
#2922 = ORIENTED_EDGE ( 'NONE', *, *, #3837, .T. ) ;
#2923 = CARTESIAN_POINT ( 'NONE',  ( 0.1990678278814256574, 0.1276279788096111312, -1.000000000000000000 ) ) ;
#2924 = CARTESIAN_POINT ( 'NONE',  ( 1.749999999999998890, -3.000000000000000444, -3.500000000000000000 ) ) ;
#2925 = CARTESIAN_POINT ( 'NONE',  ( 1.150000000000000133, -1.500000000000000444, -2.000000000000000000 ) ) ;
#2926 = SURFACE_STYLE_FILL_AREA ( #10336 ) ;
#2927 = LINE ( 'NONE', #6260, #8806 ) ;
#2928 = PRESENTATION_STYLE_ASSIGNMENT (( #10339 ) ) ;
#2929 = EDGE_LOOP ( 'NONE', ( #1145, #1164, #7994, #1496 ) ) ;
#2930 = DIRECTION ( 'NONE',  ( -1.445602896647339410E-16, -1.000000000000000000, -0.0000000000000000000 ) ) ;
#2931 =( GEOMETRIC_REPRESENTATION_CONTEXT ( 3 ) GLOBAL_UNCERTAINTY_ASSIGNED_CONTEXT ( ( #8569 ) ) GLOBAL_UNIT_ASSIGNED_CONTEXT ( ( #1293, #482, #10375 ) ) REPRESENTATION_CONTEXT ( 'NONE', 'WORKASPACE' ) );
#2932 = ORIENTED_EDGE ( 'NONE', *, *, #196, .F. ) ;
#2933 = UNCERTAINTY_MEASURE_WITH_UNIT (LENGTH_MEASURE( 1.000000000000000082E-05 ), #6216, 'distance_accuracy_value', 'NONE');
#2934 = FACE_OUTER_BOUND ( 'NONE', #3871, .T. ) ;
#2935 = EDGE_CURVE ( 'NONE', #2524, #35, #2909, .T. ) ;
#2936 = ADVANCED_FACE ( 'NONE', ( #7944 ), #2159, .T. ) ;
#2937 = CARTESIAN_POINT ( 'NONE',  ( -3.399999999999999911, -2.900000000000000799, 0.0000000000000000000 ) ) ;
#2938 = CARTESIAN_POINT ( 'NONE',  ( -0.3106882696795499887, 0.03140084466326965168, -1.000000000000000000 ) ) ;
#2939 =( NAMED_UNIT ( * ) PLANE_ANGLE_UNIT ( ) SI_UNIT ( $, .RADIAN. ) );
#2940 = FILL_AREA_STYLE_COLOUR ( '', #2296 ) ;
#2941 = ORIENTED_EDGE ( 'NONE', *, *, #9578, .F. ) ;
#2942 = UNCERTAINTY_MEASURE_WITH_UNIT (LENGTH_MEASURE( 1.000000000000000082E-05 ), #270, 'distance_accuracy_value', 'NONE');
#2943 = ORIENTED_EDGE ( 'NONE', *, *, #2793, .F. ) ;
#2944 = ORIENTED_EDGE ( 'NONE', *, *, #3560, .F. ) ;
#2945 = CARTESIAN_POINT ( 'NONE',  ( 0.1722385595887427345, 0.1292666983218062615, -1.000000000000000000 ) ) ;
#2946 = EDGE_CURVE ( 'NONE', #9262, #6213, #770, .T. ) ;
#2947 =( GEOMETRIC_REPRESENTATION_CONTEXT ( 3 ) GLOBAL_UNCERTAINTY_ASSIGNED_CONTEXT ( ( #7736 ) ) GLOBAL_UNIT_ASSIGNED_CONTEXT ( ( #6685, #5879, #5053 ) ) REPRESENTATION_CONTEXT ( 'NONE', 'WORKASPACE' ) );
#2948 = SURFACE_STYLE_FILL_AREA ( #10358 ) ;
#2949 =( NAMED_UNIT ( * ) PLANE_ANGLE_UNIT ( ) SI_UNIT ( $, .RADIAN. ) );
#2950 = SURFACE_STYLE_FILL_AREA ( #10359 ) ;
#2951 = SURFACE_STYLE_FILL_AREA ( #10361 ) ;
#2952 = FACE_OUTER_BOUND ( 'NONE', #3755, .T. ) ;
#2953 = PRESENTATION_LAYER_ASSIGNMENT (  '', '', ( #7639 ) ) ;
#2954 = DIRECTION ( 'NONE',  ( 0.0000000000000000000, -1.000000000000000000, 0.0000000000000000000 ) ) ;
#2955 = ORIENTED_EDGE ( 'NONE', *, *, #3416, .T. ) ;
#2956 = SURFACE_STYLE_FILL_AREA ( #10368 ) ;
#2957 = EDGE_CURVE ( 'NONE', #8210, #745, #8038, .T. ) ;
#2958 = DIRECTION ( 'NONE',  ( -1.000000000000000000, 1.239088197126291063E-16, 0.0000000000000000000 ) ) ;
#2959 = STYLED_ITEM ( 'NONE', ( #4648 ), #1687 ) ;
#2960 = EDGE_LOOP ( 'NONE', ( #1957, #9370, #1369, #2289 ) ) ;
#2961 = LINE ( 'NONE', #6291, #6271 ) ;
#2962 = B_SPLINE_CURVE_WITH_KNOTS ( 'NONE', 3,
 ( #208, #1144, #4471, #7775, #326, #3650, #6950, #10220, #2809, #6138, #9428, #2001, #5328, #8646, #1195, #4522, #7821, #374, #3695 ),
 .UNSPECIFIED., .F., .F.,
 ( 4, 1, 1, 1, 1, 1, 1, 1, 1, 1, 1, 1, 1, 1, 1, 1, 4 ),
 ( 0.0000000000000000000, 0.07064371857535416133, 0.1382567155089046984, 0.2033641242175800723, 0.2663240938030566607, 0.3279047615429893647, 0.3887377151730923019, 0.4494235281093023615, 0.5108610114593157281, 0.5720793960475146767, 0.6317344287314453632, 0.6911172105788379039, 0.7503600294901706658, 0.8100329005312620900, 0.8713624508287362014, 0.9344271412311534464, 1.000000000000000000 ),
 .UNSPECIFIED. ) ;
#2963 = EDGE_CURVE ( 'NONE', #353, #129, #3990, .T. ) ;
#2964 = CARTESIAN_POINT ( 'NONE',  ( -0.1894611355332085079, 0.03140084466326965168, -0.9899999999999999911 ) ) ;
#2965 = VERTEX_POINT ( 'NONE', #5657 ) ;
#2966 = CARTESIAN_POINT ( 'NONE',  ( -3.815815714343072873, -1.500000000000000222, -3.500000000000000000 ) ) ;
#2967 =( LENGTH_UNIT ( ) NAMED_UNIT ( * ) SI_UNIT ( .MILLI., .METRE. ) );
#2968 = LINE ( 'NONE', #6299, #1793 ) ;
#2969 =( LENGTH_UNIT ( ) NAMED_UNIT ( * ) SI_UNIT ( .MILLI., .METRE. ) );
#2970 = CARTESIAN_POINT ( 'NONE',  ( -0.08629802577711097322, 0.1216447471022940596, -0.9899999999999999911 ) ) ;
#2971 = EDGE_LOOP ( 'NONE', ( #262, #2897, #2057, #6426 ) ) ;
#2972 = EDGE_CURVE ( 'NONE', #3522, #2640, #8954, .T. ) ;
#2973 = FILL_AREA_STYLE ('',( #10381 ) ) ;
#2974 = CARTESIAN_POINT ( 'NONE',  ( 0.09502751673227119444, 0.2338232001663918536, -0.9899999999999997691 ) ) ;
#2975 = CARTESIAN_POINT ( 'NONE',  ( -0.04999999999999978767, -0.8000000000000001554, -2.000000000000000000 ) ) ;
#2976 = SURFACE_SIDE_STYLE ('',( #10384 ) ) ;
#2977 = ORIENTED_EDGE ( 'NONE', *, *, #902, .F. ) ;
#2978 =( NAMED_UNIT ( * ) PLANE_ANGLE_UNIT ( ) SI_UNIT ( $, .RADIAN. ) );
#2979 = SURFACE_SIDE_STYLE ('',( #10388 ) ) ;
#2980 = DIRECTION ( 'NONE',  ( 1.000000000000000000, 0.0000000000000000000, 0.0000000000000000000 ) ) ;
#2981 = VERTEX_POINT ( 'NONE', #8152 ) ;
#2982 = LINE ( 'NONE', #6319, #7012 ) ;
#2983 = LINE ( 'NONE', #6320, #10141 ) ;
#2984 = CARTESIAN_POINT ( 'NONE',  ( -0.04999999999999969746, 1.500000000000000444, -2.000000000000000000 ) ) ;
#2985 = ORIENTED_EDGE ( 'NONE', *, *, #9833, .F. ) ;
#2986 = SURFACE_STYLE_FILL_AREA ( #10397 ) ;
#2987 = EDGE_LOOP ( 'NONE', ( #3555, #7543, #8489, #3769 ) ) ;
#2988 = ORIENTED_EDGE ( 'NONE', *, *, #7458, .F. ) ;
#2989 = PRESENTATION_LAYER_ASSIGNMENT (  '', '', ( #7672 ) ) ;
#2990 = CARTESIAN_POINT ( 'NONE',  ( 0.1302108107965832817, 0.05607361744322267305, -1.000000000000000444 ) ) ;
#2991 = PRESENTATION_LAYER_ASSIGNMENT (  '', '', ( #9054 ) ) ;
#2992 = STYLED_ITEM ( 'NONE', ( #5189 ), #817 ) ;
#2993 = VECTOR ( 'NONE', #874, 1000.000000000000000 ) ;
#2994 = MECHANICAL_DESIGN_GEOMETRIC_PRESENTATION_REPRESENTATION (  '', ( #1613 ), #5787 ) ;
#2995 = AXIS2_PLACEMENT_3D ( 'NONE', #8880, #1448, #4781 ) ;
#2996 = FILL_AREA_STYLE_COLOUR ( '', #4480 ) ;
#2997 = EDGE_CURVE ( 'NONE', #2981, #8057, #696, .T. ) ;
#2998 =( NAMED_UNIT ( * ) PLANE_ANGLE_UNIT ( ) SI_UNIT ( $, .RADIAN. ) );
#2999 = AXIS2_PLACEMENT_3D ( 'NONE', #5860, #9148, #1722 ) ;
#3000 = CARTESIAN_POINT ( 'NONE',  ( 1.749999999999999112, -2.250000000000000888, -3.000000000000000000 ) ) ;
#3001 = ORIENTED_EDGE ( 'NONE', *, *, #5904, .F. ) ;
#3002 = COLOUR_RGB ( '',0.7529411764705882248, 0.7529411764705882248, 0.7529411764705882248 ) ;
#3003 = DIRECTION ( 'NONE',  ( 0.0000000000000000000, 1.000000000000000000, 0.0000000000000000000 ) ) ;
#3004 = ORIENTED_EDGE ( 'NONE', *, *, #1763, .T. ) ;
#3005 = FACE_OUTER_BOUND ( 'NONE', #5806, .T. ) ;
#3006 = COLOUR_RGB ( '',0.9882352941176471006, 0.7372549019607843590, 0.5176470588235293491 ) ;
#3007 = CIRCLE ( 'NONE', #9070, 0.1499999999999999667 ) ;
#3008 = VECTOR ( 'NONE', #8042, 1000.000000000000000 ) ;
#3009 = AXIS2_PLACEMENT_3D ( 'NONE', #2086, #5411, #8718 ) ;
#3010 = FACE_OUTER_BOUND ( 'NONE', #6019, .T. ) ;
#3011 = DIRECTION ( 'NONE',  ( -1.000000000000000000, 0.0000000000000000000, -0.0000000000000000000 ) ) ;
#3012 = AXIS2_PLACEMENT_3D ( 'NONE', #8143, #687, #4010 ) ;
#3013 =( GEOMETRIC_REPRESENTATION_CONTEXT ( 3 ) GLOBAL_UNCERTAINTY_ASSIGNED_CONTEXT ( ( #1103 ) ) GLOBAL_UNIT_ASSIGNED_CONTEXT ( ( #1060, #244, #10150 ) ) REPRESENTATION_CONTEXT ( 'NONE', 'WORKASPACE' ) );
#3014 = DIRECTION ( 'NONE',  ( 0.0000000000000000000, -0.0000000000000000000, -1.000000000000000000 ) ) ;
#3015 = DIRECTION ( 'NONE',  ( 0.0000000000000000000, -1.000000000000000000, 0.0000000000000000000 ) ) ;
#3016 = PRESENTATION_LAYER_ASSIGNMENT (  '', '', ( #7701 ) ) ;
#3017 = CARTESIAN_POINT ( 'NONE',  ( 1.749999999999999778, -1.500000000000000000, -2.000000000000000000 ) ) ;
#3018 = DIRECTION ( 'NONE',  ( 0.0000000000000000000, -0.0000000000000000000, 1.000000000000000000 ) ) ;
#3019 = EDGE_CURVE ( 'NONE', #5865, #8851, #10595, .T. ) ;
#3020 = CIRCLE ( 'NONE', #9082, 0.5500000000000003775 ) ;
#3021 = CIRCLE ( 'NONE', #9083, 0.5500000000000003775 ) ;
#3022 = CARTESIAN_POINT ( 'NONE',  ( -0.9499999999999995115, 2.350000000000000533, -2.000000000000000000 ) ) ;
#3023 = FILL_AREA_STYLE_COLOUR ( '', #8213 ) ;
#3024 = DIRECTION ( 'NONE',  ( -1.239088197126291063E-16, -1.000000000000000000, 0.0000000000000000000 ) ) ;
#3025 = CARTESIAN_POINT ( 'NONE',  ( -0.04999999999999960726, 2.200000000000000622, -2.000000000000000000 ) ) ;
#3026 = VECTOR ( 'NONE', #9518, 1000.000000000000000 ) ;
#3027 = FACE_BOUND ( 'NONE', #7984, .T. ) ;
#3028 = EDGE_CURVE ( 'NONE', #671, #2002, #3468, .T. ) ;
#3029 = PRESENTATION_STYLE_ASSIGNMENT (( #10432 ) ) ;
#3030 = VECTOR ( 'NONE', #5005, 1000.000000000000000 ) ;
#3031 = CIRCLE ( 'NONE', #9089, 0.8500000000000000888 ) ;
#3032 = AXIS2_PLACEMENT_3D ( 'NONE', #7338, #8283, #830 ) ;
#3033 = CARTESIAN_POINT ( 'NONE',  ( 3.500000000000000444, -3.000000000000000444, -0.5000000000000000000 ) ) ;
#3034 = LINE ( 'NONE', #6373, #10198 ) ;
#3035 =( NAMED_UNIT ( * ) SI_UNIT ( $, .STERADIAN. ) SOLID_ANGLE_UNIT ( ) );
#3036 = CARTESIAN_POINT ( 'NONE',  ( 0.06025980618681303635, 0.2294404446260246144, -1.000000000000000000 ) ) ;
#3037 =( GEOMETRIC_REPRESENTATION_CONTEXT ( 3 ) GLOBAL_UNCERTAINTY_ASSIGNED_CONTEXT ( ( #10179 ) ) GLOBAL_UNIT_ASSIGNED_CONTEXT ( ( #8879, #8083, #7268 ) ) REPRESENTATION_CONTEXT ( 'NONE', 'WORKASPACE' ) );
#3038 = SURFACE_STYLE_USAGE ( .BOTH. , #10441 ) ;
#3039 = VERTEX_POINT ( 'NONE', #3266 ) ;
#3040 = CIRCLE ( 'NONE', #9098, 0.1499999999999999667 ) ;
#3041 = AXIS2_PLACEMENT_3D ( 'NONE', #6902, #10169, #2761 ) ;
#3042 = COLOUR_RGB ( '',0.2509803921568627416, 0.2509803921568627416, 0.2509803921568627416 ) ;
#3043 = UNCERTAINTY_MEASURE_WITH_UNIT (LENGTH_MEASURE( 1.000000000000000082E-05 ), #5374, 'distance_accuracy_value', 'NONE');
#3044 = EDGE_CURVE ( 'NONE', #4747, #7650, #6582, .T. ) ;
#3045 = FILL_AREA_STYLE ('',( #10447 ) ) ;
#3046 = MECHANICAL_DESIGN_GEOMETRIC_PRESENTATION_REPRESENTATION (  '', ( #4449 ), #269 ) ;
#3047 = CARTESIAN_POINT ( 'NONE',  ( -3.399999999999999911, 2.899999999999999911, 0.0000000000000000000 ) ) ;
#3048 = MECHANICAL_DESIGN_GEOMETRIC_PRESENTATION_REPRESENTATION (  '', ( #1664 ), #5835 ) ;
#3049 = PRESENTATION_LAYER_ASSIGNMENT (  '', '', ( #7733 ) ) ;
#3050 = VERTEX_POINT ( 'NONE', #5756 ) ;
#3051 = FILL_AREA_STYLE ('',( #10453 ) ) ;
#3052 = DIRECTION ( 'NONE',  ( -1.517445394471977106E-32, 1.224646799147353207E-16, -1.000000000000000000 ) ) ;
#3053 =( LENGTH_UNIT ( ) NAMED_UNIT ( * ) SI_UNIT ( .MILLI., .METRE. ) );
#3054 = CARTESIAN_POINT ( 'NONE',  ( 0.08061975960342668279, 0.05261450686573036772, -1.000000000000000222 ) ) ;
#3055 = VERTEX_POINT ( 'NONE', #9043 ) ;
#3056 = UNCERTAINTY_MEASURE_WITH_UNIT (LENGTH_MEASURE( 1.000000000000000082E-05 ), #6281, 'distance_accuracy_value', 'NONE');
#3057 = ORIENTED_EDGE ( 'NONE', *, *, #8739, .T. ) ;
#3058 = ORIENTED_EDGE ( 'NONE', *, *, #9243, .F. ) ;
#3059 = AXIS2_PLACEMENT_3D ( 'NONE', #5708, #6615, #9888 ) ;
#3060 = VECTOR ( 'NONE', #1587, 1000.000000000000000 ) ;
#3061 = AXIS2_PLACEMENT_3D ( 'NONE', #8348, #898, #4209 ) ;
#3062 = SURFACE_SIDE_STYLE ('',( #10464 ) ) ;
#3063 = DIRECTION ( 'NONE',  ( -1.239088197126291063E-16, -1.000000000000000000, 0.0000000000000000000 ) ) ;
#3064 = UNCERTAINTY_MEASURE_WITH_UNIT (LENGTH_MEASURE( 1.000000000000000082E-05 ), #6920, 'distance_accuracy_value', 'NONE');
#3065 = COLOUR_RGB ( '',0.2509803921568627416, 0.2509803921568627416, 0.2509803921568627416 ) ;
#3066 = DIRECTION ( 'NONE',  ( -1.971276677246370286E-16, -1.000000000000000000, 0.0000000000000000000 ) ) ;
#3067 = FILL_AREA_STYLE ('',( #10472 ) ) ;
#3068 = MECHANICAL_DESIGN_GEOMETRIC_PRESENTATION_REPRESENTATION (  '', ( #1685 ), #5852 ) ;
#3069 = AXIS2_PLACEMENT_3D ( 'NONE', #8115, #658, #3984 ) ;
#3070 = AXIS2_PLACEMENT_3D ( 'NONE', #5773, #9065, #1645 ) ;
#3071 = VECTOR ( 'NONE', #3129, 1000.000000000000000 ) ;
#3072 = PLANE ( 'NONE',  #8043 ) ;
#3073 = ORIENTED_EDGE ( 'NONE', *, *, #5514, .F. ) ;
#3074 = SURFACE_STYLE_USAGE ( .BOTH. , #10477 ) ;
#3075 = ORIENTED_EDGE ( 'NONE', *, *, #9451, .T. ) ;
#3076 =( NAMED_UNIT ( * ) PLANE_ANGLE_UNIT ( ) SI_UNIT ( $, .RADIAN. ) );
#3077 = STYLED_ITEM ( 'NONE', ( #6377 ), #9028 ) ;
#3078 = COLOUR_RGB ( '',0.7529411764705882248, 0.7529411764705882248, 0.7529411764705882248 ) ;
#3079 = FILL_AREA_STYLE ('',( #10481 ) ) ;
#3080 =( NAMED_UNIT ( * ) PLANE_ANGLE_UNIT ( ) SI_UNIT ( $, .RADIAN. ) );
#3081 = CARTESIAN_POINT ( 'NONE',  ( -0.09605412333808657777, 0.03140084466326965168, -0.9899999999999999911 ) ) ;
#3082 = EDGE_CURVE ( 'NONE', #3518, #10395, #1298, .T. ) ;
#3083 = B_SPLINE_SURFACE_WITH_KNOTS ( 'NONE', 3, 1, ( 
 ( #7585, #6017 ),
 ( #9303, #1877 ),
 ( #5193, #8509 ),
 ( #1058, #4376 ),
 ( #7676, #240 ),
 ( #3568, #6877 ),
 ( #10148, #2743 ),
 ( #6067, #9349 ),
 ( #1922, #5243 ),
 ( #8555, #1114 ),
 ( #4443, #7745 ),
 ( #304, #3632 ),
 ( #6929, #10197 ),
 ( #2788, #6116 ),
 ( #9398, #1973 ),
 ( #5303, #8622 ),
 ( #1173, #4502 ),
 ( #7799, #349 ),
 ( #3672, #6979 ) ),
 .UNSPECIFIED., .F., .F., .F.,
 ( 4, 1, 1, 1, 1, 1, 1, 1, 1, 1, 1, 1, 1, 1, 1, 1, 4 ),
 ( 2, 2 ),
 ( 0.0000000000000000000, 0.06460397028839230671, 0.1267024139629473467, 0.1867568140356183348, 0.2455056873654374860, 0.3036520244499754662, 0.3615030739706254770, 0.4202402229284675772, 0.4800333407766962934, 0.5406781347755160727, 0.6011918063807818458, 0.6623335024774423818, 0.7247395102972318259, 0.7894677361728866805, 0.8565048600438307513, 0.9263120958391901638, 1.000000000000000000 ),
 ( 0.0000000000000000000, 1.000000000000000000 ),
 .UNSPECIFIED. ) ;
#3084 = DIRECTION ( 'NONE',  ( 0.0000000000000000000, 0.0000000000000000000, 1.000000000000000000 ) ) ;
#3085 = LINE ( 'NONE', #6412, #3212 ) ;
#3086 = SURFACE_SIDE_STYLE ('',( #10490 ) ) ;
#3087 = PRESENTATION_LAYER_ASSIGNMENT (  '', '', ( #7770 ) ) ;
#3088 = COLOUR_RGB ( '',0.2509803921568627416, 0.2509803921568627416, 0.2509803921568627416 ) ;
#3089 =( NAMED_UNIT ( * ) PLANE_ANGLE_UNIT ( ) SI_UNIT ( $, .RADIAN. ) );
#3090 = EDGE_LOOP ( 'NONE', ( #7646, #3662, #6951, #10443 ) ) ;
#3091 = CARTESIAN_POINT ( 'NONE',  ( 0.2161409986131329897, 0.05335206417546477231, -0.9899999999999999911 ) ) ;
#3092 = EDGE_CURVE ( 'NONE', #10678, #6249, #814, .T. ) ;
#3093 = FILL_AREA_STYLE ('',( #10499 ) ) ;
#3094 = SURFACE_STYLE_FILL_AREA ( #10500 ) ;
#3095 = CARTESIAN_POINT ( 'NONE',  ( -0.4326775989478427453, 0.1094496251510745366, -0.9899999999999999911 ) ) ;
#3096 = DIRECTION ( 'NONE',  ( 0.0000000000000000000, -1.000000000000000000, 0.0000000000000000000 ) ) ;
#3097 = CARTESIAN_POINT ( 'NONE',  ( -0.2958150187781501406, 0.1227339288060766559, -0.9900000000000002132 ) ) ;
#3098 = VERTEX_POINT ( 'NONE', #10710 ) ;
#3099 =( NAMED_UNIT ( * ) SI_UNIT ( $, .STERADIAN. ) SOLID_ANGLE_UNIT ( ) );
#3100 = CARTESIAN_POINT ( 'NONE',  ( 1.750000000000000222, 2.999999999999998668, -0.5000000000000000000 ) ) ;
#3101 = MECHANICAL_DESIGN_GEOMETRIC_PRESENTATION_REPRESENTATION (  '', ( #3630 ), #7773 ) ;
#3102 = FILL_AREA_STYLE_COLOUR ( '', #3078 ) ;
#3103 = ORIENTED_EDGE ( 'NONE', *, *, #4072, .F. ) ;
#3104 =( NAMED_UNIT ( * ) SI_UNIT ( $, .STERADIAN. ) SOLID_ANGLE_UNIT ( ) );
#3105 = SURFACE_SIDE_STYLE ('',( #10513 ) ) ;
#3106 = CARTESIAN_POINT ( 'NONE',  ( -0.1902995501673548084, 0.05335206417546477231, -0.9899999999999999911 ) ) ;
#3107 = EDGE_CURVE ( 'NONE', #7324, #7431, #4610, .T. ) ;
#3108 = FACE_OUTER_BOUND ( 'NONE', #7462, .T. ) ;
#3109 = ORIENTED_EDGE ( 'NONE', *, *, #7968, .T. ) ;
#3110 = PRESENTATION_STYLE_ASSIGNMENT (( #10518 ) ) ;
#3111 = ORIENTED_EDGE ( 'NONE', *, *, #5036, .F. ) ;
#3112 = PRESENTATION_STYLE_ASSIGNMENT (( #10520 ) ) ;
#3113 = DIRECTION ( 'NONE',  ( -1.000000000000000000, 1.204669080539449590E-16, 0.0000000000000000000 ) ) ;
#3114 =( NAMED_UNIT ( * ) SI_UNIT ( $, .STERADIAN. ) SOLID_ANGLE_UNIT ( ) );
#3115 = ADVANCED_FACE ( 'NONE', ( #2486 ), #5814, .T. ) ;
#3116 = SURFACE_SIDE_STYLE ('',( #10526 ) ) ;
#3117 = FILL_AREA_STYLE_COLOUR ( '', #6150 ) ;
#3118 = ORIENTED_EDGE ( 'NONE', *, *, #6668, .F. ) ;
#3119 = EDGE_LOOP ( 'NONE', ( #4349, #10136, #6264, #6406 ) ) ;
#3120 = CARTESIAN_POINT ( 'NONE',  ( -0.04999999999999967665, 0.9500000000000000666, -2.000000000000000000 ) ) ;
#3121 = PLANE ( 'NONE',  #7230 ) ;
#3122 =( NAMED_UNIT ( * ) SI_UNIT ( $, .STERADIAN. ) SOLID_ANGLE_UNIT ( ) );
#3123 = LINE ( 'NONE', #6449, #6873 ) ;
#3124 = CARTESIAN_POINT ( 'NONE',  ( -1.549999999999999600, -1.500000000000000444, -2.000000000000000000 ) ) ;
#3125 = PRESENTATION_LAYER_ASSIGNMENT (  '', '', ( #7819 ) ) ;
#3126 = PRESENTATION_STYLE_ASSIGNMENT (( #10536 ) ) ;
#3127 = DIRECTION ( 'NONE',  ( 0.0000000000000000000, 0.0000000000000000000, 1.000000000000000000 ) ) ;
#3128 = DIRECTION ( 'NONE',  ( -1.000000000000000000, 0.0000000000000000000, 0.0000000000000000000 ) ) ;
#3129 = DIRECTION ( 'NONE',  ( 0.0000000000000000000, 0.0000000000000000000, -1.000000000000000000 ) ) ;
#3130 = CARTESIAN_POINT ( 'NONE',  ( 3.549999999999999378, -0.7500000000000011102, -3.000000000000000000 ) ) ;
#3131 = CARTESIAN_POINT ( 'NONE',  ( 0.1155791591247297828, 0.02919067752311752667, -0.9899999999999997691 ) ) ;
#3132 = EDGE_LOOP ( 'NONE', ( #9014, #9831, #2312, #3469 ) ) ;
#3133 = FILL_AREA_STYLE ('',( #10543 ) ) ;
#3134 = DIRECTION ( 'NONE',  ( 0.0000000000000000000, 0.0000000000000000000, 1.000000000000000000 ) ) ;
#3135 = SURFACE_STYLE_USAGE ( .BOTH. , #10546 ) ;
#3136 =( NAMED_UNIT ( * ) SI_UNIT ( $, .STERADIAN. ) SOLID_ANGLE_UNIT ( ) );
#3137 = CARTESIAN_POINT ( 'NONE',  ( -0.2920577238350460791, 0.1016880832018772635, -1.000000000000000222 ) ) ;
#3138 = FILL_AREA_STYLE_COLOUR ( '', #10473 ) ;
#3139 = CARTESIAN_POINT ( 'NONE',  ( 0.1528384522181697736, 0.07199908547219185939, -0.9899999999999999911 ) ) ;
#3140 = CARTESIAN_POINT ( 'NONE',  ( -0.2117637137313404805, 0.03300153504580745356, -0.9900000000000002132 ) ) ;
#3141 = ORIENTED_EDGE ( 'NONE', *, *, #7946, .T. ) ;
#3142 = DIRECTION ( 'NONE',  ( 1.000000000000000000, 0.0000000000000000000, -0.0000000000000000000 ) ) ;
#3143 = EDGE_CURVE ( 'NONE', #5686, #904, #3427, .T. ) ;
#3144 = VERTEX_POINT ( 'NONE', #2597 ) ;
#3145 = DIRECTION ( 'NONE',  ( 0.0000000000000000000, 0.0000000000000000000, 1.000000000000000000 ) ) ;
#3146 = LINE ( 'NONE', #6474, #9126 ) ;
#3147 =( NAMED_UNIT ( * ) PLANE_ANGLE_UNIT ( ) SI_UNIT ( $, .RADIAN. ) );
#3148 = ORIENTED_EDGE ( 'NONE', *, *, #8747, .F. ) ;
#3149 =( BOUNDED_CURVE ( )  B_SPLINE_CURVE ( 3, ( #3047, #6384, #9657, #2235 ),
 .UNSPECIFIED., .F., .F. ) 
 B_SPLINE_CURVE_WITH_KNOTS ( ( 4, 4 ),
 ( 1.570796326794896558, 3.141592653589793116 ),
 .UNSPECIFIED. ) 
 CURVE ( )  GEOMETRIC_REPRESENTATION_ITEM ( )  RATIONAL_B_SPLINE_CURVE ( ( 1.000000000000000000, 0.8047378541243649375, 0.8047378541243649375, 1.000000000000000000 ) ) 
 REPRESENTATION_ITEM ( '' )  );
#3150 = ADVANCED_FACE ( 'NONE', ( #5914 ), #6153, .T. ) ;
#3151 = CLOSED_SHELL ( 'NONE', ( #7927, #1310, #3282, #3150 ) ) ;
#3152 = UNCERTAINTY_MEASURE_WITH_UNIT (LENGTH_MEASURE( 1.000000000000000082E-05 ), #8028, 'distance_accuracy_value', 'NONE');
#3153 = CARTESIAN_POINT ( 'NONE',  ( -0.1350785135819890237, 0.2314008446632696836, -0.9899999999999999911 ) ) ;
#3154 = EDGE_LOOP ( 'NONE', ( #9340, #10115, #5435, #5580 ) ) ;
#3155 = CARTESIAN_POINT ( 'NONE',  ( -3.682907857171537014, -1.500000000000000222, -3.500000000000000000 ) ) ;
#3156 = EDGE_CURVE ( 'NONE', #6590, #703, #9198, .T. ) ;
#3157 =( NAMED_UNIT ( * ) PLANE_ANGLE_UNIT ( ) SI_UNIT ( $, .RADIAN. ) );
#3158 = UNCERTAINTY_MEASURE_WITH_UNIT (LENGTH_MEASURE( 1.000000000000000082E-05 ), #10415, 'distance_accuracy_value', 'NONE');
#3159 = LINE ( 'NONE', #6482, #5508 ) ;
#3160 = ORIENTED_EDGE ( 'NONE', *, *, #9109, .F. ) ;
#3161 = DIRECTION ( 'NONE',  ( -0.0000000000000000000, -0.0000000000000000000, -1.000000000000000000 ) ) ;
#3162 = LINE ( 'NONE', #6485, #3590 ) ;
#3163 = CARTESIAN_POINT ( 'NONE',  ( 0.05028734007654758753, 0.06371791783400136688, -0.9899999999999999911 ) ) ;
#3164 = ORIENTED_EDGE ( 'NONE', *, *, #2440, .F. ) ;
#3165 = SURFACE_STYLE_USAGE ( .BOTH. , #10572 ) ;
#3166 = EDGE_CURVE ( 'NONE', #9108, #759, #6036, .T. ) ;
#3167 = STYLED_ITEM ( 'NONE', ( #4805 ), #9502 ) ;
#3168 = CARTESIAN_POINT ( 'NONE',  ( 0.5500000000000004885, -2.050000000000000711, -2.000000000000000000 ) ) ;
#3169 =( GEOMETRIC_REPRESENTATION_CONTEXT ( 3 ) GLOBAL_UNCERTAINTY_ASSIGNED_CONTEXT ( ( #660 ) ) GLOBAL_UNIT_ASSIGNED_CONTEXT ( ( #10214, #9420, #8642 ) ) REPRESENTATION_CONTEXT ( 'NONE', 'WORKASPACE' ) );
#3170 = PRESENTATION_STYLE_ASSIGNMENT (( #10576 ) ) ;
#3171 = FILL_AREA_STYLE_COLOUR ( '', #5572 ) ;
#3172 = STYLED_ITEM ( 'NONE', ( #7731 ), #676 ) ;
#3173 = COLOUR_RGB ( '',0.7529411764705882248, 0.7529411764705882248, 0.7529411764705882248 ) ;
#3174 = CARTESIAN_POINT ( 'NONE',  ( -3.550000000000000711, -2.250000000000000444, -3.000000000000000000 ) ) ;
#3175 = DIRECTION ( 'NONE',  ( -1.000000000000000000, 0.0000000000000000000, 0.0000000000000000000 ) ) ;
#3176 = FACE_BOUND ( 'NONE', #7536, .T. ) ;
#3177 = CARTESIAN_POINT ( 'NONE',  ( 0.06168146004027592888, 0.05804986260159333139, -0.9899999999999997691 ) ) ;
#3178 =( GEOMETRIC_REPRESENTATION_CONTEXT ( 3 ) GLOBAL_UNCERTAINTY_ASSIGNED_CONTEXT ( ( #2933 ) ) GLOBAL_UNIT_ASSIGNED_CONTEXT ( ( #6216, #5390, #1442 ) ) REPRESENTATION_CONTEXT ( 'NONE', 'WORKASPACE' ) );
#3179 = CARTESIAN_POINT ( 'NONE',  ( 0.1976151658377524045, 0.1065642319617417372, -0.9899999999999997691 ) ) ;
#3180 = CIRCLE ( 'NONE', #9233, 0.8500000000000003109 ) ;
#3181 = PRESENTATION_LAYER_ASSIGNMENT (  '', '', ( #7874 ) ) ;
#3182 = TOROIDAL_SURFACE ( 'NONE', #9235, 0.7000000000000002887, 0.1499999999999999667 ) ;
#3183 = ORIENTED_EDGE ( 'NONE', *, *, #5688, .T. ) ;
#3184 = FILL_AREA_STYLE ('',( #10586 ) ) ;
#3185 =( NAMED_UNIT ( * ) SI_UNIT ( $, .STERADIAN. ) SOLID_ANGLE_UNIT ( ) );
#3186 = CLOSED_SHELL ( 'NONE', ( #7157, #3909, #7798, #979 ) ) ;
#3187 = STYLED_ITEM ( 'NONE', ( #961 ), #494 ) ;
#3188 =( GEOMETRIC_REPRESENTATION_CONTEXT ( 3 ) GLOBAL_UNCERTAINTY_ASSIGNED_CONTEXT ( ( #10386 ) ) GLOBAL_UNIT_ASSIGNED_CONTEXT ( ( #4743, #3929, #3104 ) ) REPRESENTATION_CONTEXT ( 'NONE', 'WORKASPACE' ) );
#3189 = DIRECTION ( 'NONE',  ( -1.084202172485504434E-16, -1.000000000000000000, 0.0000000000000000000 ) ) ;
#3190 = CARTESIAN_POINT ( 'NONE',  ( -0.2233830370538947008, 0.05844406325176196293, -0.9999999999999995559 ) ) ;
#3191 = PRESENTATION_LAYER_ASSIGNMENT (  '', '', ( #7885 ) ) ;
#3192 = CARTESIAN_POINT ( 'NONE',  ( -0.1932892789290100999, 0.03147010573850075876, -0.9999999999999997780 ) ) ;
#3193 = VECTOR ( 'NONE', #8298, 1000.000000000000000 ) ;
#3194 = LINE ( 'NONE', #6518, #9979 ) ;
#3195 = CARTESIAN_POINT ( 'NONE',  ( 3.549999999999999378, 2.249999999999998668, -3.000000000000000000 ) ) ;
#3196 = COLOUR_RGB ( '',0.2509803921568627416, 0.2509803921568627416, 0.2509803921568627416 ) ;
#3197 = EDGE_LOOP ( 'NONE', ( #540, #4820, #1474, #8768 ) ) ;
#3198 = PRESENTATION_STYLE_ASSIGNMENT (( #10598 ) ) ;
#3199 = COLOUR_RGB ( '',0.2509803921568627416, 0.2509803921568627416, 0.2509803921568627416 ) ;
#3200 = VECTOR ( 'NONE', #2110, 1000.000000000000000 ) ;
#3201 = STYLED_ITEM ( 'NONE', ( #9375 ), #7962 ) ;
#3202 =( GEOMETRIC_REPRESENTATION_CONTEXT ( 3 ) GLOBAL_UNCERTAINTY_ASSIGNED_CONTEXT ( ( #1007 ) ) GLOBAL_UNIT_ASSIGNED_CONTEXT ( ( #10075, #9296, #8505 ) ) REPRESENTATION_CONTEXT ( 'NONE', 'WORKASPACE' ) );
#3203 = COLOUR_RGB ( '',0.7529411764705882248, 0.7529411764705882248, 0.7529411764705882248 ) ;
#3204 = DIRECTION ( 'NONE',  ( 0.0000000000000000000, 0.0000000000000000000, 1.000000000000000000 ) ) ;
#3205 = CARTESIAN_POINT ( 'NONE',  ( -0.4025708916307694230, 0.1929862105169281861, -0.9899999999999999911 ) ) ;
#3206 = TOROIDAL_SURFACE ( 'NONE', #7902, 0.7000000000000002887, 0.1499999999999999667 ) ;
#3207 = DIRECTION ( 'NONE',  ( 0.0000000000000000000, -1.000000000000000000, 0.0000000000000000000 ) ) ;
#3208 = CARTESIAN_POINT ( 'NONE',  ( -0.4002730788422114161, 0.2026362220355440724, -1.000000000000000444 ) ) ;
#3209 = ADVANCED_FACE ( 'NONE', ( #5208 ), #8519, .T. ) ;
#3210 = ORIENTED_EDGE ( 'NONE', *, *, #7458, .T. ) ;
#3211 = SURFACE_STYLE_FILL_AREA ( #10610 ) ;
#3212 = VECTOR ( 'NONE', #9681, 1000.000000000000000 ) ;
#3213 =( LENGTH_UNIT ( ) NAMED_UNIT ( * ) SI_UNIT ( .MILLI., .METRE. ) );
#3214 =( GEOMETRIC_REPRESENTATION_CONTEXT ( 3 ) GLOBAL_UNCERTAINTY_ASSIGNED_CONTEXT ( ( #7609 ) ) GLOBAL_UNIT_ASSIGNED_CONTEXT ( ( #5011, #4185, #3367 ) ) REPRESENTATION_CONTEXT ( 'NONE', 'WORKASPACE' ) );
#3215 = AXIS2_PLACEMENT_3D ( 'NONE', #2760, #6085, #9367 ) ;
#3216 = FILL_AREA_STYLE ('',( #10612 ) ) ;
#3217 = ORIENTED_EDGE ( 'NONE', *, *, #10163, .F. ) ;
#3218 = FILL_AREA_STYLE ('',( #10618 ) ) ;
#3219 = ORIENTED_EDGE ( 'NONE', *, *, #9895, .T. ) ;
#3220 = MECHANICAL_DESIGN_GEOMETRIC_PRESENTATION_REPRESENTATION (  '', ( #4634 ), #438 ) ;
#3221 = CARTESIAN_POINT ( 'NONE',  ( -0.04999999999999969746, 1.500000000000000444, -2.000000000000000000 ) ) ;
#3222 = CARTESIAN_POINT ( 'NONE',  ( 0.8500000000000003109, 1.500000000000000444, -2.000000000000000000 ) ) ;
#3223 = FACE_OUTER_BOUND ( 'NONE', #8265, .T. ) ;
#3224 = SURFACE_STYLE_FILL_AREA ( #10625 ) ;
#3225 = EDGE_CURVE ( 'NONE', #1811, #4154, #6128, .T. ) ;
#3226 = ORIENTED_EDGE ( 'NONE', *, *, #8985, .T. ) ;
#3227 = SURFACE_SIDE_STYLE ('',( #10629 ) ) ;
#3228 =( GEOMETRIC_REPRESENTATION_CONTEXT ( 3 ) GLOBAL_UNCERTAINTY_ASSIGNED_CONTEXT ( ( #8597 ) ) GLOBAL_UNIT_ASSIGNED_CONTEXT ( ( #9764, #8969, #8167 ) ) REPRESENTATION_CONTEXT ( 'NONE', 'WORKASPACE' ) );
#3229 = CARTESIAN_POINT ( 'NONE',  ( -0.4131272940697939267, 0.2314008446632696836, -1.000000000000000000 ) ) ;
#3230 = AXIS2_PLACEMENT_3D ( 'NONE', #523, #3846, #7152 ) ;
#3231 = STYLED_ITEM ( 'NONE', ( #232 ), #4656 ) ;
#3232 = EDGE_CURVE ( 'NONE', #9534, #4867, #5319, .T. ) ;
#3233 =( GEOMETRIC_REPRESENTATION_CONTEXT ( 3 ) GLOBAL_UNCERTAINTY_ASSIGNED_CONTEXT ( ( #6196 ) ) GLOBAL_UNIT_ASSIGNED_CONTEXT ( ( #4930, #4121, #3300 ) ) REPRESENTATION_CONTEXT ( 'NONE', 'WORKASPACE' ) );
#3234 = SURFACE_SIDE_STYLE ('',( #10633 ) ) ;
#3235 = ORIENTED_EDGE ( 'NONE', *, *, #4577, .F. ) ;
#3236 = EDGE_LOOP ( 'NONE', ( #6662, #1183, #5564, #9419 ) ) ;
#3237 = DIRECTION ( 'NONE',  ( 0.0000000000000000000, 0.0000000000000000000, -1.000000000000000000 ) ) ;
#3238 = DIRECTION ( 'NONE',  ( 0.0000000000000000000, 1.000000000000000000, 0.0000000000000000000 ) ) ;
#3239 = AXIS2_PLACEMENT_3D ( 'NONE', #4764, #8076, #620 ) ;
#3240 = DIRECTION ( 'NONE',  ( 1.000000000000000000, 0.0000000000000000000, 0.0000000000000000000 ) ) ;
#3241 =( GEOMETRIC_REPRESENTATION_CONTEXT ( 3 ) GLOBAL_UNCERTAINTY_ASSIGNED_CONTEXT ( ( #6326 ) ) GLOBAL_UNIT_ASSIGNED_CONTEXT ( ( #1338, #515, #10405 ) ) REPRESENTATION_CONTEXT ( 'NONE', 'WORKASPACE' ) );
#3242 = CARTESIAN_POINT ( 'NONE',  ( 3.499999999999999556, -2.250000000000001332, -3.000000000000000000 ) ) ;
#3243 = MECHANICAL_DESIGN_GEOMETRIC_PRESENTATION_REPRESENTATION (  '', ( #1851 ), #6023 ) ;
#3244 = CIRCLE ( 'NONE', #9289, 0.5500000000000003775 ) ;
#3245 = CARTESIAN_POINT ( 'NONE',  ( 3.500000000000000444, 2.999999999999999556, -0.5000000000000000000 ) ) ;
#3246 = CARTESIAN_POINT ( 'NONE',  ( -1.749999999999999778, -1.500000000000000000, -2.000000000000000000 ) ) ;
#3247 =( NAMED_UNIT ( * ) PLANE_ANGLE_UNIT ( ) SI_UNIT ( $, .RADIAN. ) );
#3248 = EDGE_CURVE ( 'NONE', #9336, #4391, #8246, .T. ) ;
#3249 = FILL_AREA_STYLE ('',( #10650 ) ) ;
#3250 = EDGE_CURVE ( 'NONE', #5467, #1540, #7814, .T. ) ;
#3251 = DIRECTION ( 'NONE',  ( 0.0000000000000000000, -1.000000000000000000, 0.0000000000000000000 ) ) ;
#3252 = VECTOR ( 'NONE', #2890, 1000.000000000000000 ) ;
#3253 =( GEOMETRIC_REPRESENTATION_CONTEXT ( 3 ) GLOBAL_UNCERTAINTY_ASSIGNED_CONTEXT ( ( #6959 ) ) GLOBAL_UNIT_ASSIGNED_CONTEXT ( ( #10174, #9373, #8589 ) ) REPRESENTATION_CONTEXT ( 'NONE', 'WORKASPACE' ) );
#3254 = CIRCLE ( 'NONE', #9299, 0.1499999999999999667 ) ;
#3255 = ORIENTED_EDGE ( 'NONE', *, *, #10116, .T. ) ;
#3256 =( NAMED_UNIT ( * ) SI_UNIT ( $, .STERADIAN. ) SOLID_ANGLE_UNIT ( ) );
#3257 = DIRECTION ( 'NONE',  ( 0.0000000000000000000, 0.0000000000000000000, 1.000000000000000000 ) ) ;
#3258 = FILL_AREA_STYLE_COLOUR ( '', #7393 ) ;
#3259 =( LENGTH_UNIT ( ) NAMED_UNIT ( * ) SI_UNIT ( .MILLI., .METRE. ) );
#3260 = CARTESIAN_POINT ( 'NONE',  ( -0.2612092463731296998, 0.09256339698737421628, -0.9899999999999995470 ) ) ;
#3261 = COLOUR_RGB ( '',0.2509803921568627416, 0.2509803921568627416, 0.2509803921568627416 ) ;
#3262 = MECHANICAL_DESIGN_GEOMETRIC_PRESENTATION_REPRESENTATION (  '', ( #1866 ), #6040 ) ;
#3263 = CARTESIAN_POINT ( 'NONE',  ( 0.1605756537124627126, 0.1774359020730779113, -1.000000000000000000 ) ) ;
#3264 = DIRECTION ( 'NONE',  ( -1.084202172485504434E-16, -1.000000000000000000, 0.0000000000000000000 ) ) ;
#3265 = LINE ( 'NONE', #6581, #8118 ) ;
#3266 = CARTESIAN_POINT ( 'NONE',  ( -0.3590495501673549028, 0.08749840563887940903, -0.9899999999999999911 ) ) ;
#3267 = EDGE_CURVE ( 'NONE', #7431, #7324, #7450, .T. ) ;
#3268 = ORIENTED_EDGE ( 'NONE', *, *, #4521, .F. ) ;
#3269 = CARTESIAN_POINT ( 'NONE',  ( 0.0000000000000000000, 0.0000000000000000000, -3.500000000000000000 ) ) ;
#3270 = VECTOR ( 'NONE', #4233, 1000.000000000000000 ) ;
#3271 =( NAMED_UNIT ( * ) PLANE_ANGLE_UNIT ( ) SI_UNIT ( $, .RADIAN. ) );
#3272 = FILL_AREA_STYLE_COLOUR ( '', #3434 ) ;
#3273 = DIRECTION ( 'NONE',  ( -1.517445394471977106E-32, 1.224646799147353207E-16, -1.000000000000000000 ) ) ;
#3274 = VERTEX_POINT ( 'NONE', #8686 ) ;
#3275 = DIRECTION ( 'NONE',  ( -1.239088197126291063E-16, -1.000000000000000000, 0.0000000000000000000 ) ) ;
#3276 =( NAMED_UNIT ( * ) SI_UNIT ( $, .STERADIAN. ) SOLID_ANGLE_UNIT ( ) );
#3277 = ORIENTED_EDGE ( 'NONE', *, *, #8486, .F. ) ;
#3278 = EDGE_CURVE ( 'NONE', #3326, #8577, #1237, .T. ) ;
#3279 = UNCERTAINTY_MEASURE_WITH_UNIT (LENGTH_MEASURE( 1.000000000000000082E-05 ), #1262, 'distance_accuracy_value', 'NONE');
#3280 =( NAMED_UNIT ( * ) SI_UNIT ( $, .STERADIAN. ) SOLID_ANGLE_UNIT ( ) );
#3281 = EDGE_LOOP ( 'NONE', ( #1516, #9255, #1208, #5965 ) ) ;
#3282 = ADVANCED_FACE ( 'NONE', ( #415 ), #161, .T. ) ;
#3283 =( LENGTH_UNIT ( ) NAMED_UNIT ( * ) SI_UNIT ( .MILLI., .METRE. ) );
#3284 =( NAMED_UNIT ( * ) PLANE_ANGLE_UNIT ( ) SI_UNIT ( $, .RADIAN. ) );
#3285 = ORIENTED_EDGE ( 'NONE', *, *, #9172, .F. ) ;
#3286 = DIRECTION ( 'NONE',  ( 1.000000000000000000, -2.409338161078899674E-16, -0.0000000000000000000 ) ) ;
#3287 = DIRECTION ( 'NONE',  ( -1.000000000000000000, 0.0000000000000000000, 0.0000000000000000000 ) ) ;
#3288 = ORIENTED_EDGE ( 'NONE', *, *, #10100, .F. ) ;
#3289 = ORIENTED_EDGE ( 'NONE', *, *, #6033, .F. ) ;
#3290 = EDGE_CURVE ( 'NONE', #6438, #711, #5368, .T. ) ;
#3291 = PLANE ( 'NONE',  #5669 ) ;
#3292 = DIRECTION ( 'NONE',  ( 9.856383386231855129E-17, -1.000000000000000000, 0.0000000000000000000 ) ) ;
#3293 =( NAMED_UNIT ( * ) PLANE_ANGLE_UNIT ( ) SI_UNIT ( $, .RADIAN. ) );
#3294 =( NAMED_UNIT ( * ) PLANE_ANGLE_UNIT ( ) SI_UNIT ( $, .RADIAN. ) );
#3295 = FILL_AREA_STYLE ('',( #10693 ) ) ;
#3296 = CARTESIAN_POINT ( 'NONE',  ( 0.2500000000000004441, -1.500000000000000444, -2.000000000000000000 ) ) ;
#3297 = DIRECTION ( 'NONE',  ( 0.0000000000000000000, -1.000000000000000000, 0.0000000000000000000 ) ) ;
#3298 = SURFACE_STYLE_FILL_AREA ( #10696 ) ;
#3299 = FILL_AREA_STYLE ('',( #10697 ) ) ;
#3300 =( NAMED_UNIT ( * ) SI_UNIT ( $, .STERADIAN. ) SOLID_ANGLE_UNIT ( ) );
#3301 = DIRECTION ( 'NONE',  ( -1.000000000000000000, 1.239088197126291063E-16, 0.0000000000000000000 ) ) ;
#3302 = EDGE_CURVE ( 'NONE', #8029, #9520, #529, .T. ) ;
#3303 = ORIENTED_EDGE ( 'NONE', *, *, #7813, .T. ) ;
#3304 = CARTESIAN_POINT ( 'NONE',  ( -0.2888149714630283138, 0.09202152623412254706, -0.9899999999999999911 ) ) ;
#3305 = DIRECTION ( 'NONE',  ( -1.000000000000000000, -1.239088197126291063E-16, 0.0000000000000000000 ) ) ;
#3306 = ADVANCED_FACE ( 'NONE', ( #10425 ), #10657, .T. ) ;
#3307 = MECHANICAL_DESIGN_GEOMETRIC_PRESENTATION_REPRESENTATION (  '', ( #7995 ), #6086 ) ;
#3308 = VERTEX_POINT ( 'NONE', #3022 ) ;
#3309 = DIRECTION ( 'NONE',  ( -1.239088197126291063E-16, 1.000000000000000000, 0.0000000000000000000 ) ) ;
#3310 = CARTESIAN_POINT ( 'NONE',  ( -0.2692248550454036105, 0.1333444422242452687, -0.9999999999999991118 ) ) ;
#3311 = DIRECTION ( 'NONE',  ( -1.275531967630004752E-16, -1.000000000000000000, 0.0000000000000000000 ) ) ;
#3312 = CARTESIAN_POINT ( 'NONE',  ( 0.09083472352101702729, 0.2117935567313274647, -1.000000000000000222 ) ) ;
#3313 = PRESENTATION_STYLE_ASSIGNMENT (( #10709 ) ) ;
#3314 = CARTESIAN_POINT ( 'NONE',  ( -1.249999999999999556, 1.500000000000000444, -2.000000000000000000 ) ) ;
#3315 = VERTEX_POINT ( 'NONE', #3966 ) ;
#3316 = EDGE_CURVE ( 'NONE', #10366, #6589, #7271, .T. ) ;
#3317 = SURFACE_STYLE_USAGE ( .BOTH. , #10712 ) ;
#3318 = STYLED_ITEM ( 'NONE', ( #8980 ), #1648 ) ;
#3319 = FILL_AREA_STYLE ('',( #1 ) ) ;
#3320 = DIRECTION ( 'NONE',  ( -1.000000000000000000, -1.239088197126291063E-16, 0.0000000000000000000 ) ) ;
#3321 = EDGE_CURVE ( 'NONE', #8057, #3720, #6454, .T. ) ;
#3322 = DIRECTION ( 'NONE',  ( -1.000000000000000000, 0.0000000000000000000, -0.0000000000000000000 ) ) ;
#3323 = ORIENTED_EDGE ( 'NONE', *, *, #8693, .T. ) ;
#3324 = CARTESIAN_POINT ( 'NONE',  ( 0.08957001403307281173, 0.02969011158482646670, -0.9899999999999997691 ) ) ;
#3325 = DIRECTION ( 'NONE',  ( -1.517445394471977106E-32, 1.224646799147353207E-16, -1.000000000000000000 ) ) ;
#3326 = VERTEX_POINT ( 'NONE', #5641 ) ;
#3327 = LINE ( 'NONE', #6632, #4433 ) ;
#3328 = SURFACE_STYLE_FILL_AREA ( #13 ) ;
#3329 = DIRECTION ( 'NONE',  ( -1.000000000000000000, 1.239088197126291063E-16, 0.0000000000000000000 ) ) ;
#3330 = PRESENTATION_STYLE_ASSIGNMENT (( #15 ) ) ;
#3331 = VERTEX_POINT ( 'NONE', #8941 ) ;
#3332 = CARTESIAN_POINT ( 'NONE',  ( -0.4416715013868670603, 0.08749840563887940903, -1.000000000000000000 ) ) ;
#3333 = DIRECTION ( 'NONE',  ( -1.000000000000000000, 2.409338161078899180E-16, 0.0000000000000000000 ) ) ;
#3334 = DIRECTION ( 'NONE',  ( 0.0000000000000000000, 0.0000000000000000000, 1.000000000000000000 ) ) ;
#3335 = ORIENTED_EDGE ( 'NONE', *, *, #10360, .T. ) ;
#3336 = ORIENTED_EDGE ( 'NONE', *, *, #206, .F. ) ;
#3337 = DIRECTION ( 'NONE',  ( -1.000000000000000000, 0.0000000000000000000, 0.0000000000000000000 ) ) ;
#3338 = SURFACE_STYLE_FILL_AREA ( #27 ) ;
#3339 = DIRECTION ( 'NONE',  ( 0.0000000000000000000, -1.000000000000000000, 0.0000000000000000000 ) ) ;
#3340 = FILL_AREA_STYLE_COLOUR ( '', #3006 ) ;
#3341 = EDGE_CURVE ( 'NONE', #2192, #3588, #5793, .T. ) ;
#3342 = DIRECTION ( 'NONE',  ( -1.000000000000000000, 1.239088197126291063E-16, 0.0000000000000000000 ) ) ;
#3343 = FACE_OUTER_BOUND ( 'NONE', #5870, .T. ) ;
#3344 = COLOUR_RGB ( '',0.7921568627450980005, 0.8196078431372548767, 0.9333333333333333481 ) ;
#3345 = FACE_OUTER_BOUND ( 'NONE', #5054, .T. ) ;
#3346 = ORIENTED_EDGE ( 'NONE', *, *, #4848, .T. ) ;
#3347 = CARTESIAN_POINT ( 'NONE',  ( -0.2503838247370802073, 0.04697698400472063995, -1.000000000000000222 ) ) ;
#3348 = VECTOR ( 'NONE', #1951, 1000.000000000000000 ) ;
#3349 = CARTESIAN_POINT ( 'NONE',  ( -0.3986029190387171406, 0.2055864223031864668, -0.9899999999999997691 ) ) ;
#3350 = DIRECTION ( 'NONE',  ( -9.856383386231851432E-17, -1.000000000000000000, 0.0000000000000000000 ) ) ;
#3351 = MECHANICAL_DESIGN_GEOMETRIC_PRESENTATION_REPRESENTATION (  '', ( #4754 ), #571 ) ;
#3352 = ORIENTED_EDGE ( 'NONE', *, *, #7482, .T. ) ;
#3353 = SURFACE_STYLE_FILL_AREA ( #40 ) ;
#3354 = FACE_OUTER_BOUND ( 'NONE', #8324, .T. ) ;
#3355 = EDGE_CURVE ( 'NONE', #9686, #7697, #6532, .T. ) ;
#3356 = B_SPLINE_CURVE_WITH_KNOTS ( 'NONE', 3,
 ( #7273, #10541, #3131, #6456, #9731, #2308, #5644, #8943, #1513, #4835, #8141, #685, #4008, #7315, #10584, #3179, #6506, #9793, #2375 ),
 .UNSPECIFIED., .F., .F.,
 ( 4, 1, 1, 1, 1, 1, 1, 1, 1, 1, 1, 1, 1, 1, 1, 1, 4 ),
 ( 0.0000000000000000000, 0.06783324845577359818, 0.1326555365079041537, 0.1950508840508278774, 0.2555829330687772183, 0.3147998341472898476, 0.3736004728263744301, 0.4325455953267434706, 0.4924306292835653465, 0.5526712559629695098, 0.6125130441881163623, 0.6726102503570063895, 0.7338383693139459707, 0.7965942385677740045, 0.8614497992905731927, 0.9291989423509053880, 1.000000000000000000 ),
 .UNSPECIFIED. ) ;
#3357 = DIRECTION ( 'NONE',  ( -0.0000000000000000000, 0.0000000000000000000, -1.000000000000000000 ) ) ;
#3358 =( LENGTH_UNIT ( ) NAMED_UNIT ( * ) SI_UNIT ( .MILLI., .METRE. ) );
#3359 = TOROIDAL_SURFACE ( 'NONE', #9403, 0.7000000000000002887, 0.1499999999999999667 ) ;
#3360 = CARTESIAN_POINT ( 'NONE',  ( 0.05028734007654758753, 0.1990837714925379476, -1.000000000000000000 ) ) ;
#3361 = CIRCLE ( 'NONE', #9405, 0.1499999999999999667 ) ;
#3362 =( LENGTH_UNIT ( ) NAMED_UNIT ( * ) SI_UNIT ( .MILLI., .METRE. ) );
#3363 = ORIENTED_EDGE ( 'NONE', *, *, #763, .F. ) ;
#3364 = STYLED_ITEM ( 'NONE', ( #963 ), #1711 ) ;
#3365 = EDGE_CURVE ( 'NONE', #5780, #6890, #8464, .T. ) ;
#3366 = CIRCLE ( 'NONE', #8049, 0.5000000000000000000 ) ;
#3367 =( NAMED_UNIT ( * ) SI_UNIT ( $, .STERADIAN. ) SOLID_ANGLE_UNIT ( ) );
#3368 =( LENGTH_UNIT ( ) NAMED_UNIT ( * ) SI_UNIT ( .MILLI., .METRE. ) );
#3369 = STYLED_ITEM ( 'NONE', ( #753 ), #3754 ) ;
#3370 = CARTESIAN_POINT ( 'NONE',  ( 0.1952318559125586772, 0.1608285421117535974, -0.9999999999999995559 ) ) ;
#3371 = EDGE_LOOP ( 'NONE', ( #5240, #2635, #7757, #9883 ) ) ;
#3372 = COLOUR_RGB ( '',1.000000000000000000, 1.000000000000000000, 1.000000000000000000 ) ;
#3373 = SURFACE_SIDE_STYLE ('',( #48 ) ) ;
#3374 = CARTESIAN_POINT ( 'NONE',  ( -0.1933130639216693869, 0.05341720595882260697, -0.9899999999999999911 ) ) ;
#3375 = CARTESIAN_POINT ( 'NONE',  ( 0.8500000000000004219, 2.200000000000000622, -2.000000000000000000 ) ) ;
#3376 =( GEOMETRIC_REPRESENTATION_CONTEXT ( 3 ) GLOBAL_UNCERTAINTY_ASSIGNED_CONTEXT ( ( #8803 ) ) GLOBAL_UNIT_ASSIGNED_CONTEXT ( ( #5168, #4350, #3532 ) ) REPRESENTATION_CONTEXT ( 'NONE', 'WORKASPACE' ) );
#3377 = VECTOR ( 'NONE', #724, 1000.000000000000000 ) ;
#3378 = CARTESIAN_POINT ( 'NONE',  ( 0.1053178278814256713, 0.02896182027302574707, -0.9899999999999999911 ) ) ;
#3379 = ADVANCED_FACE ( 'NONE', ( #4055 ), #7375, .T. ) ;
#3380 = VECTOR ( 'NONE', #4536, 1000.000000000000000 ) ;
#3381 = UNCERTAINTY_MEASURE_WITH_UNIT (LENGTH_MEASURE( 1.000000000000000082E-05 ), #2855, 'distance_accuracy_value', 'NONE');
#3382 = SURFACE_STYLE_FILL_AREA ( #54 ) ;
#3383 = CIRCLE ( 'NONE', #8067, 0.1499999999999999667 ) ;
#3384 = PRESENTATION_STYLE_ASSIGNMENT (( #60 ) ) ;
#3385 = AXIS2_PLACEMENT_3D ( 'NONE', #5315, #8634, #1187 ) ;
#3386 = PRESENTATION_LAYER_ASSIGNMENT (  '', '', ( #8072 ) ) ;
#3387 = COLOUR_RGB ( '',0.9882352941176471006, 0.7372549019607843590, 0.5176470588235293491 ) ;
#3388 = ORIENTED_EDGE ( 'NONE', *, *, #169, .F. ) ;
#3389 = CARTESIAN_POINT ( 'NONE',  ( 0.1437256661012986658, 0.03557870581664175635, -1.000000000000000222 ) ) ;
#3390 = FACE_OUTER_BOUND ( 'NONE', #1499, .T. ) ;
#3391 = MECHANICAL_DESIGN_GEOMETRIC_PRESENTATION_REPRESENTATION (  '', ( #4791 ), #608 ) ;
#3392 =( LENGTH_UNIT ( ) NAMED_UNIT ( * ) SI_UNIT ( .MILLI., .METRE. ) );
#3393 = EDGE_LOOP ( 'NONE', ( #6982, #8290, #8300, #4882 ) ) ;
#3394 = AXIS2_PLACEMENT_3D ( 'NONE', #1016, #4323, #7630 ) ;
#3395 = ORIENTED_EDGE ( 'NONE', *, *, #9542, .F. ) ;
#3396 = PRESENTATION_LAYER_ASSIGNMENT (  '', '', ( #8081 ) ) ;
#3397 =( GEOMETRIC_REPRESENTATION_CONTEXT ( 3 ) GLOBAL_UNCERTAINTY_ASSIGNED_CONTEXT ( ( #7727 ) ) GLOBAL_UNIT_ASSIGNED_CONTEXT ( ( #5082, #4279, #3466 ) ) REPRESENTATION_CONTEXT ( 'NONE', 'WORKASPACE' ) );
#3398 = LINE ( 'NONE', #6707, #4277 ) ;
#3399 = DIRECTION ( 'NONE',  ( -0.0000000000000000000, 1.000000000000000000, 0.0000000000000000000 ) ) ;
#3400 = PRESENTATION_LAYER_ASSIGNMENT (  '', '', ( #9454 ) ) ;
#3401 = CARTESIAN_POINT ( 'NONE',  ( -0.2640177025880647288, 0.1665165409556170206, -0.9899999999999995470 ) ) ;
#3402 = CARTESIAN_POINT ( 'NONE',  ( 1.749999999999999556, 0.7499999999999988898, -3.500000000000000000 ) ) ;
#3403 = CIRCLE ( 'NONE', #9459, 0.8500000000000000888 ) ;
#3404 = AXIS2_PLACEMENT_3D ( 'NONE', #7420, #10691, #3292 ) ;
#3405 = PRESENTATION_STYLE_ASSIGNMENT (( #83 ) ) ;
#3406 = FILL_AREA_STYLE_COLOUR ( '', #1820 ) ;
#3407 = SURFACE_SIDE_STYLE ('',( #86 ) ) ;
#3408 =( NAMED_UNIT ( * ) PLANE_ANGLE_UNIT ( ) SI_UNIT ( $, .RADIAN. ) );
#3409 =( NAMED_UNIT ( * ) PLANE_ANGLE_UNIT ( ) SI_UNIT ( $, .RADIAN. ) );
#3410 = PRESENTATION_LAYER_ASSIGNMENT (  '', '', ( #9466 ) ) ;
#3411 = DIRECTION ( 'NONE',  ( 0.0000000000000000000, 0.0000000000000000000, -1.000000000000000000 ) ) ;
#3412 = ORIENTED_EDGE ( 'NONE', *, *, #4372, .T. ) ;
#3413 = CARTESIAN_POINT ( 'NONE',  ( -0.1894611355332085079, 0.03140084466326965168, -0.9899999999999999911 ) ) ;
#3414 = FILL_AREA_STYLE ('',( #92 ) ) ;
#3415 = AXIS2_PLACEMENT_3D ( 'NONE', #2784, #6114, #9394 ) ;
#3416 = EDGE_CURVE ( 'NONE', #1191, #3713, #4989, .T. ) ;
#3417 = CARTESIAN_POINT ( 'NONE',  ( 0.8500000000000004219, 2.350000000000000533, -2.000000000000000000 ) ) ;
#3418 = STYLED_ITEM ( 'NONE', ( #8618 ), #4839 ) ;
#3419 = EDGE_LOOP ( 'NONE', ( #2018, #10049, #2776, #6906 ) ) ;
#3420 = CIRCLE ( 'NONE', #8105, 0.5500000000000003775 ) ;
#3421 =( NAMED_UNIT ( * ) PLANE_ANGLE_UNIT ( ) SI_UNIT ( $, .RADIAN. ) );
#3422 = FILL_AREA_STYLE_COLOUR ( '', #2511 ) ;
#3423 = CARTESIAN_POINT ( 'NONE',  ( 0.05594459294603327387, 0.03864412506876828413, -0.9900000000000002132 ) ) ;
#3424 = AXIS2_PLACEMENT_3D ( 'NONE', #5930, #9216, #1802 ) ;
#3425 = CARTESIAN_POINT ( 'NONE',  ( 0.08463784330745109663, 0.2111454300135160445, -0.9899999999999997691 ) ) ;
#3426 = CIRCLE ( 'NONE', #9479, 0.1499999999999999667 ) ;
#3427 = LINE ( 'NONE', #6731, #2329 ) ;
#3428 = ORIENTED_EDGE ( 'NONE', *, *, #8498, .T. ) ;
#3429 = CARTESIAN_POINT ( 'NONE',  ( 0.0000000000000000000, -1.500000000000000000, -1.500000000000000000 ) ) ;
#3430 = EDGE_CURVE ( 'NONE', #1811, #5515, #4169, .T. ) ;
#3431 = CARTESIAN_POINT ( 'NONE',  ( -1.249999999999999556, -1.500000000000000444, -2.000000000000000000 ) ) ;
#3432 = SURFACE_STYLE_USAGE ( .BOTH. , #108 ) ;
#3433 = VECTOR ( 'NONE', #9042, 1000.000000000000000 ) ;
#3434 = COLOUR_RGB ( '',0.7529411764705882248, 0.7529411764705882248, 0.7529411764705882248 ) ;
#3435 = CARTESIAN_POINT ( 'NONE',  ( 0.1551212005253814752, 0.2175495291664651665, -0.9900000000000002132 ) ) ;
#3436 = DIRECTION ( 'NONE',  ( -2.168404344971008868E-16, -1.000000000000000000, 0.0000000000000000000 ) ) ;
#3437 = ORIENTED_EDGE ( 'NONE', *, *, #5937, .F. ) ;
#3438 = CARTESIAN_POINT ( 'NONE',  ( -0.2664337481816178022, 0.1073922068768551896, -0.9899999999999999911 ) ) ;
#3439 = FILL_AREA_STYLE_COLOUR ( '', #8561 ) ;
#3440 = AXIS2_PLACEMENT_3D ( 'NONE', #10554, #3142, #6469 ) ;
#3441 = DIRECTION ( 'NONE',  ( 1.275531967630004999E-16, -1.000000000000000000, 0.0000000000000000000 ) ) ;
#3442 = SURFACE_STYLE_FILL_AREA ( #126 ) ;
#3443 = CARTESIAN_POINT ( 'NONE',  ( -0.1619077818746719744, 0.05335206417546477231, -1.000000000000000000 ) ) ;
#3444 = ADVANCED_FACE ( 'NONE', ( #3343 ), #6655, .F. ) ;
#3445 = ORIENTED_EDGE ( 'NONE', *, *, #6566, .F. ) ;
#3446 = CARTESIAN_POINT ( 'NONE',  ( 0.1990678278814256574, 0.1276279788096111312, -1.000000000000000000 ) ) ;
#3447 =( NAMED_UNIT ( * ) PLANE_ANGLE_UNIT ( ) SI_UNIT ( $, .RADIAN. ) );
#3448 = DIRECTION ( 'NONE',  ( 1.445602896647339410E-16, 1.000000000000000000, 0.0000000000000000000 ) ) ;
#3449 = DIRECTION ( 'NONE',  ( -1.239088197126291063E-16, -1.000000000000000000, 0.0000000000000000000 ) ) ;
#3450 = ORIENTED_EDGE ( 'NONE', *, *, #10501, .T. ) ;
#3451 = EDGE_LOOP ( 'NONE', ( #6273, #8158, #6732, #8610 ) ) ;
#3452 = VECTOR ( 'NONE', #6201, 1000.000000000000000 ) ;
#3453 = PLANE ( 'NONE',  #6818 ) ;
#3454 = B_SPLINE_CURVE_WITH_KNOTS ( 'NONE', 3,
 ( #5145, #3573, #6883, #10155, #2746, #6071, #9353, #1926, #5248, #8560, #1123 ),
 .UNSPECIFIED., .F., .F.,
 ( 4, 1, 1, 1, 1, 1, 1, 1, 4 ),
 ( 0.0000000000000000000, 0.1252796967356259727, 0.2494199707420513001, 0.3733567994928199130, 0.4966812787822861286, 0.6202029157439825635, 0.7450863201614565945, 0.8712691950190978307, 1.000000000000000000 ),
 .UNSPECIFIED. ) ;
#3455 = CARTESIAN_POINT ( 'NONE',  ( -0.2422690621515914411, 0.1949069258215740674, -0.9999999999999997780 ) ) ;
#3456 = SURFACE_SIDE_STYLE ('',( #141 ) ) ;
#3457 = SURFACE_STYLE_USAGE ( .BOTH. , #143 ) ;
#3458 = CARTESIAN_POINT ( 'NONE',  ( -0.1914047330941841540, 0.2094496251510745422, -0.9899999999999999911 ) ) ;
#3459 = CARTESIAN_POINT ( 'NONE',  ( -0.2586814763269094652, 0.2112307408003112064, -1.000000000000000222 ) ) ;
#3460 = ADVANCED_FACE ( 'NONE', ( #4275 ), #3083, .T. ) ;
#3461 = SURFACE_SIDE_STYLE ('',( #146 ) ) ;
#3462 = CARTESIAN_POINT ( 'NONE',  ( -0.4619077818746720188, 0.03140084466326965168, -0.9899999999999999911 ) ) ;
#3463 = FILL_AREA_STYLE ('',( #147 ) ) ;
#3464 = FILL_AREA_STYLE ('',( #148 ) ) ;
#3465 = EDGE_LOOP ( 'NONE', ( #9044, #9177, #9962, #3219 ) ) ;
#3466 =( NAMED_UNIT ( * ) SI_UNIT ( $, .STERADIAN. ) SOLID_ANGLE_UNIT ( ) );
#3467 = DIRECTION ( 'NONE',  ( 0.0000000000000000000, -0.0000000000000000000, 1.000000000000000000 ) ) ;
#3468 = B_SPLINE_CURVE_WITH_KNOTS ( 'NONE', 3,
 ( #9805, #2390, #5713, #8997, #1567, #4892, #8197, #743, #4077, #7391, #10666 ),
 .UNSPECIFIED., .F., .F.,
 ( 4, 1, 1, 1, 1, 1, 1, 1, 4 ),
 ( 0.0000000000000000000, 0.1124483899088010164, 0.2265276752126777760, 0.3444019493260283560, 0.4658649724874588949, 0.5916594493521170062, 0.7221684870248872290, 0.8586063875549264646, 1.000000000000000000 ),
 .UNSPECIFIED. ) ;
#3469 = ORIENTED_EDGE ( 'NONE', *, *, #6939, .T. ) ;
#3470 = CARTESIAN_POINT ( 'NONE',  ( -0.09605412333808657777, 0.05335206417546477231, -1.000000000000000000 ) ) ;
#3471 = CARTESIAN_POINT ( 'NONE',  ( 0.09732906781930257545, 0.02905551498254395001, -1.000000000000000222 ) ) ;
#3472 = ORIENTED_EDGE ( 'NONE', *, *, #822, .T. ) ;
#3473 = CARTESIAN_POINT ( 'NONE',  ( -0.2960541233380866166, 0.1339160885657086908, -0.9899999999999999911 ) ) ;
#3474 = VERTEX_POINT ( 'NONE', #10245 ) ;
#3475 = CARTESIAN_POINT ( 'NONE',  ( -3.550000000000000266, -0.7500000000000002220, -3.500000000000000000 ) ) ;
#3476 = CARTESIAN_POINT ( 'NONE',  ( -0.3988361355332085134, 0.2070106007608306375, -1.000000000000000000 ) ) ;
#3477 = VECTOR ( 'NONE', #2605, 1000.000000000000000 ) ;
#3478 = CARTESIAN_POINT ( 'NONE',  ( 0.1009651242509781860, 0.2337558240508229579, -1.000000000000000000 ) ) ;
#3479 = CARTESIAN_POINT ( 'NONE',  ( -0.2484495223899280680, 0.07429648307378269867, -0.9999999999999997780 ) ) ;
#3480 = ORIENTED_EDGE ( 'NONE', *, *, #9046, .T. ) ;
#3481 = FILL_AREA_STYLE ('',( #167 ) ) ;
#3482 = SURFACE_SIDE_STYLE ('',( #168 ) ) ;
#3483 = ADVANCED_FACE ( 'NONE', ( #2848 ), #6180, .T. ) ;
#3484 = CARTESIAN_POINT ( 'NONE',  ( 0.1348809068538395495, 0.03259089095425485305, -0.9900000000000002132 ) ) ;
#3485 = UNCERTAINTY_MEASURE_WITH_UNIT (LENGTH_MEASURE( 1.000000000000000082E-05 ), #5918, 'distance_accuracy_value', 'NONE');
#3486 = FILL_AREA_STYLE ('',( #171 ) ) ;
#3487 = COLOUR_RGB ( '',0.9882352941176471006, 0.7372549019607843590, 0.5176470588235293491 ) ;
#3488 = DIRECTION ( 'NONE',  ( 0.0000000000000000000, -1.000000000000000000, 0.0000000000000000000 ) ) ;
#3489 = SURFACE_STYLE_USAGE ( .BOTH. , #175 ) ;
#3490 = ORIENTED_EDGE ( 'NONE', *, *, #1550, .F. ) ;
#3491 = FILL_AREA_STYLE ('',( #177 ) ) ;
#3492 = DIRECTION ( 'NONE',  ( 0.0000000000000000000, -1.000000000000000000, 0.0000000000000000000 ) ) ;
#3493 = EDGE_CURVE ( 'NONE', #6573, #507, #4924, .T. ) ;
#3494 =( NAMED_UNIT ( * ) SI_UNIT ( $, .STERADIAN. ) SOLID_ANGLE_UNIT ( ) );
#3495 = SURFACE_STYLE_USAGE ( .BOTH. , #179 ) ;
#3496 = ORIENTED_EDGE ( 'NONE', *, *, #5904, .T. ) ;
#3497 = EDGE_LOOP ( 'NONE', ( #6385, #9513, #3634, #5729 ) ) ;
#3498 = ADVANCED_FACE ( 'NONE', ( #2952 ), #1093, .T. ) ;
#3499 = LINE ( 'NONE', #6801, #2882 ) ;
#3500 = FILL_AREA_STYLE_COLOUR ( '', #5845 ) ;
#3501 = VECTOR ( 'NONE', #8636, 1000.000000000000000 ) ;
#3502 = CARTESIAN_POINT ( 'NONE',  ( -1.750000000000000000, -1.500000000000000000, -2.500000000000000000 ) ) ;
#3503 = DIRECTION ( 'NONE',  ( -1.000000000000000000, 1.204669080539449344E-16, 0.0000000000000000000 ) ) ;
#3504 = FILL_AREA_STYLE ('',( #190 ) ) ;
#3505 =( NAMED_UNIT ( * ) SI_UNIT ( $, .STERADIAN. ) SOLID_ANGLE_UNIT ( ) );
#3506 =( NAMED_UNIT ( * ) SI_UNIT ( $, .STERADIAN. ) SOLID_ANGLE_UNIT ( ) );
#3507 = CARTESIAN_POINT ( 'NONE',  ( -0.2692248550454036105, 0.1333444422242452687, -0.9899999999999999911 ) ) ;
#3508 = COLOUR_RGB ( '',0.9882352941176471006, 0.7372549019607843590, 0.5176470588235293491 ) ;
#3509 = ORIENTED_EDGE ( 'NONE', *, *, #7129, .F. ) ;
#3510 = LINE ( 'NONE', #6814, #7354 ) ;
#3511 = PRESENTATION_STYLE_ASSIGNMENT (( #194 ) ) ;
#3512 = LINE ( 'NONE', #6815, #1459 ) ;
#3513 = ORIENTED_EDGE ( 'NONE', *, *, #2766, .T. ) ;
#3514 = CARTESIAN_POINT ( 'NONE',  ( -0.2846123901817131929, 0.1826219205927762657, -0.9899999999999997691 ) ) ;
#3515 = MECHANICAL_DESIGN_GEOMETRIC_PRESENTATION_REPRESENTATION (  '', ( #8200 ), #2785 ) ;
#3516 = CARTESIAN_POINT ( 'NONE',  ( 0.1696319143227572324, 0.1044146032704059007, -1.000000000000000000 ) ) ;
#3517 = FACE_OUTER_BOUND ( 'NONE', #3090, .T. ) ;
#3518 = VERTEX_POINT ( 'NONE', #6282 ) ;
#3519 = SURFACE_STYLE_USAGE ( .BOTH. , #202 ) ;
#3520 = DIRECTION ( 'NONE',  ( -1.000000000000000000, 1.239088197126291063E-16, 0.0000000000000000000 ) ) ;
#3521 = B_SPLINE_SURFACE_WITH_KNOTS ( 'NONE', 3, 1, ( 
 ( #953, #10229 ),
 ( #2824, #6155 ),
 ( #9449, #2015 ),
 ( #5345, #8655 ),
 ( #1206, #4531 ),
 ( #7833, #384 ),
 ( #3709, #7023 ) ),
 .UNSPECIFIED., .F., .F., .F.,
 ( 4, 1, 1, 1, 4 ),
 ( 2, 2 ),
 ( 0.0000000000000000000, 0.1744817153170503676, 0.3982857591281118714, 0.6738978473986658724, 0.9999999999999998890 ),
 ( 0.0000000000000000000, 1.000000000000000000 ),
 .UNSPECIFIED. ) ;
#3522 = VERTEX_POINT ( 'NONE', #7206 ) ;
#3523 =( LENGTH_UNIT ( ) NAMED_UNIT ( * ) SI_UNIT ( .MILLI., .METRE. ) );
#3524 = PRESENTATION_LAYER_ASSIGNMENT (  '', '', ( #3172 ) ) ;
#3525 = SURFACE_SIDE_STYLE ('',( #205 ) ) ;
#3526 = CIRCLE ( 'NONE', #8209, 0.1499999999999999667 ) ;
#3527 =( NAMED_UNIT ( * ) PLANE_ANGLE_UNIT ( ) SI_UNIT ( $, .RADIAN. ) );
#3528 = AXIS2_PLACEMENT_3D ( 'NONE', #5766, #9057, #1631 ) ;
#3529 = DIRECTION ( 'NONE',  ( 0.3363908276654490881, -0.9417224702971432881, 0.0000000000000000000 ) ) ;
#3530 = FILL_AREA_STYLE_COLOUR ( '', #9529 ) ;
#3531 = EDGE_LOOP ( 'NONE', ( #722, #8960, #6329, #7850 ) ) ;
#3532 =( NAMED_UNIT ( * ) SI_UNIT ( $, .STERADIAN. ) SOLID_ANGLE_UNIT ( ) );
#3533 = STYLED_ITEM ( 'NONE', ( #8841 ), #6691 ) ;
#3534 = CARTESIAN_POINT ( 'NONE',  ( 0.06568349557904785974, 0.2308359603311041786, -0.9899999999999999911 ) ) ;
#3535 = MECHANICAL_DESIGN_GEOMETRIC_PRESENTATION_REPRESENTATION (  '', ( #228 ), #2134 ) ;
#3536 = FACE_OUTER_BOUND ( 'NONE', #5313, .T. ) ;
#3537 =( NAMED_UNIT ( * ) SI_UNIT ( $, .STERADIAN. ) SOLID_ANGLE_UNIT ( ) );
#3538 = MECHANICAL_DESIGN_GEOMETRIC_PRESENTATION_REPRESENTATION (  '', ( #2142 ), #6324 ) ;
#3539 = MECHANICAL_DESIGN_GEOMETRIC_PRESENTATION_REPRESENTATION (  '', ( #2143 ), #6325 ) ;
#3540 = PRESENTATION_LAYER_ASSIGNMENT (  '', '', ( #8222 ) ) ;
#3541 = PRESENTATION_LAYER_ASSIGNMENT (  '', '', ( #8223 ) ) ;
#3542 = ADVANCED_FACE ( 'NONE', ( #10475 ), #3072, .T. ) ;
#3543 = CLOSED_SHELL ( 'NONE', ( #7455, #9789, #6578, #4649 ) ) ;
#3544 = DIRECTION ( 'NONE',  ( -1.000000000000000000, 1.239088197126291063E-16, 0.0000000000000000000 ) ) ;
#3545 = COLOUR_RGB ( '',0.7529411764705882248, 0.7529411764705882248, 0.7529411764705882248 ) ;
#3546 =( NAMED_UNIT ( * ) SI_UNIT ( $, .STERADIAN. ) SOLID_ANGLE_UNIT ( ) );
#3547 =( GEOMETRIC_REPRESENTATION_CONTEXT ( 3 ) GLOBAL_UNCERTAINTY_ASSIGNED_CONTEXT ( ( #6310 ) ) GLOBAL_UNIT_ASSIGNED_CONTEXT ( ( #1578, #760, #10676 ) ) REPRESENTATION_CONTEXT ( 'NONE', 'WORKASPACE' ) );
#3548 = CARTESIAN_POINT ( 'NONE',  ( 0.1642389937566542946, 0.1706306660555213239, -0.9899999999999999911 ) ) ;
#3549 = AXIS2_PLACEMENT_3D ( 'NONE', #3155, #6480, #9765 ) ;
#3550 = AXIS2_PLACEMENT_3D ( 'NONE', #5932, #9221, #1809 ) ;
#3551 = SURFACE_STYLE_USAGE ( .BOTH. , #220 ) ;
#3552 = ORIENTED_EDGE ( 'NONE', *, *, #5875, .F. ) ;
#3553 = DIRECTION ( 'NONE',  ( -0.0000000000000000000, 0.0000000000000000000, -1.000000000000000000 ) ) ;
#3554 = MECHANICAL_DESIGN_GEOMETRIC_PRESENTATION_REPRESENTATION (  '', ( #8237 ), #7687 ) ;
#3555 = ORIENTED_EDGE ( 'NONE', *, *, #9584, .F. ) ;
#3556 = ORIENTED_EDGE ( 'NONE', *, *, #9522, .F. ) ;
#3557 = DIRECTION ( 'NONE',  ( -1.517445394471977106E-32, 1.224646799147353207E-16, -1.000000000000000000 ) ) ;
#3558 = SURFACE_STYLE_FILL_AREA ( #231 ) ;
#3559 = AXIS2_PLACEMENT_3D ( 'NONE', #9691, #2266, #5595 ) ;
#3560 = EDGE_CURVE ( 'NONE', #2378, #4106, #3361, .T. ) ;
#3561 = MECHANICAL_DESIGN_GEOMETRIC_PRESENTATION_REPRESENTATION (  '', ( #2163 ), #6347 ) ;
#3562 =( NAMED_UNIT ( * ) PLANE_ANGLE_UNIT ( ) SI_UNIT ( $, .RADIAN. ) );
#3563 = DIRECTION ( 'NONE',  ( -1.000000000000000000, 1.445602896647339163E-16, 0.0000000000000000000 ) ) ;
#3564 = MECHANICAL_DESIGN_GEOMETRIC_PRESENTATION_REPRESENTATION (  '', ( #4954 ), #781 ) ;
#3565 = DIRECTION ( 'NONE',  ( 0.0000000000000000000, 0.0000000000000000000, 1.000000000000000000 ) ) ;
#3566 = DIRECTION ( 'NONE',  ( 0.0000000000000000000, -1.000000000000000000, 0.0000000000000000000 ) ) ;
#3567 = MECHANICAL_DESIGN_GEOMETRIC_PRESENTATION_REPRESENTATION (  '', ( #2174 ), #6358 ) ;
#3568 = CARTESIAN_POINT ( 'NONE',  ( 0.1273354912857676269, 0.2064588104196278251, -0.9900000000000002132 ) ) ;
#3569 = CIRCLE ( 'NONE', #9615, 0.5500000000000001554 ) ;
#3570 = SURFACE_STYLE_USAGE ( .BOTH. , #242 ) ;
#3571 = ORIENTED_EDGE ( 'NONE', *, *, #10307, .T. ) ;
#3572 = DIRECTION ( 'NONE',  ( -1.000000000000000000, 0.0000000000000000000, 0.0000000000000000000 ) ) ;
#3573 = CARTESIAN_POINT ( 'NONE',  ( 0.05206341720209935187, 0.2001158060908337644, -0.9899999999999999911 ) ) ;
#3574 = VECTOR ( 'NONE', #4074, 1000.000000000000000 ) ;
#3575 =( LENGTH_UNIT ( ) NAMED_UNIT ( * ) SI_UNIT ( .MILLI., .METRE. ) );
#3576 = DIRECTION ( 'NONE',  ( 0.0000000000000000000, 0.0000000000000000000, -1.000000000000000000 ) ) ;
#3577 = DIRECTION ( 'NONE',  ( -1.239088197126291063E-16, 1.000000000000000000, 0.0000000000000000000 ) ) ;
#3578 = AXIS2_PLACEMENT_3D ( 'NONE', #8317, #856, #4174 ) ;
#3579 = MECHANICAL_DESIGN_GEOMETRIC_PRESENTATION_REPRESENTATION (  '', ( #2181 ), #6370 ) ;
#3580 = ORIENTED_EDGE ( 'NONE', *, *, #10206, .T. ) ;
#3581 = FILL_AREA_STYLE_COLOUR ( '', #5396 ) ;
#3582 = ADVANCED_FACE ( 'NONE', ( #10570 ), #10252, .T. ) ;
#3583 = CARTESIAN_POINT ( 'NONE',  ( 0.1423091909593303672, 0.06270726298565859613, -0.9900000000000004352 ) ) ;
#3584 =( NAMED_UNIT ( * ) PLANE_ANGLE_UNIT ( ) SI_UNIT ( $, .RADIAN. ) );
#3585 = COLOUR_RGB ( '',0.2509803921568627416, 0.2509803921568627416, 0.2509803921568627416 ) ;
#3586 = ORIENTED_EDGE ( 'NONE', *, *, #3890, .F. ) ;
#3587 = SURFACE_STYLE_USAGE ( .BOTH. , #260 ) ;
#3588 = VERTEX_POINT ( 'NONE', #3163 ) ;
#3589 = DIRECTION ( 'NONE',  ( -1.239088197126291063E-16, 1.000000000000000000, 0.0000000000000000000 ) ) ;
#3590 = VECTOR ( 'NONE', #9773, 1000.000000000000000 ) ;
#3591 = PRESENTATION_LAYER_ASSIGNMENT (  '', '', ( #8275 ) ) ;
#3592 = CARTESIAN_POINT ( 'NONE',  ( -0.3988361355332085134, 0.2070106007608306375, -0.9899999999999999911 ) ) ;
#3593 =( GEOMETRIC_REPRESENTATION_CONTEXT ( 3 ) GLOBAL_UNCERTAINTY_ASSIGNED_CONTEXT ( ( #2723 ) ) GLOBAL_UNIT_ASSIGNED_CONTEXT ( ( #6492, #5689, #4870 ) ) REPRESENTATION_CONTEXT ( 'NONE', 'WORKASPACE' ) );
#3594 = B_SPLINE_CURVE_WITH_KNOTS ( 'NONE', 3,
 ( #9801, #2388, #5710, #8995, #1564, #4889, #8194, #740, #4073, #7387, #10661, #3263, #6579, #9850, #2434, #5753, #9040, #1609, #4942 ),
 .UNSPECIFIED., .F., .F.,
 ( 4, 1, 1, 1, 1, 1, 1, 1, 1, 1, 1, 1, 1, 1, 1, 1, 4 ),
 ( 0.0000000000000000000, 0.06460397028839230671, 0.1267024139629473467, 0.1867568140356183348, 0.2455056873654374860, 0.3036520244499754662, 0.3615030739706254770, 0.4202402229284675772, 0.4800333407766962934, 0.5406781347755160727, 0.6011918063807818458, 0.6623335024774423818, 0.7247395102972318259, 0.7894677361728866805, 0.8565048600438307513, 0.9263120958391901638, 1.000000000000000000 ),
 .UNSPECIFIED. ) ;
#3595 = CIRCLE ( 'NONE', #9637, 0.5500000000000003775 ) ;
#3596 = PRESENTATION_LAYER_ASSIGNMENT (  '', '', ( #8286 ) ) ;
#3597 = ORIENTED_EDGE ( 'NONE', *, *, #4559, .T. ) ;
#3598 = ADVANCED_FACE ( 'NONE', ( #10124 ), #2722, .T. ) ;
#3599 = DIRECTION ( 'NONE',  ( 0.0000000000000000000, 1.000000000000000000, 0.0000000000000000000 ) ) ;
#3600 = DIRECTION ( 'NONE',  ( -0.0000000000000000000, 0.0000000000000000000, -1.000000000000000000 ) ) ;
#3601 =( NAMED_UNIT ( * ) PLANE_ANGLE_UNIT ( ) SI_UNIT ( $, .RADIAN. ) );
#3602 = UNCERTAINTY_MEASURE_WITH_UNIT (LENGTH_MEASURE( 1.000000000000000082E-05 ), #4260, 'distance_accuracy_value', 'NONE');
#3603 = VECTOR ( 'NONE', #8050, 1000.000000000000000 ) ;
#3604 = CIRCLE ( 'NONE', #9647, 0.5500000000000001554 ) ;
#3605 = AXIS2_PLACEMENT_3D ( 'NONE', #8809, #1371, #4697 ) ;
#3606 = FILL_AREA_STYLE_COLOUR ( '', #7895 ) ;
#3607 = FILL_AREA_STYLE_COLOUR ( '', #5055 ) ;
#3608 = UNCERTAINTY_MEASURE_WITH_UNIT (LENGTH_MEASURE( 1.000000000000000082E-05 ), #4883, 'distance_accuracy_value', 'NONE');
#3609 = SURFACE_SIDE_STYLE ('',( #282 ) ) ;
#3610 = FACE_OUTER_BOUND ( 'NONE', #5127, .T. ) ;
#3611 = VECTOR ( 'NONE', #6057, 1000.000000000000000 ) ;
#3612 = DIRECTION ( 'NONE',  ( 1.000000000000000000, -1.204669080539449344E-16, -0.0000000000000000000 ) ) ;
#3613 =( GEOMETRIC_REPRESENTATION_CONTEXT ( 3 ) GLOBAL_UNCERTAINTY_ASSIGNED_CONTEXT ( ( #5451 ) ) GLOBAL_UNIT_ASSIGNED_CONTEXT ( ( #2969, #2165, #1365 ) ) REPRESENTATION_CONTEXT ( 'NONE', 'WORKASPACE' ) );
#3614 = ADVANCED_FACE ( 'NONE', ( #333 ), #3657, .T. ) ;
#3615 = ORIENTED_EDGE ( 'NONE', *, *, #9909, .T. ) ;
#3616 = DIRECTION ( 'NONE',  ( -1.000000000000000000, -0.0000000000000000000, -0.0000000000000000000 ) ) ;
#3617 = EDGE_CURVE ( 'NONE', #1000, #3331, #2658, .T. ) ;
#3618 = UNCERTAINTY_MEASURE_WITH_UNIT (LENGTH_MEASURE( 1.000000000000000082E-05 ), #2693, 'distance_accuracy_value', 'NONE');
#3619 = SURFACE_STYLE_USAGE ( .BOTH. , #289 ) ;
#3620 = ORIENTED_EDGE ( 'NONE', *, *, #169, .T. ) ;
#3621 = VERTEX_POINT ( 'NONE', #439 ) ;
#3622 = CARTESIAN_POINT ( 'NONE',  ( -1.549999999999999600, -1.500000000000000444, -2.000000000000000000 ) ) ;
#3623 = SURFACE_SIDE_STYLE ('',( #294 ) ) ;
#3624 = UNCERTAINTY_MEASURE_WITH_UNIT (LENGTH_MEASURE( 1.000000000000000082E-05 ), #8865, 'distance_accuracy_value', 'NONE');
#3625 = CARTESIAN_POINT ( 'NONE',  ( -1.749999999999999556, 2.999999999999999556, -3.500000000000000000 ) ) ;
#3626 = DIRECTION ( 'NONE',  ( -0.0000000000000000000, -0.0000000000000000000, -1.000000000000000000 ) ) ;
#3627 = EDGE_LOOP ( 'NONE', ( #7339, #2252, #9346, #6862 ) ) ;
#3628 = LINE ( 'NONE', #6926, #2008 ) ;
#3629 = FACE_OUTER_BOUND ( 'NONE', #2987, .T. ) ;
#3630 = STYLED_ITEM ( 'NONE', ( #1402 ), #3306 ) ;
#3631 = EDGE_CURVE ( 'NONE', #5066, #2618, #3777, .T. ) ;
#3632 = CARTESIAN_POINT ( 'NONE',  ( 0.1605756537124627126, 0.1774359020730779113, -1.000000000000000222 ) ) ;
#3633 = CARTESIAN_POINT ( 'NONE',  ( -0.2663794647228267531, 0.1590567915938213839, -0.9900000000000002132 ) ) ;
#3634 = ORIENTED_EDGE ( 'NONE', *, *, #7488, .T. ) ;
#3635 = FILL_AREA_STYLE ('',( #311 ) ) ;
#3636 = DIRECTION ( 'NONE',  ( -1.239088197126291063E-16, -1.000000000000000000, 0.0000000000000000000 ) ) ;
#3637 = SURFACE_STYLE_FILL_AREA ( #313 ) ;
#3638 =( NAMED_UNIT ( * ) PLANE_ANGLE_UNIT ( ) SI_UNIT ( $, .RADIAN. ) );
#3639 = VERTEX_POINT ( 'NONE', #2937 ) ;
#3640 = CARTESIAN_POINT ( 'NONE',  ( 0.1041905165422056384, 0.05097925940199754535, -1.000000000000000222 ) ) ;
#3641 = FILL_AREA_STYLE_COLOUR ( '', #9780 ) ;
#3642 = CARTESIAN_POINT ( 'NONE',  ( -0.09605412333808657777, 0.05335206417546477231, -0.9899999999999999911 ) ) ;
#3643 = CARTESIAN_POINT ( 'NONE',  ( 0.09048778416267193314, 0.2337906581534558437, -1.000000000000000222 ) ) ;
#3644 = EDGE_CURVE ( 'NONE', #5849, #10609, #10078, .T. ) ;
#3645 = ORIENTED_EDGE ( 'NONE', *, *, #4050, .T. ) ;
#3646 =( LENGTH_UNIT ( ) NAMED_UNIT ( * ) SI_UNIT ( .MILLI., .METRE. ) );
#3647 = SURFACE_STYLE_FILL_AREA ( #323 ) ;
#3648 = EDGE_CURVE ( 'NONE', #7431, #8988, #754, .T. ) ;
#3649 = PLANE ( 'NONE',  #1356 ) ;
#3650 = CARTESIAN_POINT ( 'NONE',  ( 0.1920499190446972315, 0.1707947206476423951, -1.000000000000000222 ) ) ;
#3651 = VERTEX_POINT ( 'NONE', #4653 ) ;
#3652 = FILL_AREA_STYLE_COLOUR ( '', #5636 ) ;
#3653 = SURFACE_SIDE_STYLE ('',( #329 ) ) ;
#3654 = DIRECTION ( 'NONE',  ( 0.0000000000000000000, 1.000000000000000000, 0.0000000000000000000 ) ) ;
#3655 = DIRECTION ( 'NONE',  ( 1.000000000000000000, 0.0000000000000000000, 0.0000000000000000000 ) ) ;
#3656 = ADVANCED_FACE ( 'NONE', ( #7952 ), #499, .T. ) ;
#3657 = PLANE ( 'NONE',  #7352 ) ;
#3658 = AXIS2_PLACEMENT_3D ( 'NONE', #6616, #9889, #2480 ) ;
#3659 =( NAMED_UNIT ( * ) PLANE_ANGLE_UNIT ( ) SI_UNIT ( $, .RADIAN. ) );
#3660 = FACE_BOUND ( 'NONE', #8541, .T. ) ;
#3661 = VERTEX_POINT ( 'NONE', #8853 ) ;
#3662 = ORIENTED_EDGE ( 'NONE', *, *, #8937, .F. ) ;
#3663 = ORIENTED_EDGE ( 'NONE', *, *, #4913, .T. ) ;
#3664 = DIRECTION ( 'NONE',  ( -1.000000000000000000, -1.239088197126291063E-16, 0.0000000000000000000 ) ) ;
#3665 = LINE ( 'NONE', #6973, #1151 ) ;
#3666 = LINE ( 'NONE', #6974, #6874 ) ;
#3667 = CARTESIAN_POINT ( 'NONE',  ( -0.09605412333808657777, 0.03140084466326965168, -0.9899999999999999911 ) ) ;
#3668 = CARTESIAN_POINT ( 'NONE',  ( -1.549999999999999600, 1.500000000000000444, -2.000000000000000000 ) ) ;
#3669 = STYLED_ITEM ( 'NONE', ( #8495 ), #1034 ) ;
#3670 = PRESENTATION_STYLE_ASSIGNMENT (( #348 ) ) ;
#3671 =( NAMED_UNIT ( * ) PLANE_ANGLE_UNIT ( ) SI_UNIT ( $, .RADIAN. ) );
#3672 = CARTESIAN_POINT ( 'NONE',  ( 0.1722385595887427345, 0.1292666983218062615, -0.9899999999999999911 ) ) ;
#3673 = FILL_AREA_STYLE_COLOUR ( '', #2146 ) ;
#3674 = CARTESIAN_POINT ( 'NONE',  ( -0.2422690621515914411, 0.1949069258215740674, -0.9999999999999991118 ) ) ;
#3675 = ORIENTED_EDGE ( 'NONE', *, *, #1360, .T. ) ;
#3676 = CARTESIAN_POINT ( 'NONE',  ( -3.550000000000000266, -0.7500000000000002220, -3.000000000000000000 ) ) ;
#3677 =( NAMED_UNIT ( * ) SI_UNIT ( $, .STERADIAN. ) SOLID_ANGLE_UNIT ( ) );
#3678 = PRESENTATION_STYLE_ASSIGNMENT (( #355 ) ) ;
#3679 = DIRECTION ( 'NONE',  ( -1.000000000000000000, 1.445602896647339163E-16, 0.0000000000000000000 ) ) ;
#3680 = CARTESIAN_POINT ( 'NONE',  ( 0.08742180535978995304, 0.05164886300272470560, -1.000000000000000000 ) ) ;
#3681 = EDGE_CURVE ( 'NONE', #6508, #3326, #1418, .T. ) ;
#3682 = EDGE_LOOP ( 'NONE', ( #7454, #10496, #910, #6101 ) ) ;
#3683 = CARTESIAN_POINT ( 'NONE',  ( -0.2230418457391881160, 0.2278218415200957692, -0.9999999999999997780 ) ) ;
#3684 = FILL_AREA_STYLE ('',( #363 ) ) ;
#3685 = FILL_AREA_STYLE_COLOUR ( '', #3508 ) ;
#3686 = FILL_AREA_STYLE ('',( #365 ) ) ;
#3687 = CARTESIAN_POINT ( 'NONE',  ( 3.500000000000000000, -3.000000000000000444, -0.04142135623730951871 ) ) ;
#3688 = VECTOR ( 'NONE', #8788, 1000.000000000000000 ) ;
#3689 = ORIENTED_EDGE ( 'NONE', *, *, #5410, .F. ) ;
#3690 = CARTESIAN_POINT ( 'NONE',  ( -0.9499999999999995115, -1.500000000000000444, -2.000000000000000000 ) ) ;
#3691 = CARTESIAN_POINT ( 'NONE',  ( 0.1796682017089879790, 0.06295933613029600084, -1.000000000000000222 ) ) ;
#3692 = SURFACE_STYLE_FILL_AREA ( #370 ) ;
#3693 = DIRECTION ( 'NONE',  ( -1.000000000000000000, 0.0000000000000000000, -0.0000000000000000000 ) ) ;
#3694 = EDGE_CURVE ( 'NONE', #1065, #4915, #4409, .T. ) ;
#3695 = CARTESIAN_POINT ( 'NONE',  ( 0.09735288885703542727, 0.2338398690535135604, -1.000000000000000000 ) ) ;
#3696 = ORIENTED_EDGE ( 'NONE', *, *, #9578, .T. ) ;
#3697 = CARTESIAN_POINT ( 'NONE',  ( -1.249999999999999556, 2.350000000000000533, -2.000000000000000000 ) ) ;
#3698 = EDGE_CURVE ( 'NONE', #2965, #3522, #10510, .T. ) ;
#3699 = SURFACE_STYLE_USAGE ( .BOTH. , #378 ) ;
#3700 = PRESENTATION_LAYER_ASSIGNMENT (  '', '', ( #9736 ) ) ;
#3701 = UNCERTAINTY_MEASURE_WITH_UNIT (LENGTH_MEASURE( 1.000000000000000082E-05 ), #4988, 'distance_accuracy_value', 'NONE');
#3702 = FILL_AREA_STYLE ('',( #380 ) ) ;
#3703 = PRESENTATION_LAYER_ASSIGNMENT (  '', '', ( #8381 ) ) ;
#3704 = CARTESIAN_POINT ( 'NONE',  ( 0.1974552275932500156, 0.1502697430207147189, -0.9900000000000006573 ) ) ;
#3705 = COLOUR_RGB ( '',0.9882352941176471006, 0.7372549019607843590, 0.5176470588235293491 ) ;
#3706 = PLANE ( 'NONE',  #4662 ) ;
#3707 = TOROIDAL_SURFACE ( 'NONE', #8386, 0.7000000000000002887, 0.1499999999999999667 ) ;
#3708 = PRESENTATION_LAYER_ASSIGNMENT (  '', '', ( #1272 ) ) ;
#3709 = CARTESIAN_POINT ( 'NONE',  ( -0.3994840013868670714, 0.2070106007608306375, -0.9899999999999999911 ) ) ;
#3710 = CARTESIAN_POINT ( 'NONE',  ( -0.6499999999999996891, 0.6500000000000001332, -2.000000000000000000 ) ) ;
#3711 = CARTESIAN_POINT ( 'NONE',  ( -0.01556631846003775181, 0.2094496251510745422, -1.000000000000000000 ) ) ;
#3712 = ADVANCED_FACE ( 'NONE', ( #9698 ), #6660, .T. ) ;
#3713 = VERTEX_POINT ( 'NONE', #2272 ) ;
#3714 = COLOUR_RGB ( '',0.7529411764705882248, 0.7529411764705882248, 0.7529411764705882248 ) ;
#3715 = DIRECTION ( 'NONE',  ( -1.000000000000000000, 0.0000000000000000000, -0.0000000000000000000 ) ) ;
#3716 = STYLED_ITEM ( 'NONE', ( #5948 ), #6784 ) ;
#3717 = UNCERTAINTY_MEASURE_WITH_UNIT (LENGTH_MEASURE( 1.000000000000000082E-05 ), #10524, 'distance_accuracy_value', 'NONE');
#3718 = CARTESIAN_POINT ( 'NONE',  ( -1.549999999999999600, 1.500000000000000444, -2.000000000000000000 ) ) ;
#3719 = ORIENTED_EDGE ( 'NONE', *, *, #5639, .F. ) ;
#3720 = VERTEX_POINT ( 'NONE', #3205 ) ;
#3721 = CLOSED_SHELL ( 'NONE', ( #209, #8849, #7962, #6830 ) ) ;
#3722 = PRESENTATION_LAYER_ASSIGNMENT (  '', '', ( #9753 ) ) ;
#3723 =( LENGTH_UNIT ( ) NAMED_UNIT ( * ) SI_UNIT ( .MILLI., .METRE. ) );
#3724 =( LENGTH_UNIT ( ) NAMED_UNIT ( * ) SI_UNIT ( .MILLI., .METRE. ) );
#3725 =( LENGTH_UNIT ( ) NAMED_UNIT ( * ) SI_UNIT ( .MILLI., .METRE. ) );
#3726 = COLOUR_RGB ( '',0.9882352941176471006, 0.7372549019607843590, 0.5176470588235293491 ) ;
#3727 = LINE ( 'NONE', #7041, #777 ) ;
#3728 = DIRECTION ( 'NONE',  ( 1.000000000000000000, -1.204669080539449837E-16, 0.0000000000000000000 ) ) ;
#3729 = B_SPLINE_CURVE_WITH_KNOTS ( 'NONE', 3,
 ( #4027, #4957, #8277, #824, #4143, #7452, #5, #3324, #6628, #9902, #2500 ),
 .UNSPECIFIED., .F., .F.,
 ( 4, 1, 1, 1, 1, 1, 1, 1, 4 ),
 ( 0.0000000000000000000, 0.1124483899088010164, 0.2265276752126777760, 0.3444019493260283560, 0.4658649724874588949, 0.5916594493521170062, 0.7221684870248872290, 0.8586063875549264646, 1.000000000000000000 ),
 .UNSPECIFIED. ) ;
#3730 = CIRCLE ( 'NONE', #9758, 0.5500000000000001554 ) ;
#3731 = PRESENTATION_LAYER_ASSIGNMENT (  '', '', ( #8407 ) ) ;
#3732 = CARTESIAN_POINT ( 'NONE',  ( 1.150000000000000133, -0.8000000000000001554, -2.000000000000000000 ) ) ;
#3733 =( GEOMETRIC_REPRESENTATION_CONTEXT ( 3 ) GLOBAL_UNCERTAINTY_ASSIGNED_CONTEXT ( ( #7266 ) ) GLOBAL_UNIT_ASSIGNED_CONTEXT ( ( #3362, #2550, #1736 ) ) REPRESENTATION_CONTEXT ( 'NONE', 'WORKASPACE' ) );
#3734 =( LENGTH_UNIT ( ) NAMED_UNIT ( * ) SI_UNIT ( .MILLI., .METRE. ) );
#3735 = CARTESIAN_POINT ( 'NONE',  ( -0.1942525883354721261, 0.2093910263172557018, -0.9900000000000002132 ) ) ;
#3736 = PRESENTATION_LAYER_ASSIGNMENT (  '', '', ( #8414 ) ) ;
#3737 = COLOUR_RGB ( '',1.000000000000000000, 1.000000000000000000, 1.000000000000000000 ) ;
#3738 = MECHANICAL_DESIGN_GEOMETRIC_PRESENTATION_REPRESENTATION (  '', ( #2333 ), #6505 ) ;
#3739 = VERTEX_POINT ( 'NONE', #6526 ) ;
#3740 = PLANE ( 'NONE',  #5851 ) ;
#3741 = SURFACE_STYLE_USAGE ( .BOTH. , #402 ) ;
#3742 = SURFACE_STYLE_USAGE ( .BOTH. , #405 ) ;
#3743 = CARTESIAN_POINT ( 'NONE',  ( 1.749999999999999778, 1.500000000000000000, -2.500000000000000000 ) ) ;
#3744 = CARTESIAN_POINT ( 'NONE',  ( -3.499999999999999556, 2.249999999999999556, -3.500000000000000000 ) ) ;
#3745 = EDGE_LOOP ( 'NONE', ( #8681, #8116, #5378, #1380 ) ) ;
#3746 = CARTESIAN_POINT ( 'NONE',  ( -0.2794031781139801329, 0.1906757015133652977, -0.9900000000000002132 ) ) ;
#3747 = COLOUR_RGB ( '',0.9882352941176471006, 0.7372549019607843590, 0.5176470588235293491 ) ;
#3748 = VECTOR ( 'NONE', #10430, 1000.000000000000000 ) ;
#3749 =( NAMED_UNIT ( * ) SI_UNIT ( $, .STERADIAN. ) SOLID_ANGLE_UNIT ( ) );
#3750 = PRESENTATION_LAYER_ASSIGNMENT (  '', '', ( #8428 ) ) ;
#3751 = CARTESIAN_POINT ( 'NONE',  ( 3.500000000000000444, -3.000000000000000444, -0.5000000000000000000 ) ) ;
#3752 =( NAMED_UNIT ( * ) SI_UNIT ( $, .STERADIAN. ) SOLID_ANGLE_UNIT ( ) );
#3753 = CARTESIAN_POINT ( 'NONE',  ( -1.249999999999999556, -0.8000000000000001554, -2.000000000000000000 ) ) ;
#3754 = ADVANCED_FACE ( 'NONE', ( #9809 ), #2842, .T. ) ;
#3755 = EDGE_LOOP ( 'NONE', ( #3490, #4317, #8354, #10256 ) ) ;
#3756 = STYLED_ITEM ( 'NONE', ( #9412 ), #2553 ) ;
#3757 = EDGE_CURVE ( 'NONE', #7094, #6164, #4238, .T. ) ;
#3758 = CARTESIAN_POINT ( 'NONE',  ( 0.1990053181830648832, 0.1240036856702400464, -0.9899999999999999911 ) ) ;
#3759 = DIRECTION ( 'NONE',  ( -1.000000000000000000, 2.168404344971008868E-16, -0.0000000000000000000 ) ) ;
#3760 = CIRCLE ( 'NONE', #9783, 0.1499999999999999667 ) ;
#3761 = PLANE ( 'NONE',  #7557 ) ;
#3762 = AXIS2_PLACEMENT_3D ( 'NONE', #273, #3600, #6908 ) ;
#3763 = LINE ( 'NONE', #7071, #2728 ) ;
#3764 = SURFACE_STYLE_FILL_AREA ( #426 ) ;
#3765 = VERTEX_POINT ( 'NONE', #9897 ) ;
#3766 = CARTESIAN_POINT ( 'NONE',  ( -3.550000000000000266, 2.249999999999999556, -3.000000000000000000 ) ) ;
#3767 = SURFACE_SIDE_STYLE ('',( #429 ) ) ;
#3768 = MECHANICAL_DESIGN_GEOMETRIC_PRESENTATION_REPRESENTATION (  '', ( #2359 ), #6529 ) ;
#3769 = ORIENTED_EDGE ( 'NONE', *, *, #7894, .F. ) ;
#3770 = ADVANCED_FACE ( 'NONE', ( #2494 ), #414, .T. ) ;
#3771 = VECTOR ( 'NONE', #7419, 1000.000000000000000 ) ;
#3772 = CARTESIAN_POINT ( 'NONE',  ( 1.150000000000000133, -2.200000000000000622, -2.000000000000000000 ) ) ;
#3773 =( NAMED_UNIT ( * ) SI_UNIT ( $, .STERADIAN. ) SOLID_ANGLE_UNIT ( ) );
#3774 = COLOUR_RGB ( '',0.9882352941176471006, 0.7372549019607843590, 0.5176470588235293491 ) ;
#3775 = B_SPLINE_CURVE_WITH_KNOTS ( 'NONE', 2,
 ( #2871, #3810, #7118 ),
 .UNSPECIFIED., .F., .F.,
 ( 3, 3 ),
 ( 0.0000000000000000000, 1.000000000000000000 ),
 .UNSPECIFIED. ) ;
#3776 =( GEOMETRIC_REPRESENTATION_CONTEXT ( 3 ) GLOBAL_UNCERTAINTY_ASSIGNED_CONTEXT ( ( #10175 ) ) GLOBAL_UNIT_ASSIGNED_CONTEXT ( ( #335, #10230, #9450 ) ) REPRESENTATION_CONTEXT ( 'NONE', 'WORKASPACE' ) );
#3777 = LINE ( 'NONE', #7085, #4058 ) ;
#3778 = CARTESIAN_POINT ( 'NONE',  ( 0.1080514266759573239, 0.2335909487751493818, -0.9900000000000002132 ) ) ;
#3779 =( LENGTH_UNIT ( ) NAMED_UNIT ( * ) SI_UNIT ( .MILLI., .METRE. ) );
#3780 = DIRECTION ( 'NONE',  ( -0.0000000000000000000, -0.0000000000000000000, 1.000000000000000000 ) ) ;
#3781 = ORIENTED_EDGE ( 'NONE', *, *, #893, .F. ) ;
#3782 = MECHANICAL_DESIGN_GEOMETRIC_PRESENTATION_REPRESENTATION (  '', ( #2374 ), #6550 ) ;
#3783 = SURFACE_SIDE_STYLE ('',( #450 ) ) ;
#3784 = ADVANCED_FACE ( 'NONE', ( #5824 ), #6888, .T. ) ;
#3785 = COLOUR_RGB ( '',0.7529411764705882248, 0.7529411764705882248, 0.7529411764705882248 ) ;
#3786 = MECHANICAL_DESIGN_GEOMETRIC_PRESENTATION_REPRESENTATION (  '', ( #2377 ), #6552 ) ;
#3787 = ORIENTED_EDGE ( 'NONE', *, *, #3316, .F. ) ;
#3788 = ORIENTED_EDGE ( 'NONE', *, *, #1885, .F. ) ;
#3789 = B_SPLINE_CURVE_WITH_KNOTS ( 'NONE', 2,
 ( #9870, #2455, #5778 ),
 .UNSPECIFIED., .F., .F.,
 ( 3, 3 ),
 ( 0.0000000000000000000, 1.000000000000000000 ),
 .UNSPECIFIED. ) ;
#3790 = CARTESIAN_POINT ( 'NONE',  ( 0.5500000000000002665, -0.8000000000000001554, -2.000000000000000000 ) ) ;
#3791 = EDGE_CURVE ( 'NONE', #3661, #3474, #1250, .T. ) ;
#3792 = PLANE ( 'NONE',  #10240 ) ;
#3793 = VECTOR ( 'NONE', #3333, 1000.000000000000000 ) ;
#3794 =( LENGTH_UNIT ( ) NAMED_UNIT ( * ) SI_UNIT ( .MILLI., .METRE. ) );
#3795 = CARTESIAN_POINT ( 'NONE',  ( 3.500000000000000444, 2.249999999999998668, -3.500000000000000000 ) ) ;
#3796 = CARTESIAN_POINT ( 'NONE',  ( 0.2500000000000005551, -2.350000000000000533, -2.000000000000000000 ) ) ;
#3797 = CARTESIAN_POINT ( 'NONE',  ( 0.2500000000000004441, 1.500000000000000444, -2.000000000000000000 ) ) ;
#3798 = DIRECTION ( 'NONE',  ( -1.275531967630004752E-16, -1.000000000000000000, 0.0000000000000000000 ) ) ;
#3799 = SURFACE_SIDE_STYLE ('',( #466 ) ) ;
#3800 = VERTEX_POINT ( 'NONE', #8679 ) ;
#3801 = EDGE_CURVE ( 'NONE', #6669, #8988, #2669, .T. ) ;
#3802 = SURFACE_STYLE_USAGE ( .BOTH. , #471 ) ;
#3803 = ORIENTED_EDGE ( 'NONE', *, *, #8333, .T. ) ;
#3804 = CARTESIAN_POINT ( 'NONE',  ( -0.2959742897593317101, 0.1375414818799054750, -1.000000000000000000 ) ) ;
#3805 = SURFACE_STYLE_USAGE ( .BOTH. , #475 ) ;
#3806 = SURFACE_STYLE_USAGE ( .BOTH. , #476 ) ;
#3807 = CARTESIAN_POINT ( 'NONE',  ( -0.04999999999999967665, 1.500000000000000444, -2.000000000000000000 ) ) ;
#3808 = SURFACE_STYLE_USAGE ( .BOTH. , #479 ) ;
#3809 = VERTEX_POINT ( 'NONE', #407 ) ;
#3810 = CARTESIAN_POINT ( 'NONE',  ( 3.815815714343070209, -1.500000000000001110, -3.500000000000000000 ) ) ;
#3811 = PRESENTATION_STYLE_ASSIGNMENT (( #485 ) ) ;
#3812 = CARTESIAN_POINT ( 'NONE',  ( -3.550000000000000266, -0.7500000000000002220, -3.000000000000000000 ) ) ;
#3813 = PRESENTATION_STYLE_ASSIGNMENT (( #489 ) ) ;
#3814 = VERTEX_POINT ( 'NONE', #3744 ) ;
#3815 = FACE_OUTER_BOUND ( 'NONE', #21, .T. ) ;
#3816 = DIRECTION ( 'NONE',  ( -1.000000000000000000, -1.239088197126291063E-16, 0.0000000000000000000 ) ) ;
#3817 = FILL_AREA_STYLE_COLOUR ( '', #7709 ) ;
#3818 = ORIENTED_EDGE ( 'NONE', *, *, #1840, .T. ) ;
#3819 = UNCERTAINTY_MEASURE_WITH_UNIT (LENGTH_MEASURE( 1.000000000000000082E-05 ), #445, 'distance_accuracy_value', 'NONE');
#3820 =( LENGTH_UNIT ( ) NAMED_UNIT ( * ) SI_UNIT ( .MILLI., .METRE. ) );
#3821 = FILL_AREA_STYLE_COLOUR ( '', #2144 ) ;
#3822 = SURFACE_SIDE_STYLE ('',( #500 ) ) ;
#3823 = DIRECTION ( 'NONE',  ( -1.000000000000000000, 1.239088197126291063E-16, 0.0000000000000000000 ) ) ;
#3824 = EDGE_CURVE ( 'NONE', #6275, #6261, #7054, .T. ) ;
#3825 = ORIENTED_EDGE ( 'NONE', *, *, #9328, .F. ) ;
#3826 = LINE ( 'NONE', #7135, #936 ) ;
#3827 = DIRECTION ( 'NONE',  ( 0.0000000000000000000, -1.000000000000000000, -0.0000000000000000000 ) ) ;
#3828 = LINE ( 'NONE', #7137, #7407 ) ;
#3829 = ORIENTED_EDGE ( 'NONE', *, *, #7414, .F. ) ;
#3830 = UNCERTAINTY_MEASURE_WITH_UNIT (LENGTH_MEASURE( 1.000000000000000082E-05 ), #1731, 'distance_accuracy_value', 'NONE');
#3831 = FACE_OUTER_BOUND ( 'NONE', #1212, .T. ) ;
#3832 = ORIENTED_EDGE ( 'NONE', *, *, #7968, .F. ) ;
#3833 = ORIENTED_EDGE ( 'NONE', *, *, #8155, .F. ) ;
#3834 = CARTESIAN_POINT ( 'NONE',  ( 0.1477723425472985408, 0.06705195505016224577, -0.9999999999999997780 ) ) ;
#3835 =( GEOMETRIC_REPRESENTATION_CONTEXT ( 3 ) GLOBAL_UNCERTAINTY_ASSIGNED_CONTEXT ( ( #1538 ) ) GLOBAL_UNIT_ASSIGNED_CONTEXT ( ( #8526, #7704, #6905 ) ) REPRESENTATION_CONTEXT ( 'NONE', 'WORKASPACE' ) );
#3836 = UNCERTAINTY_MEASURE_WITH_UNIT (LENGTH_MEASURE( 1.000000000000000082E-05 ), #4387, 'distance_accuracy_value', 'NONE');
#3837 = EDGE_CURVE ( 'NONE', #656, #1000, #10089, .T. ) ;
#3838 =( LENGTH_UNIT ( ) NAMED_UNIT ( * ) SI_UNIT ( .MILLI., .METRE. ) );
#3839 = ADVANCED_FACE ( 'NONE', ( #5417 ), #8722, .T. ) ;
#3840 = AXIS2_PLACEMENT_3D ( 'NONE', #7220, #10486, #3084 ) ;
#3841 = B_SPLINE_CURVE_WITH_KNOTS ( 'NONE', 3,
 ( #9185, #1766, #5073, #8393, #952, #4271, #7579, #145, #3459, #6761, #10032, #2628, #5940, #9232, #1819, #5135, #8461, #1015, #4322 ),
 .UNSPECIFIED., .F., .F.,
 ( 4, 1, 1, 1, 1, 1, 1, 1, 1, 1, 1, 1, 1, 1, 1, 1, 4 ),
 ( 0.0000000000000000000, 0.06863117867660099847, 0.1345664660386766964, 0.1983281540108808028, 0.2607897666408446891, 0.3219991514841584190, 0.3827217465030193222, 0.4435374740357288514, 0.5051334294849249007, 0.5662138747646714432, 0.6261058646175455822, 0.6853493221605165830, 0.7449958703477972399, 0.8054158418145627163, 0.8676362663459531444, 0.9323077823023292465, 1.000000000000000000 ),
 .UNSPECIFIED. ) ;
#3842 = LINE ( 'NONE', #7146, #3896 ) ;
#3843 = ORIENTED_EDGE ( 'NONE', *, *, #1394, .T. ) ;
#3844 = EDGE_LOOP ( 'NONE', ( #3872, #10563, #10613, #962 ) ) ;
#3845 = LINE ( 'NONE', #7149, #9122 ) ;
#3846 = DIRECTION ( 'NONE',  ( -0.0000000000000000000, 0.0000000000000000000, -1.000000000000000000 ) ) ;
#3847 = ORIENTED_EDGE ( 'NONE', *, *, #10081, .T. ) ;
#3848 = SURFACE_STYLE_USAGE ( .BOTH. , #525 ) ;
#3849 = CARTESIAN_POINT ( 'NONE',  ( -0.3399565623624768995, 0.03140084466326965168, -0.9899999999999999911 ) ) ;
#3850 = CARTESIAN_POINT ( 'NONE',  ( -3.500000000000000444, -3.000000000000000444, -3.500000000000000000 ) ) ;
#3851 = EDGE_CURVE ( 'NONE', #1191, #7705, #6353, .T. ) ;
#3852 = CARTESIAN_POINT ( 'NONE',  ( 3.458578643762690863, 2.958578643762690419, -3.786577659949340603E-17 ) ) ;
#3853 = LINE ( 'NONE', #7165, #3748 ) ;
#3854 = LINE ( 'NONE', #7166, #4594 ) ;
#3855 = SURFACE_STYLE_FILL_AREA ( #536 ) ;
#3856 = CARTESIAN_POINT ( 'NONE',  ( 0.05028734007654758753, 0.06371791783400136688, -0.9899999999999999911 ) ) ;
#3857 = CARTESIAN_POINT ( 'NONE',  ( -3.550000000000000266, 0.7499999999999995559, -3.500000000000000000 ) ) ;
#3858 = AXIS2_PLACEMENT_3D ( 'NONE', #6747, #10016, #2614 ) ;
#3859 =( NAMED_UNIT ( * ) PLANE_ANGLE_UNIT ( ) SI_UNIT ( $, .RADIAN. ) );
#3860 = CARTESIAN_POINT ( 'NONE',  ( 0.06568349557904785974, 0.2308359603311041786, -0.9899999999999999911 ) ) ;
#3861 = FILL_AREA_STYLE ('',( #539 ) ) ;
#3862 = VERTEX_POINT ( 'NONE', #5535 ) ;
#3863 = DIRECTION ( 'NONE',  ( 1.971276677246371026E-16, -1.000000000000000000, 0.0000000000000000000 ) ) ;
#3864 = DIRECTION ( 'NONE',  ( 0.0000000000000000000, 1.000000000000000000, 0.0000000000000000000 ) ) ;
#3865 = EDGE_LOOP ( 'NONE', ( #7291, #1238, #554, #6825 ) ) ;
#3866 = FACE_OUTER_BOUND ( 'NONE', #6794, .T. ) ;
#3867 = DIRECTION ( 'NONE',  ( 0.0000000000000000000, -1.000000000000000000, 0.0000000000000000000 ) ) ;
#3868 = PRESENTATION_STYLE_ASSIGNMENT (( #549 ) ) ;
#3869 =( GEOMETRIC_REPRESENTATION_CONTEXT ( 3 ) GLOBAL_UNCERTAINTY_ASSIGNED_CONTEXT ( ( #8913 ) ) GLOBAL_UNIT_ASSIGNED_CONTEXT ( ( #3989, #3157, #2352 ) ) REPRESENTATION_CONTEXT ( 'NONE', 'WORKASPACE' ) );
#3870 = CARTESIAN_POINT ( 'NONE',  ( 0.08742180535978995304, 0.05164886300272470560, -0.9899999999999999911 ) ) ;
#3871 = EDGE_LOOP ( 'NONE', ( #2478, #1133, #4183, #8455 ) ) ;
#3872 = ORIENTED_EDGE ( 'NONE', *, *, #8824, .T. ) ;
#3873 = ORIENTED_EDGE ( 'NONE', *, *, #2461, .T. ) ;
#3874 = PRESENTATION_LAYER_ASSIGNMENT (  '', '', ( #8552 ) ) ;
#3875 = EDGE_CURVE ( 'NONE', #6508, #9020, #8835, .T. ) ;
#3876 = FILL_AREA_STYLE_COLOUR ( '', #3585 ) ;
#3877 = PRESENTATION_LAYER_ASSIGNMENT (  '', '', ( #9904 ) ) ;
#3878 = COLOUR_RGB ( '',0.7921568627450980005, 0.8196078431372548767, 0.9333333333333333481 ) ;
#3879 = SURFACE_SIDE_STYLE ('',( #558 ) ) ;
#3880 = CARTESIAN_POINT ( 'NONE',  ( -0.1915190623624768440, 0.2314008446632696836, -0.9899999999999999911 ) ) ;
#3881 = FACE_OUTER_BOUND ( 'NONE', #6610, .T. ) ;
#3882 = STYLED_ITEM ( 'NONE', ( #9209 ), #9643 ) ;
#3883 = PRESENTATION_LAYER_ASSIGNMENT (  '', '', ( #8562 ) ) ;
#3884 =( GEOMETRIC_REPRESENTATION_CONTEXT ( 3 ) GLOBAL_UNCERTAINTY_ASSIGNED_CONTEXT ( ( #9760 ) ) GLOBAL_UNIT_ASSIGNED_CONTEXT ( ( #684, #10583, #9791 ) ) REPRESENTATION_CONTEXT ( 'NONE', 'WORKASPACE' ) );
#3885 = TOROIDAL_SURFACE ( 'NONE', #3012, 0.7000000000000002887, 0.1499999999999999667 ) ;
#3886 = DIRECTION ( 'NONE',  ( -1.239088197126291063E-16, -1.000000000000000000, 0.0000000000000000000 ) ) ;
#3887 = STYLED_ITEM ( 'NONE', ( #2468 ), #261 ) ;
#3888 = ORIENTED_EDGE ( 'NONE', *, *, #5373, .T. ) ;
#3889 = FILL_AREA_STYLE ('',( #563 ) ) ;
#3890 = EDGE_CURVE ( 'NONE', #507, #6573, #3021, .T. ) ;
#3891 = VERTEX_POINT ( 'NONE', #7218 ) ;
#3892 =( LENGTH_UNIT ( ) NAMED_UNIT ( * ) SI_UNIT ( .MILLI., .METRE. ) );
#3893 = SURFACE_SIDE_STYLE ('',( #565 ) ) ;
#3894 = AXIS2_PLACEMENT_3D ( 'NONE', #1767, #5074, #8396 ) ;
#3895 = DIRECTION ( 'NONE',  ( 1.000000000000000000, 0.0000000000000000000, 0.0000000000000000000 ) ) ;
#3896 = VECTOR ( 'NONE', #10407, 1000.000000000000000 ) ;
#3897 =( LENGTH_UNIT ( ) NAMED_UNIT ( * ) SI_UNIT ( .MILLI., .METRE. ) );
#3898 = DIRECTION ( 'NONE',  ( -9.856383386231851432E-17, -1.000000000000000000, 0.0000000000000000000 ) ) ;
#3899 =( GEOMETRIC_REPRESENTATION_CONTEXT ( 3 ) GLOBAL_UNCERTAINTY_ASSIGNED_CONTEXT ( ( #6236 ) ) GLOBAL_UNIT_ASSIGNED_CONTEXT ( ( #9567, #8776, #7974 ) ) REPRESENTATION_CONTEXT ( 'NONE', 'WORKASPACE' ) );
#3900 = CARTESIAN_POINT ( 'NONE',  ( -3.682907857171536126, 1.499999999999999556, -3.000000000000000000 ) ) ;
#3901 = FILL_AREA_STYLE_COLOUR ( '', #2519 ) ;
#3902 = COLOUR_RGB ( '',1.000000000000000000, 1.000000000000000000, 1.000000000000000000 ) ;
#3903 =( GEOMETRIC_REPRESENTATION_CONTEXT ( 3 ) GLOBAL_UNCERTAINTY_ASSIGNED_CONTEXT ( ( #5885 ) ) GLOBAL_UNIT_ASSIGNED_CONTEXT ( ( #3283, #2449, #1641 ) ) REPRESENTATION_CONTEXT ( 'NONE', 'WORKASPACE' ) );
#3904 =( GEOMETRIC_REPRESENTATION_CONTEXT ( 3 ) GLOBAL_UNCERTAINTY_ASSIGNED_CONTEXT ( ( #6938 ) ) GLOBAL_UNIT_ASSIGNED_CONTEXT ( ( #623, #10534, #9723 ) ) REPRESENTATION_CONTEXT ( 'NONE', 'WORKASPACE' ) );
#3905 =( LENGTH_UNIT ( ) NAMED_UNIT ( * ) SI_UNIT ( .MILLI., .METRE. ) );
#3906 = ORIENTED_EDGE ( 'NONE', *, *, #4415, .F. ) ;
#3907 = PRESENTATION_LAYER_ASSIGNMENT (  '', '', ( #8591 ) ) ;
#3908 = MECHANICAL_DESIGN_GEOMETRIC_PRESENTATION_REPRESENTATION (  '', ( #2513 ), #6680 ) ;
#3909 = ADVANCED_FACE ( 'NONE', ( #10483 ), #9931, .T. ) ;
#3910 = FACE_OUTER_BOUND ( 'NONE', #5510, .T. ) ;
#3911 = CARTESIAN_POINT ( 'NONE',  ( -0.1902995501673548084, 0.05335206417546477231, -0.9899999999999999911 ) ) ;
#3912 = DIRECTION ( 'NONE',  ( -0.0000000000000000000, 0.0000000000000000000, -1.000000000000000000 ) ) ;
#3913 = CARTESIAN_POINT ( 'NONE',  ( -1.549999999999999600, 2.050000000000000711, -2.000000000000000000 ) ) ;
#3914 = CIRCLE ( 'NONE', #8595, 0.8500000000000000888 ) ;
#3915 =( NAMED_UNIT ( * ) SI_UNIT ( $, .STERADIAN. ) SOLID_ANGLE_UNIT ( ) );
#3916 = DIRECTION ( 'NONE',  ( -0.0000000000000000000, -0.0000000000000000000, -1.000000000000000000 ) ) ;
#3917 = ORIENTED_EDGE ( 'NONE', *, *, #5942, .T. ) ;
#3918 = MECHANICAL_DESIGN_GEOMETRIC_PRESENTATION_REPRESENTATION (  '', ( #2523 ), #6688 ) ;
#3919 = AXIS2_PLACEMENT_3D ( 'NONE', #7820, #372, #3693 ) ;
#3920 = COLOUR_RGB ( '',0.7921568627450980005, 0.8196078431372548767, 0.9333333333333333481 ) ;
#3921 = UNCERTAINTY_MEASURE_WITH_UNIT (LENGTH_MEASURE( 1.000000000000000082E-05 ), #1920, 'distance_accuracy_value', 'NONE');
#3922 =( NAMED_UNIT ( * ) PLANE_ANGLE_UNIT ( ) SI_UNIT ( $, .RADIAN. ) );
#3923 = AXIS2_PLACEMENT_3D ( 'NONE', #4734, #8036, #589 ) ;
#3924 = DIRECTION ( 'NONE',  ( -1.000000000000000000, 1.239088197126291063E-16, 0.0000000000000000000 ) ) ;
#3925 = DIRECTION ( 'NONE',  ( 0.0000000000000000000, 1.000000000000000000, 0.0000000000000000000 ) ) ;
#3926 = PRESENTATION_LAYER_ASSIGNMENT (  '', '', ( #8611 ) ) ;
#3927 = AXIS2_PLACEMENT_3D ( 'NONE', #7360, #10642, #3238 ) ;
#3928 = ORIENTED_EDGE ( 'NONE', *, *, #791, .T. ) ;
#3929 =( NAMED_UNIT ( * ) PLANE_ANGLE_UNIT ( ) SI_UNIT ( $, .RADIAN. ) );
#3930 = FILL_AREA_STYLE_COLOUR ( '', #9644 ) ;
#3931 = CARTESIAN_POINT ( 'NONE',  ( 3.682907857171535237, 1.499999999999998668, -3.000000000000000000 ) ) ;
#3932 = CARTESIAN_POINT ( 'NONE',  ( 0.05212580610231487555, 0.06268240699839384977, -1.000000000000000000 ) ) ;
#3933 = VERTEX_POINT ( 'NONE', #3081 ) ;
#3934 = AXIS2_PLACEMENT_3D ( 'NONE', #6108, #9387, #1961 ) ;
#3935 = UNCERTAINTY_MEASURE_WITH_UNIT (LENGTH_MEASURE( 1.000000000000000082E-05 ), #6797, 'distance_accuracy_value', 'NONE');
#3936 = SURFACE_STYLE_FILL_AREA ( #606 ) ;
#3937 = ORIENTED_EDGE ( 'NONE', *, *, #3631, .F. ) ;
#3938 =( GEOMETRIC_REPRESENTATION_CONTEXT ( 3 ) GLOBAL_UNCERTAINTY_ASSIGNED_CONTEXT ( ( #3830 ) ) GLOBAL_UNIT_ASSIGNED_CONTEXT ( ( #1731, #1055, #235 ) ) REPRESENTATION_CONTEXT ( 'NONE', 'WORKASPACE' ) );
#3939 = SURFACE_STYLE_FILL_AREA ( #609 ) ;
#3940 = UNCERTAINTY_MEASURE_WITH_UNIT (LENGTH_MEASURE( 1.000000000000000082E-05 ), #9187, 'distance_accuracy_value', 'NONE');
#3941 = MECHANICAL_DESIGN_GEOMETRIC_PRESENTATION_REPRESENTATION (  '', ( #5326 ), #1157 ) ;
#3942 =( NAMED_UNIT ( * ) PLANE_ANGLE_UNIT ( ) SI_UNIT ( $, .RADIAN. ) );
#3943 = AXIS2_PLACEMENT_3D ( 'NONE', #4155, #7463, #17 ) ;
#3944 = EDGE_CURVE ( 'NONE', #6669, #7324, #595, .T. ) ;
#3945 =( GEOMETRIC_REPRESENTATION_CONTEXT ( 3 ) GLOBAL_UNCERTAINTY_ASSIGNED_CONTEXT ( ( #8593 ) ) GLOBAL_UNIT_ASSIGNED_CONTEXT ( ( #3213, #2400, #1579 ) ) REPRESENTATION_CONTEXT ( 'NONE', 'WORKASPACE' ) );
#3946 = TOROIDAL_SURFACE ( 'NONE', #9972, 0.7000000000000002887, 0.1499999999999999667 ) ;
#3947 = FILL_AREA_STYLE_COLOUR ( '', #5337 ) ;
#3948 = DIRECTION ( 'NONE',  ( -1.000000000000000000, 1.239088197126291063E-16, 0.0000000000000000000 ) ) ;
#3949 = VERTEX_POINT ( 'NONE', #3168 ) ;
#3950 =( NAMED_UNIT ( * ) SI_UNIT ( $, .STERADIAN. ) SOLID_ANGLE_UNIT ( ) );
#3951 = ORIENTED_EDGE ( 'NONE', *, *, #9350, .F. ) ;
#3952 = CARTESIAN_POINT ( 'NONE',  ( 0.8500000000000001998, -0.8000000000000001554, -2.000000000000000000 ) ) ;
#3953 =( GEOMETRIC_REPRESENTATION_CONTEXT ( 3 ) GLOBAL_UNCERTAINTY_ASSIGNED_CONTEXT ( ( #9664 ) ) GLOBAL_UNIT_ASSIGNED_CONTEXT ( ( #8014, #7204, #6403 ) ) REPRESENTATION_CONTEXT ( 'NONE', 'WORKASPACE' ) );
#3954 = AXIS2_PLACEMENT_3D ( 'NONE', #4017, #7322, #10593 ) ;
#3955 = CIRCLE ( 'NONE', #9980, 0.5000000000000000000 ) ;
#3957 = EDGE_CURVE ( 'NONE', #1656, #6030, #6497, .T. ) ;
#3956 =( NAMED_UNIT ( * ) PLANE_ANGLE_UNIT ( ) SI_UNIT ( $, .RADIAN. ) );
#3958 = DIRECTION ( 'NONE',  ( -1.239088197126291063E-16, 1.000000000000000000, 0.0000000000000000000 ) ) ;
#3959 = CARTESIAN_POINT ( 'NONE',  ( -0.4326775989478427453, 0.1094496251510745366, -0.9899999999999999911 ) ) ;
#3960 = EDGE_CURVE ( 'NONE', #2672, #7693, #5693, .T. ) ;
#3961 = SURFACE_STYLE_FILL_AREA ( #627 ) ;
#3962 = DIRECTION ( 'NONE',  ( 1.000000000000000000, 2.168404344971008868E-16, 0.0000000000000000000 ) ) ;
#3963 = STYLED_ITEM ( 'NONE', ( #10353 ), #6428 ) ;
#3964 = DIRECTION ( 'NONE',  ( 1.000000000000000000, 0.0000000000000000000, 0.0000000000000000000 ) ) ;
#3965 = COLOUR_RGB ( '',0.2509803921568627416, 0.2509803921568627416, 0.2509803921568627416 ) ;
#3966 = CARTESIAN_POINT ( 'NONE',  ( 0.05028734007654758753, 0.1990837714925379476, -0.9899999999999999911 ) ) ;
#3967 = CARTESIAN_POINT ( 'NONE',  ( 3.499999999999999556, -3.000000000000000444, -3.500000000000000000 ) ) ;
#3968 = DIRECTION ( 'NONE',  ( -1.239088197126291063E-16, 1.000000000000000000, 0.0000000000000000000 ) ) ;
#3969 = EDGE_LOOP ( 'NONE', ( #840, #5254, #6614, #5196 ) ) ;
#3970 = DIRECTION ( 'NONE',  ( 0.0000000000000000000, -1.000000000000000000, 0.0000000000000000000 ) ) ;
#3971 = DIRECTION ( 'NONE',  ( 1.000000000000000000, 0.0000000000000000000, 0.0000000000000000000 ) ) ;
#3972 = FILL_AREA_STYLE ('',( #642 ) ) ;
#3973 =( NAMED_UNIT ( * ) PLANE_ANGLE_UNIT ( ) SI_UNIT ( $, .RADIAN. ) );
#3974 = EDGE_CURVE ( 'NONE', #10460, #9666, #4874, .T. ) ;
#3975 = CARTESIAN_POINT ( 'NONE',  ( -0.2959733498975575805, 0.1301385716644387902, -1.000000000000000000 ) ) ;
#3976 = CARTESIAN_POINT ( 'NONE',  ( -0.4326775989478426343, 0.1094496251510745366, -1.000000000000000000 ) ) ;
#3977 = CARTESIAN_POINT ( 'NONE',  ( 0.1647418249454270789, 0.09004219581918125603, -0.9899999999999999911 ) ) ;
#3978 = CARTESIAN_POINT ( 'NONE',  ( -0.2415227892850929370, 0.04217011887229213385, -0.9899999999999997691 ) ) ;
#3979 = EDGE_LOOP ( 'NONE', ( #7293, #2207, #2663, #10069 ) ) ;
#3980 = EDGE_CURVE ( 'NONE', #3474, #671, #4049, .T. ) ;
#3981 = SURFACE_STYLE_USAGE ( .BOTH. , #653 ) ;
#3982 = ORIENTED_EDGE ( 'NONE', *, *, #173, .F. ) ;
#3983 = CARTESIAN_POINT ( 'NONE',  ( 0.05028734007654758753, 0.2259130397852208705, -1.000000000000000000 ) ) ;
#3984 = DIRECTION ( 'NONE',  ( 9.856383386231855129E-17, -1.000000000000000000, 0.0000000000000000000 ) ) ;
#3985 =( LENGTH_UNIT ( ) NAMED_UNIT ( * ) SI_UNIT ( .MILLI., .METRE. ) );
#3986 = EDGE_LOOP ( 'NONE', ( #9178, #5801, #316, #1377 ) ) ;
#3987 = VERTEX_POINT ( 'NONE', #3242 ) ;
#3988 = SURFACE_SIDE_STYLE ('',( #663 ) ) ;
#3989 =( LENGTH_UNIT ( ) NAMED_UNIT ( * ) SI_UNIT ( .MILLI., .METRE. ) );
#3990 = B_SPLINE_CURVE_WITH_KNOTS ( 'NONE', 3,
 ( #7239, #10505, #3097, #6425, #9694, #2270, #5598, #8888, #1464, #4793, #8103, #650, #3978, #7282, #10552, #3140, #6467, #9741, #2325 ),
 .UNSPECIFIED., .F., .F.,
 ( 4, 1, 1, 1, 1, 1, 1, 1, 1, 1, 1, 1, 1, 1, 1, 1, 4 ),
 ( 0.0000000000000000000, 0.06806869584499396220, 0.1334274328189549996, 0.1961460338131564840, 0.2570485924493126073, 0.3168826631591618592, 0.3761872086663214376, 0.4359603353635462253, 0.4965352368627261037, 0.5574653434807330665, 0.6176868634101471134, 0.6779436406969060469, 0.7388052848060401301, 0.8009493367665838637, 0.8648146674702265058, 0.9310247810786567157, 1.000000000000000000 ),
 .UNSPECIFIED. ) ;
#3991 = DIRECTION ( 'NONE',  ( 0.9417224702971433992, 0.3363908276654491436, -0.0000000000000000000 ) ) ;
#3992 = CARTESIAN_POINT ( 'NONE',  ( 1.450000000000000178, -2.350000000000000533, -2.000000000000000000 ) ) ;
#3993 = LINE ( 'NONE', #7299, #8274 ) ;
#3994 = DIRECTION ( 'NONE',  ( -1.517445394471977106E-32, -1.224646799147353207E-16, 1.000000000000000000 ) ) ;
#3995 = ORIENTED_EDGE ( 'NONE', *, *, #1447, .F. ) ;
#3996 = FILL_AREA_STYLE ('',( #672 ) ) ;
#3997 = AXIS2_PLACEMENT_3D ( 'NONE', #9859, #2443, #5761 ) ;
#3998 = SURFACE_STYLE_USAGE ( .BOTH. , #673 ) ;
#3999 = SURFACE_STYLE_USAGE ( .BOTH. , #674 ) ;
#4000 = CARTESIAN_POINT ( 'NONE',  ( -1.249999999999999556, 0.8000000000000001554, -2.000000000000000000 ) ) ;
#4001 = SURFACE_STYLE_FILL_AREA ( #677 ) ;
#4002 = DIRECTION ( 'NONE',  ( -1.000000000000000000, 0.0000000000000000000, -0.0000000000000000000 ) ) ;
#4003 = UNCERTAINTY_MEASURE_WITH_UNIT (LENGTH_MEASURE( 1.000000000000000082E-05 ), #7478, 'distance_accuracy_value', 'NONE');
#4004 = CIRCLE ( 'NONE', #10028, 0.8500000000000003109 ) ;
#4005 = CARTESIAN_POINT ( 'NONE',  ( 1.649999999999998357, -3.000000000000000444, -0.5000000000000000000 ) ) ;
#4006 = FACE_BOUND ( 'NONE', #4965, .T. ) ;
#4007 = CARTESIAN_POINT ( 'NONE',  ( 0.08061975960342668279, 0.05261450686573036772, -0.9900000000000002132 ) ) ;
#4008 = CARTESIAN_POINT ( 'NONE',  ( 0.1892947274890143805, 0.07875362061927657087, -0.9899999999999999911 ) ) ;
#4009 = ORIENTED_EDGE ( 'NONE', *, *, #2881, .F. ) ;
#4010 = DIRECTION ( 'NONE',  ( -1.239088197126291063E-16, 1.000000000000000000, 0.0000000000000000000 ) ) ;
#4011 =( NAMED_UNIT ( * ) PLANE_ANGLE_UNIT ( ) SI_UNIT ( $, .RADIAN. ) );
#4012 = ADVANCED_FACE ( 'NONE', ( #6563 ), #9837, .T. ) ;
#4013 =( NAMED_UNIT ( * ) SI_UNIT ( $, .STERADIAN. ) SOLID_ANGLE_UNIT ( ) );
#4014 = CARTESIAN_POINT ( 'NONE',  ( -0.3590495501673549028, 0.08749840563887940903, -1.000000000000000000 ) ) ;
#4015 = CARTESIAN_POINT ( 'NONE',  ( -0.2158225345278200202, 0.05617396428662670138, -0.9899999999999997691 ) ) ;
#4016 = CARTESIAN_POINT ( 'NONE',  ( -0.2222259852778986355, 0.03512453073702262452, -1.000000000000000000 ) ) ;
#4017 = CARTESIAN_POINT ( 'NONE',  ( -0.9499999999999995115, 1.500000000000000444, -2.000000000000000000 ) ) ;
#4018 = CARTESIAN_POINT ( 'NONE',  ( -0.3657949769966231668, 0.1094496251510745366, -0.9899999999999999911 ) ) ;
#4019 = ORIENTED_EDGE ( 'NONE', *, *, #7129, .T. ) ;
#4020 = SURFACE_STYLE_FILL_AREA ( #698 ) ;
#4021 = EDGE_CURVE ( 'NONE', #1525, #9939, #7474, .T. ) ;
#4022 = CARTESIAN_POINT ( 'NONE',  ( -1.249999999999999556, -1.500000000000000444, -2.000000000000000000 ) ) ;
#4023 = DIRECTION ( 'NONE',  ( 0.0000000000000000000, -1.000000000000000000, 0.0000000000000000000 ) ) ;
#4024 = CARTESIAN_POINT ( 'NONE',  ( -0.4023213106060914424, 0.1937841774075503010, -1.000000000000000222 ) ) ;
#4025 = ORIENTED_EDGE ( 'NONE', *, *, #9009, .F. ) ;
#4026 = EDGE_CURVE ( 'NONE', #5154, #6589, #4109, .T. ) ;
#4027 = CARTESIAN_POINT ( 'NONE',  ( 0.05028734007654758753, 0.04176669832180623931, -0.9899999999999999911 ) ) ;
#4028 = PRESENTATION_STYLE_ASSIGNMENT (( #706 ) ) ;
#4029 = FACE_OUTER_BOUND ( 'NONE', #3986, .T. ) ;
#4030 = ORIENTED_EDGE ( 'NONE', *, *, #8600, .F. ) ;
#4031 = UNCERTAINTY_MEASURE_WITH_UNIT (LENGTH_MEASURE( 1.000000000000000082E-05 ), #6068, 'distance_accuracy_value', 'NONE');
#4032 = FACE_OUTER_BOUND ( 'NONE', #9819, .T. ) ;
#4033 = VERTEX_POINT ( 'NONE', #5853 ) ;
#4034 = CARTESIAN_POINT ( 'NONE',  ( -1.549999999999999600, -0.8000000000000001554, -2.000000000000000000 ) ) ;
#4035 = CARTESIAN_POINT ( 'NONE',  ( 1.649999999999999023, 2.999999999999998668, -1.000000000000000000 ) ) ;
#4036 = UNCERTAINTY_MEASURE_WITH_UNIT (LENGTH_MEASURE( 1.000000000000000082E-05 ), #924, 'distance_accuracy_value', 'NONE');
#4037 = FACE_OUTER_BOUND ( 'NONE', #9316, .T. ) ;
#4038 = EDGE_CURVE ( 'NONE', #7184, #8784, #7028, .T. ) ;
#4039 = EDGE_LOOP ( 'NONE', ( #3937, #2139, #10019, #5934 ) ) ;
#4040 = FILL_AREA_STYLE_COLOUR ( '', #6382 ) ;
#4041 = LINE ( 'NONE', #7350, #1675 ) ;
#4042 = SURFACE_SIDE_STYLE ('',( #720 ) ) ;
#4043 = FILL_AREA_STYLE_COLOUR ( '', #2322 ) ;
#4044 = ORIENTED_EDGE ( 'NONE', *, *, #1325, .T. ) ;
#4045 = ORIENTED_EDGE ( 'NONE', *, *, #7628, .F. ) ;
#4046 =( NAMED_UNIT ( * ) SI_UNIT ( $, .STERADIAN. ) SOLID_ANGLE_UNIT ( ) );
#4047 = DIRECTION ( 'NONE',  ( 1.000000000000000000, 0.0000000000000000000, 0.0000000000000000000 ) ) ;
#4048 = STYLED_ITEM ( 'NONE', ( #5722 ), #9514 ) ;
#4049 = LINE ( 'NONE', #7366, #9425 ) ;
#4050 = EDGE_CURVE ( 'NONE', #1589, #1306, #1630, .T. ) ;
#4051 = PRESENTATION_LAYER_ASSIGNMENT (  '', '', ( #10071 ) ) ;
#4052 = SURFACE_SIDE_STYLE ('',( #727 ) ) ;
#4053 = CARTESIAN_POINT ( 'NONE',  ( -0.6499999999999995781, 1.500000000000000444, -2.000000000000000000 ) ) ;
#4054 =( LENGTH_UNIT ( ) NAMED_UNIT ( * ) SI_UNIT ( .MILLI., .METRE. ) );
#4055 = FACE_OUTER_BOUND ( 'NONE', #4039, .T. ) ;
#4056 = CARTESIAN_POINT ( 'NONE',  ( 3.549999999999998934, -2.250000000000001332, -3.500000000000000000 ) ) ;
#4057 = SURFACE_STYLE_USAGE ( .BOTH. , #731 ) ;
#4058 = VECTOR ( 'NONE', #10345, 1000.000000000000000 ) ;
#4059 =( GEOMETRIC_REPRESENTATION_CONTEXT ( 3 ) GLOBAL_UNCERTAINTY_ASSIGNED_CONTEXT ( ( #4031 ) ) GLOBAL_UNIT_ASSIGNED_CONTEXT ( ( #6068, #5244, #4445 ) ) REPRESENTATION_CONTEXT ( 'NONE', 'WORKASPACE' ) );
#4060 = VERTEX_POINT ( 'NONE', #6760 ) ;
#4061 =( NAMED_UNIT ( * ) PLANE_ANGLE_UNIT ( ) SI_UNIT ( $, .RADIAN. ) );
#4062 = SURFACE_STYLE_USAGE ( .BOTH. , #733 ) ;
#4063 = CLOSED_SHELL ( 'NONE', ( #8623, #707, #420, #2429 ) ) ;
#4064 = CARTESIAN_POINT ( 'NONE',  ( 1.450000000000000178, -1.500000000000000444, -2.000000000000000000 ) ) ;
#4065 = AXIS2_PLACEMENT_3D ( 'NONE', #2856, #6188, #9480 ) ;
#4066 = DIRECTION ( 'NONE',  ( -1.000000000000000000, 0.0000000000000000000, -0.0000000000000000000 ) ) ;
#4067 = COLOUR_RGB ( '',0.9882352941176471006, 0.7372549019607843590, 0.5176470588235293491 ) ;
#4068 = PRESENTATION_STYLE_ASSIGNMENT (( #737 ) ) ;
#4069 = CARTESIAN_POINT ( 'NONE',  ( -0.2533284711684884449, 0.07984476921752325929, -0.9999999999999991118 ) ) ;
#4070 = STYLED_ITEM ( 'NONE', ( #3112 ), #7829 ) ;
#4071 = VECTOR ( 'NONE', #2916, 1000.000000000000000 ) ;
#4072 = EDGE_CURVE ( 'NONE', #98, #4742, #10031, .T. ) ;
#4073 = CARTESIAN_POINT ( 'NONE',  ( 0.1460284743902831583, 0.1948520724132572768, -0.9999999999999995559 ) ) ;
#4074 = DIRECTION ( 'NONE',  ( -1.000000000000000000, 0.0000000000000000000, 0.0000000000000000000 ) ) ;
#4075 = LINE ( 'NONE', #7390, #2031 ) ;
#4076 = ADVANCED_FACE ( 'NONE', ( #9231 ), #1818, .T. ) ;
#4077 = CARTESIAN_POINT ( 'NONE',  ( 0.09732906781930257545, 0.02905551498254395001, -1.000000000000000222 ) ) ;
#4078 = STYLED_ITEM ( 'NONE', ( #7481 ), #444 ) ;
#4079 = ORIENTED_EDGE ( 'NONE', *, *, #2412, .T. ) ;
#4080 = VECTOR ( 'NONE', #4845, 1000.000000000000000 ) ;
#4081 = VECTOR ( 'NONE', #4527, 1000.000000000000000 ) ;
#4082 = AXIS2_PLACEMENT_3D ( 'NONE', #1170, #4498, #7794 ) ;
#4083 = VECTOR ( 'NONE', #1535, 1000.000000000000000 ) ;
#4084 =( LENGTH_UNIT ( ) NAMED_UNIT ( * ) SI_UNIT ( .MILLI., .METRE. ) );
#4085 = AXIS2_PLACEMENT_3D ( 'NONE', #7425, #10695, #3297 ) ;
#4086 = DIRECTION ( 'NONE',  ( -0.0000000000000000000, -0.0000000000000000000, -1.000000000000000000 ) ) ;
#4087 = DIRECTION ( 'NONE',  ( -1.000000000000000000, 1.239088197126291063E-16, 0.0000000000000000000 ) ) ;
#4088 = ORIENTED_EDGE ( 'NONE', *, *, #3250, .F. ) ;
#4089 = EDGE_CURVE ( 'NONE', #507, #1065, #4616, .T. ) ;
#4090 =( GEOMETRIC_REPRESENTATION_CONTEXT ( 3 ) GLOBAL_UNCERTAINTY_ASSIGNED_CONTEXT ( ( #6631 ) ) GLOBAL_UNIT_ASSIGNED_CONTEXT ( ( #1998, #1193, #371 ) ) REPRESENTATION_CONTEXT ( 'NONE', 'WORKASPACE' ) );
#4091 =( NAMED_UNIT ( * ) PLANE_ANGLE_UNIT ( ) SI_UNIT ( $, .RADIAN. ) );
#4092 = ORIENTED_EDGE ( 'NONE', *, *, #9109, .T. ) ;
#4093 =( NAMED_UNIT ( * ) PLANE_ANGLE_UNIT ( ) SI_UNIT ( $, .RADIAN. ) );
#4094 = ORIENTED_EDGE ( 'NONE', *, *, #3019, .T. ) ;
#4095 = PRESENTATION_STYLE_ASSIGNMENT (( #769 ) ) ;
#4096 = MECHANICAL_DESIGN_GEOMETRIC_PRESENTATION_REPRESENTATION (  '', ( #2695 ), #6865 ) ;
#4097 =( LENGTH_UNIT ( ) NAMED_UNIT ( * ) SI_UNIT ( .MILLI., .METRE. ) );
#4098 = ORIENTED_EDGE ( 'NONE', *, *, #8279, .F. ) ;
#4099 =( GEOMETRIC_REPRESENTATION_CONTEXT ( 3 ) GLOBAL_UNCERTAINTY_ASSIGNED_CONTEXT ( ( #3624 ) ) GLOBAL_UNIT_ASSIGNED_CONTEXT ( ( #8865, #8060, #7253 ) ) REPRESENTATION_CONTEXT ( 'NONE', 'WORKASPACE' ) );
#4100 = DIRECTION ( 'NONE',  ( -1.000000000000000000, -0.0000000000000000000, -0.0000000000000000000 ) ) ;
#4101 = EDGE_CURVE ( 'NONE', #9752, #3522, #9344, .T. ) ;
#4102 = CIRCLE ( 'NONE', #10121, 0.8500000000000003109 ) ;
#4103 = TOROIDAL_SURFACE ( 'NONE', #10122, 0.7000000000000002887, 0.1499999999999999667 ) ;
#4104 = VECTOR ( 'NONE', #9388, 1000.000000000000000 ) ;
#4105 = ORIENTED_EDGE ( 'NONE', *, *, #6544, .T. ) ;
#4106 = VERTEX_POINT ( 'NONE', #8548 ) ;
#4107 = SURFACE_STYLE_USAGE ( .BOTH. , #785 ) ;
#4108 = EDGE_CURVE ( 'NONE', #2391, #8963, #1115, .T. ) ;
#4109 = B_SPLINE_CURVE_WITH_KNOTS ( 'NONE', 2,
 ( #6647, #9933, #2529 ),
 .UNSPECIFIED., .F., .F.,
 ( 3, 3 ),
 ( 0.0000000000000000000, 1.000000000000000000 ),
 .UNSPECIFIED. ) ;
#4110 = CARTESIAN_POINT ( 'NONE',  ( 0.2917507547106939492, 0.2314008446632696836, -0.9899999999999999911 ) ) ;
#4111 = DIRECTION ( 'NONE',  ( 1.275531967630004999E-16, -1.000000000000000000, 0.0000000000000000000 ) ) ;
#4112 = PRESENTATION_LAYER_ASSIGNMENT (  '', '', ( #10127 ) ) ;
#4113 =( LENGTH_UNIT ( ) NAMED_UNIT ( * ) SI_UNIT ( .MILLI., .METRE. ) );
#4114 = AXIS2_PLACEMENT_3D ( 'NONE', #2984, #6321, #9607 ) ;
#4115 =( GEOMETRIC_REPRESENTATION_CONTEXT ( 3 ) GLOBAL_UNCERTAINTY_ASSIGNED_CONTEXT ( ( #3717 ) ) GLOBAL_UNIT_ASSIGNED_CONTEXT ( ( #10524, #9711, #8915 ) ) REPRESENTATION_CONTEXT ( 'NONE', 'WORKASPACE' ) );
#4116 =( LENGTH_UNIT ( ) NAMED_UNIT ( * ) SI_UNIT ( .MILLI., .METRE. ) );
#4117 = FACE_OUTER_BOUND ( 'NONE', #5418, .T. ) ;
#4118 = DIRECTION ( 'NONE',  ( -1.000000000000000000, 1.204669080539449344E-16, 0.0000000000000000000 ) ) ;
#4119 = CARTESIAN_POINT ( 'NONE',  ( 3.500000000000000444, 2.999999999999999556, -0.09999999999999999167 ) ) ;
#4120 = FACE_OUTER_BOUND ( 'NONE', #9363, .T. ) ;
#4121 =( NAMED_UNIT ( * ) PLANE_ANGLE_UNIT ( ) SI_UNIT ( $, .RADIAN. ) );
#4122 = AXIS2_PLACEMENT_3D ( 'NONE', #504, #3827, #7136 ) ;
#4123 = MECHANICAL_DESIGN_GEOMETRIC_PRESENTATION_REPRESENTATION (  '', ( #2721 ), #6896 ) ;
#4124 = EDGE_CURVE ( 'NONE', #8480, #759, #296, .T. ) ;
#4125 = ORIENTED_EDGE ( 'NONE', *, *, #3166, .F. ) ;
#4126 = CARTESIAN_POINT ( 'NONE',  ( -0.2943678630517445050, 0.1119274897903309585, -0.9999999999999993339 ) ) ;
#4127 = SURFACE_SIDE_STYLE ('',( #802 ) ) ;
#4128 = ORIENTED_EDGE ( 'NONE', *, *, #2379, .T. ) ;
#4129 = PRESENTATION_LAYER_ASSIGNMENT (  '', '', ( #8804 ) ) ;
#4130 = CARTESIAN_POINT ( 'NONE',  ( -0.2691558318413242445, 0.1302679339234467104, -0.9899999999999999911 ) ) ;
#4131 = COLOUR_RGB ( '',0.2509803921568627416, 0.2509803921568627416, 0.2509803921568627416 ) ;
#4132 = COLOUR_RGB ( '',0.7529411764705882248, 0.7529411764705882248, 0.7529411764705882248 ) ;
#4133 = CARTESIAN_POINT ( 'NONE',  ( -1.650000000000000355, -3.000000000000000444, -0.5000000000000000000 ) ) ;
#4134 = CARTESIAN_POINT ( 'NONE',  ( 0.07264504724056942975, 0.2087458745867040444, -0.9999999999999995559 ) ) ;
#4135 = SURFACE_STYLE_FILL_AREA ( #811 ) ;
#4136 = CARTESIAN_POINT ( 'NONE',  ( -0.01556631846003775181, 0.1435959666144891733, -0.9899999999999999911 ) ) ;
#4137 = EDGE_LOOP ( 'NONE', ( #3509, #10371, #761, #6296, #1678, #7661, #3363, #7622, #8432, #1639, #10408, #7955 ) ) ;
#4138 = FILL_AREA_STYLE ('',( #816 ) ) ;
#4139 = FACE_OUTER_BOUND ( 'NONE', #7496, .T. ) ;
#4140 = CARTESIAN_POINT ( 'NONE',  ( -0.04999999999999969746, 1.500000000000000444, -2.000000000000000000 ) ) ;
#4141 = PLANE ( 'NONE',  #9005 ) ;
#4142 = EDGE_LOOP ( 'NONE', ( #7663, #9277, #7882, #562 ) ) ;
#4143 = CARTESIAN_POINT ( 'NONE',  ( 0.06835231242753610215, 0.03384840532427133702, -0.9900000000000002132 ) ) ;
#4144 = DIRECTION ( 'NONE',  ( 1.971276677246371026E-16, -1.000000000000000000, 0.0000000000000000000 ) ) ;
#4145 = ORIENTED_EDGE ( 'NONE', *, *, #10012, .T. ) ;
#4146 = UNCERTAINTY_MEASURE_WITH_UNIT (LENGTH_MEASURE( 1.000000000000000082E-05 ), #5172, 'distance_accuracy_value', 'NONE');
#4147 = LINE ( 'NONE', #7456, #9091 ) ;
#4148 = ORIENTED_EDGE ( 'NONE', *, *, #8486, .T. ) ;
#4149 = FACE_OUTER_BOUND ( 'NONE', #7274, .T. ) ;
#4150 = EDGE_CURVE ( 'NONE', #6589, #7725, #10192, .T. ) ;
#4151 = DIRECTION ( 'NONE',  ( -1.239088197126291063E-16, 1.000000000000000000, 0.0000000000000000000 ) ) ;
#4152 = UNCERTAINTY_MEASURE_WITH_UNIT (LENGTH_MEASURE( 1.000000000000000082E-05 ), #72, 'distance_accuracy_value', 'NONE');
#4153 = SURFACE_STYLE_FILL_AREA ( #834 ) ;
#4154 = VERTEX_POINT ( 'NONE', #9391 ) ;
#4155 = CARTESIAN_POINT ( 'NONE',  ( 0.5500000000000003775, 1.500000000000000444, -2.000000000000000000 ) ) ;
#4156 = DIRECTION ( 'NONE',  ( 0.0000000000000000000, -1.000000000000000000, 0.0000000000000000000 ) ) ;
#4157 = CARTESIAN_POINT ( 'NONE',  ( -3.500000000000000000, -0.7500000000000002220, -3.500000000000000000 ) ) ;
#4158 = ORIENTED_EDGE ( 'NONE', *, *, #4179, .T. ) ;
#4159 = ORIENTED_EDGE ( 'NONE', *, *, #10225, .T. ) ;
#4160 = SURFACE_SIDE_STYLE ('',( #843 ) ) ;
#4161 = EDGE_CURVE ( 'NONE', #1589, #4060, #1965, .T. ) ;
#4162 = LINE ( 'NONE', #1764, #9905 ) ;
#4163 = DIRECTION ( 'NONE',  ( 0.0000000000000000000, 0.0000000000000000000, 1.000000000000000000 ) ) ;
#4164 = DIRECTION ( 'NONE',  ( -1.239088197126291063E-16, -1.000000000000000000, 0.0000000000000000000 ) ) ;
#4165 =( NAMED_UNIT ( * ) PLANE_ANGLE_UNIT ( ) SI_UNIT ( $, .RADIAN. ) );
#4166 = EDGE_CURVE ( 'NONE', #8632, #5029, #8760, .T. ) ;
#4167 = CARTESIAN_POINT ( 'NONE',  ( -0.1914047330941841540, 0.2094496251510745422, -1.000000000000000000 ) ) ;
#4168 =( NAMED_UNIT ( * ) PLANE_ANGLE_UNIT ( ) SI_UNIT ( $, .RADIAN. ) );
#4169 = LINE ( 'NONE', #7479, #5004 ) ;
#4170 = DIRECTION ( 'NONE',  ( -1.000000000000000000, -1.239088197126291063E-16, 0.0000000000000000000 ) ) ;
#4171 = SURFACE_STYLE_USAGE ( .BOTH. , #853 ) ;
#4172 = ORIENTED_EDGE ( 'NONE', *, *, #3341, .F. ) ;
#4173 = CARTESIAN_POINT ( 'NONE',  ( -0.2586387919931140700, 0.05276234645670267037, -0.9899999999999999911 ) ) ;
#4174 = DIRECTION ( 'NONE',  ( -1.971276677246370286E-16, -1.000000000000000000, 0.0000000000000000000 ) ) ;
#4175 = VECTOR ( 'NONE', #7170, 1000.000000000000000 ) ;
#4176 = ORIENTED_EDGE ( 'NONE', *, *, #8680, .F. ) ;
#4177 = LINE ( 'NONE', #5241, #622 ) ;
#4178 = LINE ( 'NONE', #7491, #6439 ) ;
#4179 = EDGE_CURVE ( 'NONE', #3933, #9939, #345, .T. ) ;
#4180 = DIRECTION ( 'NONE',  ( -1.517445394471977106E-32, -1.224646799147353207E-16, 1.000000000000000000 ) ) ;
#4181 = PRESENTATION_STYLE_ASSIGNMENT (( #861 ) ) ;
#4182 = PRESENTATION_STYLE_ASSIGNMENT (( #863 ) ) ;
#4183 = ORIENTED_EDGE ( 'NONE', *, *, #8521, .T. ) ;
#4184 =( NAMED_UNIT ( * ) SI_UNIT ( $, .STERADIAN. ) SOLID_ANGLE_UNIT ( ) );
#4185 =( NAMED_UNIT ( * ) PLANE_ANGLE_UNIT ( ) SI_UNIT ( $, .RADIAN. ) );
#4186 = PRESENTATION_STYLE_ASSIGNMENT (( #867 ) ) ;
#4187 = CARTESIAN_POINT ( 'NONE',  ( 0.1974552275932500156, 0.1502697430207147189, -0.9900000000000006573 ) ) ;
#4188 = SURFACE_STYLE_USAGE ( .BOTH. , #869 ) ;
#4189 = VERTEX_POINT ( 'NONE', #10242 ) ;
#4190 = PRESENTATION_LAYER_ASSIGNMENT (  '', '', ( #8864 ) ) ;
#4191 = FILL_AREA_STYLE_COLOUR ( '', #1633 ) ;
#4192 = DIRECTION ( 'NONE',  ( 0.0000000000000000000, 0.0000000000000000000, 1.000000000000000000 ) ) ;
#4193 = B_SPLINE_SURFACE_WITH_KNOTS ( 'NONE', 2, 1, ( 
 ( #7123, #5550 ),
 ( #8847, #1411 ),
 ( #4733, #8035 ) ),
 .UNSPECIFIED., .F., .F., .F.,
 ( 3, 3 ),
 ( 2, 2 ),
 ( 0.0000000000000000000, 1.000000000000000000 ),
 ( 0.0000000000000000000, 1.000000000000000000 ),
 .UNSPECIFIED. ) ;
#4194 = CARTESIAN_POINT ( 'NONE',  ( 0.2500000000000004441, -1.500000000000000444, -2.000000000000000000 ) ) ;
#4195 = CARTESIAN_POINT ( 'NONE',  ( 3.500000000000000444, 2.999999999999999556, -3.500000000000000000 ) ) ;
#4196 = CARTESIAN_POINT ( 'NONE',  ( -1.249999999999999556, 0.9500000000000000666, -2.000000000000000000 ) ) ;
#4197 = SURFACE_STYLE_FILL_AREA ( #882 ) ;
#4198 = ORIENTED_EDGE ( 'NONE', *, *, #791, .F. ) ;
#4199 = CARTESIAN_POINT ( 'NONE',  ( 0.1155791591247297828, 0.02919067752311752667, -0.9999999999999997780 ) ) ;
#4200 = CARTESIAN_POINT ( 'NONE',  ( -3.815815714343071985, 1.499999999999999334, -3.500000000000000000 ) ) ;
#4201 = MECHANICAL_DESIGN_GEOMETRIC_PRESENTATION_REPRESENTATION (  '', ( #7846 ), #9721 ) ;
#4202 = SURFACE_STYLE_USAGE ( .BOTH. , #887 ) ;
#4203 = EDGE_CURVE ( 'NONE', #8075, #8179, #2542, .T. ) ;
#4204 = PRESENTATION_STYLE_ASSIGNMENT (( #889 ) ) ;
#4205 = EDGE_LOOP ( 'NONE', ( #3268, #7644, #9981, #8328 ) ) ;
#4206 = ORIENTED_EDGE ( 'NONE', *, *, #2188, .T. ) ;
#4207 = CARTESIAN_POINT ( 'NONE',  ( -0.3106882696795499887, 0.03140084466326965168, -1.000000000000000000 ) ) ;
#4208 = CARTESIAN_POINT ( 'NONE',  ( -0.2690319045723272295, 0.1423631949932201712, -0.9900000000000004352 ) ) ;
#4209 = DIRECTION ( 'NONE',  ( -1.239088197126291063E-16, 1.000000000000000000, 0.0000000000000000000 ) ) ;
#4210 = SURFACE_STYLE_FILL_AREA ( #899 ) ;
#4211 = DIRECTION ( 'NONE',  ( -1.000000000000000000, -1.239088197126291063E-16, 0.0000000000000000000 ) ) ;
#4212 = FILL_AREA_STYLE_COLOUR ( '', #7688 ) ;
#4213 = EDGE_CURVE ( 'NONE', #9939, #1801, #4543, .T. ) ;
#4214 =( LENGTH_UNIT ( ) NAMED_UNIT ( * ) SI_UNIT ( .MILLI., .METRE. ) );
#4215 = COLOUR_RGB ( '',0.7921568627450980005, 0.8196078431372548767, 0.9333333333333333481 ) ;
#4216 =( LENGTH_UNIT ( ) NAMED_UNIT ( * ) SI_UNIT ( .MILLI., .METRE. ) );
#4217 = EDGE_LOOP ( 'NONE', ( #5590, #6727, #5283, #2599 ) ) ;
#4218 = CARTESIAN_POINT ( 'NONE',  ( -0.2007921016242630308, 0.03160585132413151060, -0.9999999999999997780 ) ) ;
#4219 = DIRECTION ( 'NONE',  ( -1.084202172485504434E-16, -1.000000000000000000, 0.0000000000000000000 ) ) ;
#4220 = CARTESIAN_POINT ( 'NONE',  ( -0.3956349160210134719, 0.1929862105169281861, -0.9899999999999999911 ) ) ;
#4221 = SURFACE_STYLE_USAGE ( .BOTH. , #908 ) ;
#4222 = PRESENTATION_LAYER_ASSIGNMENT (  '', '', ( #10599 ) ) ;
#4223 = TOROIDAL_SURFACE ( 'NONE', #10246, 0.7000000000000002887, 0.1499999999999999667 ) ;
#4224 = ORIENTED_EDGE ( 'NONE', *, *, #8155, .T. ) ;
#4225 =( LENGTH_UNIT ( ) NAMED_UNIT ( * ) SI_UNIT ( .MILLI., .METRE. ) );
#4226 = DIRECTION ( 'NONE',  ( -0.0000000000000000000, -0.0000000000000000000, -1.000000000000000000 ) ) ;
#4227 = CARTESIAN_POINT ( 'NONE',  ( 0.05028734007654758753, 0.04176669832180623931, -1.000000000000000000 ) ) ;
#4228 = CARTESIAN_POINT ( 'NONE',  ( 0.07264504724056942975, 0.2087458745867040444, -0.9999999999999995559 ) ) ;
#4229 =( GEOMETRIC_REPRESENTATION_CONTEXT ( 3 ) GLOBAL_UNCERTAINTY_ASSIGNED_CONTEXT ( ( #5420 ) ) GLOBAL_UNIT_ASSIGNED_CONTEXT ( ( #6790, #5985, #5174 ) ) REPRESENTATION_CONTEXT ( 'NONE', 'WORKASPACE' ) );
#4230 = CARTESIAN_POINT ( 'NONE',  ( 0.0000000000000000000, 2.899999999999999911, -0.1000000000000000056 ) ) ;
#4231 = MECHANICAL_DESIGN_GEOMETRIC_PRESENTATION_REPRESENTATION (  '', ( #2828 ), #7008 ) ;
#4232 = EDGE_LOOP ( 'NONE', ( #884, #7512, #4933, #6075 ) ) ;
#4233 = DIRECTION ( 'NONE',  ( 0.0000000000000000000, 0.0000000000000000000, -1.000000000000000000 ) ) ;
#4234 = EDGE_CURVE ( 'NONE', #4154, #2274, #3727, .T. ) ;
#4235 = FILL_AREA_STYLE ('',( #915 ) ) ;
#4236 =( GEOMETRIC_REPRESENTATION_CONTEXT ( 3 ) GLOBAL_UNCERTAINTY_ASSIGNED_CONTEXT ( ( #3819 ) ) GLOBAL_UNIT_ASSIGNED_CONTEXT ( ( #445, #10349, #9552 ) ) REPRESENTATION_CONTEXT ( 'NONE', 'WORKASPACE' ) );
#4237 = MECHANICAL_DESIGN_GEOMETRIC_PRESENTATION_REPRESENTATION (  '', ( #2841 ), #7014 ) ;
#4238 = CIRCLE ( 'NONE', #10263, 0.8500000000000000888 ) ;
#4239 = CARTESIAN_POINT ( 'NONE',  ( 0.1704550229052183008, 0.2047507433046989178, -1.000000000000000222 ) ) ;
#4240 = TOROIDAL_SURFACE ( 'NONE', #7358, 0.7000000000000002887, 0.1499999999999999667 ) ;
#4241 = ORIENTED_EDGE ( 'NONE', *, *, #7470, .T. ) ;
#4242 = VECTOR ( 'NONE', #1497, 1000.000000000000000 ) ;
#4243 = MECHANICAL_DESIGN_GEOMETRIC_PRESENTATION_REPRESENTATION (  '', ( #5633 ), #1467 ) ;
#4244 = CARTESIAN_POINT ( 'NONE',  ( -0.2576329443414137055, 0.08591953788914742651, -0.9900000000000006573 ) ) ;
#4245 = DIRECTION ( 'NONE',  ( -0.3635424856527063042, -0.9315776194850602376, 0.0000000000000000000 ) ) ;
#4246 = CIRCLE ( 'NONE', #10274, 0.1499999999999999667 ) ;
#4247 =( GEOMETRIC_REPRESENTATION_CONTEXT ( 3 ) GLOBAL_UNCERTAINTY_ASSIGNED_CONTEXT ( ( #5125 ) ) GLOBAL_UNIT_ASSIGNED_CONTEXT ( ( #7423, #6601, #5786 ) ) REPRESENTATION_CONTEXT ( 'NONE', 'WORKASPACE' ) );
#4248 = TOROIDAL_SURFACE ( 'NONE', #10275, 0.7000000000000002887, 0.1499999999999999667 ) ;
#4249 = UNCERTAINTY_MEASURE_WITH_UNIT (LENGTH_MEASURE( 1.000000000000000082E-05 ), #10120, 'distance_accuracy_value', 'NONE');
#4250 = CARTESIAN_POINT ( 'NONE',  ( -3.499999999999999112, -3.000000000000000888, -0.04142135623730951177 ) ) ;
#4251 = ADVANCED_FACE ( 'NONE', ( #2905 ), #1647, .T. ) ;
#4252 = LINE ( 'NONE', #5984, #7027 ) ;
#4253 = AXIS2_PLACEMENT_3D ( 'NONE', #10084, #2686, #6014 ) ;
#4254 = CARTESIAN_POINT ( 'NONE',  ( -0.3657949769966231668, 0.1094496251510745366, -1.000000000000000000 ) ) ;
#4255 = PRESENTATION_LAYER_ASSIGNMENT (  '', '', ( #8925 ) ) ;
#4256 = MECHANICAL_DESIGN_GEOMETRIC_PRESENTATION_REPRESENTATION (  '', ( #2864 ), #7039 ) ;
#4257 = AXIS2_PLACEMENT_3D ( 'NONE', #3431, #6735, #10005 ) ;
#4258 = ORIENTED_EDGE ( 'NONE', *, *, #1750, .T. ) ;
#4259 = CARTESIAN_POINT ( 'NONE',  ( 0.1976151658377524045, 0.1065642319617417372, -0.9999999999999997780 ) ) ;
#4260 =( LENGTH_UNIT ( ) NAMED_UNIT ( * ) SI_UNIT ( .MILLI., .METRE. ) );
#4261 = TOROIDAL_SURFACE ( 'NONE', #8934, 0.7000000000000002887, 0.1499999999999999667 ) ;
#4262 = EDGE_LOOP ( 'NONE', ( #9806, #9924, #3323, #10564 ) ) ;
#4263 = ORIENTED_EDGE ( 'NONE', *, *, #4150, .T. ) ;
#4264 = DIRECTION ( 'NONE',  ( -0.0000000000000000000, 0.0000000000000000000, 1.000000000000000000 ) ) ;
#4265 = PRESENTATION_LAYER_ASSIGNMENT (  '', '', ( #8936 ) ) ;
#4266 =( GEOMETRIC_REPRESENTATION_CONTEXT ( 3 ) GLOBAL_UNCERTAINTY_ASSIGNED_CONTEXT ( ( #3618 ) ) GLOBAL_UNIT_ASSIGNED_CONTEXT ( ( #2693, #1882, #1063 ) ) REPRESENTATION_CONTEXT ( 'NONE', 'WORKASPACE' ) );
#4267 = CARTESIAN_POINT ( 'NONE',  ( -0.2572912302160101361, 0.1796899146309494100, -1.000000000000000000 ) ) ;
#4268 = FILL_AREA_STYLE_COLOUR ( '', #978 ) ;
#4269 = FILL_AREA_STYLE ('',( #949 ) ) ;
#4270 = CARTESIAN_POINT ( 'NONE',  ( -0.2079418916033849429, 0.2083858240298902542, -0.9899999999999999911 ) ) ;
#4271 = CARTESIAN_POINT ( 'NONE',  ( -0.2326630711452837563, 0.2249341417741730353, -1.000000000000000000 ) ) ;
#4272 = FILL_AREA_STYLE_COLOUR ( '', #9920 ) ;
#4273 =( GEOMETRIC_REPRESENTATION_CONTEXT ( 3 ) GLOBAL_UNCERTAINTY_ASSIGNED_CONTEXT ( ( #9329 ) ) GLOBAL_UNIT_ASSIGNED_CONTEXT ( ( #10205, #9406, #8630 ) ) REPRESENTATION_CONTEXT ( 'NONE', 'WORKASPACE' ) );
#4274 =( GEOMETRIC_REPRESENTATION_CONTEXT ( 3 ) GLOBAL_UNCERTAINTY_ASSIGNED_CONTEXT ( ( #338 ) ) GLOBAL_UNIT_ASSIGNED_CONTEXT ( ( #9928, #9141, #8345 ) ) REPRESENTATION_CONTEXT ( 'NONE', 'WORKASPACE' ) );
#4275 = FACE_OUTER_BOUND ( 'NONE', #3132, .T. ) ;
#4276 = FACE_OUTER_BOUND ( 'NONE', #7815, .T. ) ;
#4277 = VECTOR ( 'NONE', #9984, 1000.000000000000000 ) ;
#4278 = ORIENTED_EDGE ( 'NONE', *, *, #4382, .T. ) ;
#4279 =( NAMED_UNIT ( * ) PLANE_ANGLE_UNIT ( ) SI_UNIT ( $, .RADIAN. ) );
#4280 = COLOUR_RGB ( '',0.9882352941176471006, 0.7372549019607843590, 0.5176470588235293491 ) ;
#4281 = VECTOR ( 'NONE', #9516, 1000.000000000000000 ) ;
#4282 = EDGE_CURVE ( 'NONE', #3639, #2607, #8522, .T. ) ;
#4283 = ORIENTED_EDGE ( 'NONE', *, *, #4072, .T. ) ;
#4284 = LINE ( 'NONE', #7592, #8691 ) ;
#4285 = CARTESIAN_POINT ( 'NONE',  ( 0.08957001403307281173, 0.02969011158482646670, -0.9899999999999997691 ) ) ;
#4286 = EDGE_LOOP ( 'NONE', ( #5504, #6444, #10512, #7095 ) ) ;
#4287 =( GEOMETRIC_REPRESENTATION_CONTEXT ( 3 ) GLOBAL_UNCERTAINTY_ASSIGNED_CONTEXT ( ( #4705 ) ) GLOBAL_UNIT_ASSIGNED_CONTEXT ( ( #5178, #4362, #3546 ) ) REPRESENTATION_CONTEXT ( 'NONE', 'WORKASPACE' ) );
#4288 = DIRECTION ( 'NONE',  ( 1.445602896647339410E-16, 1.000000000000000000, -0.0000000000000000000 ) ) ;
#4289 = PRESENTATION_LAYER_ASSIGNMENT (  '', '', ( #8957 ) ) ;
#4290 =( GEOMETRIC_REPRESENTATION_CONTEXT ( 3 ) GLOBAL_UNCERTAINTY_ASSIGNED_CONTEXT ( ( #2071 ) ) GLOBAL_UNIT_ASSIGNED_CONTEXT ( ( #5989, #5176, #4360 ) ) REPRESENTATION_CONTEXT ( 'NONE', 'WORKASPACE' ) );
#4291 = SURFACE_STYLE_USAGE ( .BOTH. , #974 ) ;
#4292 = EDGE_LOOP ( 'NONE', ( #340, #7680, #10418, #1632 ) ) ;
#4293 = CARTESIAN_POINT ( 'NONE',  ( 0.09712423032045001958, 0.2118886495413184468, -0.9899999999999999911 ) ) ;
#4294 = DIRECTION ( 'NONE',  ( -1.517445394471977106E-32, -1.224646799147353207E-16, 1.000000000000000000 ) ) ;
#4295 =( NAMED_UNIT ( * ) SI_UNIT ( $, .STERADIAN. ) SOLID_ANGLE_UNIT ( ) );
#4296 = EDGE_CURVE ( 'NONE', #7928, #1908, #3031, .T. ) ;
#4297 = VECTOR ( 'NONE', #4288, 1000.000000000000000 ) ;
#4298 = AXIS2_PLACEMENT_3D ( 'NONE', #8487, #1037, #4347 ) ;
#4299 = CARTESIAN_POINT ( 'NONE',  ( 0.1080514266759573239, 0.2335909487751493818, -0.9900000000000002132 ) ) ;
#4300 = CARTESIAN_POINT ( 'NONE',  ( -0.2304079144501935683, 0.06145318739358690552, -0.9999999999999993339 ) ) ;
#4301 = ORIENTED_EDGE ( 'NONE', *, *, #10061, .T. ) ;
#4302 = FACE_OUTER_BOUND ( 'NONE', #3745, .T. ) ;
#4303 = FILL_AREA_STYLE_COLOUR ( '', #2895 ) ;
#4304 = EDGE_CURVE ( 'NONE', #3949, #3518, #4431, .T. ) ;
#4305 =( GEOMETRIC_REPRESENTATION_CONTEXT ( 3 ) GLOBAL_UNCERTAINTY_ASSIGNED_CONTEXT ( ( #2280 ) ) GLOBAL_UNIT_ASSIGNED_CONTEXT ( ( #2392, #1569, #746 ) ) REPRESENTATION_CONTEXT ( 'NONE', 'WORKASPACE' ) );
#4306 = CARTESIAN_POINT ( 'NONE',  ( 0.1155791591247297828, 0.02919067752311752667, -0.9999999999999997780 ) ) ;
#4307 = FACE_OUTER_BOUND ( 'NONE', #9541, .T. ) ;
#4308 = SURFACE_STYLE_USAGE ( .BOTH. , #997 ) ;
#4309 = DIRECTION ( 'NONE',  ( 0.0000000000000000000, 1.000000000000000000, 0.0000000000000000000 ) ) ;
#4310 = FILL_AREA_STYLE ('',( #999 ) ) ;
#4311 = ORIENTED_EDGE ( 'NONE', *, *, #6648, .T. ) ;
#4312 = FACE_OUTER_BOUND ( 'NONE', #5876, .T. ) ;
#4313 = DIRECTION ( 'NONE',  ( -1.239088197126291063E-16, -1.000000000000000000, 0.0000000000000000000 ) ) ;
#4314 = SURFACE_STYLE_USAGE ( .BOTH. , #1006 ) ;
#4315 = FILL_AREA_STYLE ('',( #1008 ) ) ;
#4316 = ORIENTED_EDGE ( 'NONE', *, *, #6241, .F. ) ;
#4317 = ORIENTED_EDGE ( 'NONE', *, *, #822, .F. ) ;
#4318 = MANIFOLD_SOLID_BREP ( '圆角4', #4600 ) ;
#4319 = CARTESIAN_POINT ( 'NONE',  ( -3.550000000000000266, 0.7499999999999995559, -3.000000000000000000 ) ) ;
#4320 =( NAMED_UNIT ( * ) SI_UNIT ( $, .STERADIAN. ) SOLID_ANGLE_UNIT ( ) );
#4321 = SURFACE_SIDE_STYLE ('',( #1014 ) ) ;
#4322 = CARTESIAN_POINT ( 'NONE',  ( -0.2960541233380866166, 0.1339160885657086908, -1.000000000000000000 ) ) ;
#4323 = DIRECTION ( 'NONE',  ( 0.0000000000000000000, -0.0000000000000000000, 1.000000000000000000 ) ) ;
#4324 = PLANE ( 'NONE',  #5647 ) ;
#4325 = FACE_OUTER_BOUND ( 'NONE', #3865, .T. ) ;
#4326 =( NAMED_UNIT ( * ) PLANE_ANGLE_UNIT ( ) SI_UNIT ( $, .RADIAN. ) );
#4327 =( NAMED_UNIT ( * ) PLANE_ANGLE_UNIT ( ) SI_UNIT ( $, .RADIAN. ) );
#4328 = DIRECTION ( 'NONE',  ( 0.0000000000000000000, 1.000000000000000000, 0.0000000000000000000 ) ) ;
#4329 = EDGE_LOOP ( 'NONE', ( #4425, #5214, #496, #618 ) ) ;
#4330 = CARTESIAN_POINT ( 'NONE',  ( -0.6499999999999995781, -1.500000000000000444, -2.000000000000000000 ) ) ;
#4331 = SURFACE_STYLE_FILL_AREA ( #1022 ) ;
#4332 = DIRECTION ( 'NONE',  ( -1.000000000000000000, 0.0000000000000000000, 0.0000000000000000000 ) ) ;
#4333 = SURFACE_STYLE_USAGE ( .BOTH. , #1025 ) ;
#4334 = MANIFOLD_SOLID_BREP ( '阵列(线性)3[9]', #3186 ) ;
#4335 = ORIENTED_EDGE ( 'NONE', *, *, #893, .T. ) ;
#4336 = CARTESIAN_POINT ( 'NONE',  ( -0.2663390988204573095, 0.2050542671435358622, -0.9899999999999999911 ) ) ;
#4337 = CARTESIAN_POINT ( 'NONE',  ( 0.1711421631714115932, 0.1122959476393398937, -0.9899999999999997691 ) ) ;
#4338 = CARTESIAN_POINT ( 'NONE',  ( 3.549999999999998934, -2.250000000000001332, -3.000000000000000000 ) ) ;
#4339 = EDGE_LOOP ( 'NONE', ( #2691, #9573, #3277, #8790 ) ) ;
#4340 = FILL_AREA_STYLE ('',( #1031 ) ) ;
#4341 = VERTEX_POINT ( 'NONE', #2924 ) ;
#4342 = PRESENTATION_STYLE_ASSIGNMENT (( #1033 ) ) ;
#4343 = EDGE_CURVE ( 'NONE', #1786, #448, #6171, .T. ) ;
#4344 = FILL_AREA_STYLE_COLOUR ( '', #2341 ) ;
#4345 = AXIS2_PLACEMENT_3D ( 'NONE', #1625, #4955, #8273 ) ;
#4346 =( LENGTH_UNIT ( ) NAMED_UNIT ( * ) SI_UNIT ( .MILLI., .METRE. ) );
#4347 = DIRECTION ( 'NONE',  ( 1.000000000000000000, -1.204669080539449590E-16, 0.0000000000000000000 ) ) ;
#4348 = CARTESIAN_POINT ( 'NONE',  ( -0.1914047330941841540, 0.2094496251510745422, -0.9899999999999999911 ) ) ;
#4349 = ORIENTED_EDGE ( 'NONE', *, *, #2806, .F. ) ;
#4350 =( NAMED_UNIT ( * ) PLANE_ANGLE_UNIT ( ) SI_UNIT ( $, .RADIAN. ) );
#4351 = MECHANICAL_DESIGN_GEOMETRIC_PRESENTATION_REPRESENTATION (  '', ( #7806 ), #10557 ) ;
#4352 = MANIFOLD_SOLID_BREP ( '镜向1[11]', #2147 ) ;
#4353 = DIRECTION ( 'NONE',  ( -1.000000000000000000, 0.0000000000000000000, 0.0000000000000000000 ) ) ;
#4354 = EDGE_CURVE ( 'NONE', #8019, #3098, #2340, .T. ) ;
#4355 = UNCERTAINTY_MEASURE_WITH_UNIT (LENGTH_MEASURE( 1.000000000000000082E-05 ), #5649, 'distance_accuracy_value', 'NONE');
#4356 =( NAMED_UNIT ( * ) PLANE_ANGLE_UNIT ( ) SI_UNIT ( $, .RADIAN. ) );
#4357 = SURFACE_SIDE_STYLE ('',( #1042 ) ) ;
#4358 = EDGE_CURVE ( 'NONE', #6770, #3326, #3853, .T. ) ;
#4359 = UNCERTAINTY_MEASURE_WITH_UNIT (LENGTH_MEASURE( 1.000000000000000082E-05 ), #9431, 'distance_accuracy_value', 'NONE');
#4360 =( NAMED_UNIT ( * ) SI_UNIT ( $, .STERADIAN. ) SOLID_ANGLE_UNIT ( ) );
#4361 = ORIENTED_EDGE ( 'NONE', *, *, #557, .T. ) ;
#4362 =( NAMED_UNIT ( * ) PLANE_ANGLE_UNIT ( ) SI_UNIT ( $, .RADIAN. ) );
#4363 = CARTESIAN_POINT ( 'NONE',  ( 0.1514293696902025421, 0.1896138649624361516, -0.9900000000000002132 ) ) ;
#4364 = FILL_AREA_STYLE ('',( #1047 ) ) ;
#4365 =( NAMED_UNIT ( * ) SI_UNIT ( $, .STERADIAN. ) SOLID_ANGLE_UNIT ( ) );
#4366 = ORIENTED_EDGE ( 'NONE', *, *, #4124, .T. ) ;
#4367 = EDGE_LOOP ( 'NONE', ( #4729, #2543, #3615, #913 ) ) ;
#4368 = CARTESIAN_POINT ( 'NONE',  ( 1.749999999999999334, -0.7500000000000008882, -3.000000000000000000 ) ) ;
#4369 = MANIFOLD_SOLID_BREP ( '圆角1', #67 ) ;
#4370 = CARTESIAN_POINT ( 'NONE',  ( 1.749999999999999778, 1.500000000000000000, -2.000000000000000000 ) ) ;
#4371 = SURFACE_SIDE_STYLE ('',( #1053 ) ) ;
#4372 = EDGE_CURVE ( 'NONE', #7693, #709, #1453, .T. ) ;
#4373 =( LENGTH_UNIT ( ) NAMED_UNIT ( * ) SI_UNIT ( .MILLI., .METRE. ) );
#4374 = DIRECTION ( 'NONE',  ( -1.000000000000000000, 0.0000000000000000000, 0.0000000000000000000 ) ) ;
#4375 = DIRECTION ( 'NONE',  ( -1.000000000000000000, -0.0000000000000000000, -0.0000000000000000000 ) ) ;
#4376 = CARTESIAN_POINT ( 'NONE',  ( 0.1129130463856885813, 0.2105941417218607503, -1.000000000000000222 ) ) ;
#4377 = FILL_AREA_STYLE ('',( #1059 ) ) ;
#4378 = CIRCLE ( 'NONE', #2279, 0.5500000000000003775 ) ;
#4379 = ORIENTED_EDGE ( 'NONE', *, *, #8071, .T. ) ;
#4380 = CARTESIAN_POINT ( 'NONE',  ( 0.1722385595887427345, 0.1292666983218062615, -0.9899999999999999911 ) ) ;
#4381 = PRESENTATION_STYLE_ASSIGNMENT (( #1064 ) ) ;
#4382 = EDGE_CURVE ( 'NONE', #10380, #9004, #10638, .T. ) ;
#4383 = MANIFOLD_SOLID_BREP ( '阵列(线性)3[6]', #7879 ) ;
#4384 = ORIENTED_EDGE ( 'NONE', *, *, #5804, .T. ) ;
#4385 = DIRECTION ( 'NONE',  ( -1.275531967630004752E-16, -1.000000000000000000, 0.0000000000000000000 ) ) ;
#4386 = CARTESIAN_POINT ( 'NONE',  ( 0.1528384522181697736, 0.07199908547219185939, -1.000000000000000000 ) ) ;
#4387 =( LENGTH_UNIT ( ) NAMED_UNIT ( * ) SI_UNIT ( .MILLI., .METRE. ) );
#4388 = EDGE_LOOP ( 'NONE', ( #10266, #2191, #5960, #4079 ) ) ;
#4389 =( NAMED_UNIT ( * ) SI_UNIT ( $, .STERADIAN. ) SOLID_ANGLE_UNIT ( ) );
#4390 = FILL_AREA_STYLE ('',( #1069 ) ) ;
#4391 = VERTEX_POINT ( 'NONE', #5705 ) ;
#4392 = COLOUR_RGB ( '',0.2509803921568627416, 0.2509803921568627416, 0.2509803921568627416 ) ;
#4393 =( GEOMETRIC_REPRESENTATION_CONTEXT ( 3 ) GLOBAL_UNCERTAINTY_ASSIGNED_CONTEXT ( ( #10308 ) ) GLOBAL_UNIT_ASSIGNED_CONTEXT ( ( #5938, #5132, #4320 ) ) REPRESENTATION_CONTEXT ( 'NONE', 'WORKASPACE' ) );
#4394 = CARTESIAN_POINT ( 'NONE',  ( 1.450000000000000178, -1.500000000000000444, -2.000000000000000000 ) ) ;
#4395 = ADVANCED_FACE ( 'NONE', ( #8989 ), #1660, .T. ) ;
#4396 = AXIS2_PLACEMENT_3D ( 'NONE', #4194, #7499, #52 ) ;
#4397 = ADVANCED_FACE ( 'NONE', ( #7275 ), #9885, .F. ) ;
#4398 = ORIENTED_EDGE ( 'NONE', *, *, #10348, .T. ) ;
#4399 = DIRECTION ( 'NONE',  ( 0.0000000000000000000, -1.000000000000000000, 0.0000000000000000000 ) ) ;
#4400 = COLOUR_RGB ( '',1.000000000000000000, 1.000000000000000000, 1.000000000000000000 ) ;
#4401 = DIRECTION ( 'NONE',  ( 0.0000000000000000000, 1.000000000000000000, 0.0000000000000000000 ) ) ;
#4402 = SURFACE_SIDE_STYLE ('',( #1078 ) ) ;
#4403 = MANIFOLD_SOLID_BREP ( '阵列(线性)3[8]', #236 ) ;
#4404 = AXIS2_PLACEMENT_3D ( 'NONE', #10210, #2800, #6126 ) ;
#4405 =( GEOMETRIC_REPRESENTATION_CONTEXT ( 3 ) GLOBAL_UNCERTAINTY_ASSIGNED_CONTEXT ( ( #9465 ) ) GLOBAL_UNIT_ASSIGNED_CONTEXT ( ( #1668, #849, #31 ) ) REPRESENTATION_CONTEXT ( 'NONE', 'WORKASPACE' ) );
#4406 =( LENGTH_UNIT ( ) NAMED_UNIT ( * ) SI_UNIT ( .MILLI., .METRE. ) );
#4407 = PRESENTATION_LAYER_ASSIGNMENT (  '', '', ( #9068 ) ) ;
#4408 = CIRCLE ( 'NONE', #10437, 0.8500000000000003109 ) ;
#4409 = CIRCLE ( 'NONE', #10438, 0.8500000000000003109 ) ;
#4410 = CIRCLE ( 'NONE', #10439, 0.8500000000000003109 ) ;
#4411 = MECHANICAL_DESIGN_GEOMETRIC_PRESENTATION_REPRESENTATION (  '', ( #8897 ), #8908 ) ;
#4412 = COLOUR_RGB ( '',0.7529411764705882248, 0.7529411764705882248, 0.7529411764705882248 ) ;
#4413 = DIRECTION ( 'NONE',  ( -1.000000000000000000, -1.239088197126291063E-16, 0.0000000000000000000 ) ) ;
#4414 = FILL_AREA_STYLE_COLOUR ( '', #7073 ) ;
#4415 = EDGE_CURVE ( 'NONE', #4447, #9194, #5950, .T. ) ;
#4416 = DIRECTION ( 'NONE',  ( -1.000000000000000000, -1.239088197126291063E-16, 0.0000000000000000000 ) ) ;
#4417 = CARTESIAN_POINT ( 'NONE',  ( -1.750000000000000222, -3.000000000000000444, -3.500000000000000000 ) ) ;
#4418 = COLOUR_RGB ( '',0.7921568627450980005, 0.8196078431372548767, 0.9333333333333333481 ) ;
#4419 = COLOUR_RGB ( '',0.9882352941176471006, 0.7372549019607843590, 0.5176470588235293491 ) ;
#4420 = AXIS2_PLACEMENT_3D ( 'NONE', #6860, #10135, #2731 ) ;
#4421 =( NAMED_UNIT ( * ) SI_UNIT ( $, .STERADIAN. ) SOLID_ANGLE_UNIT ( ) );
#4422 = ORIENTED_EDGE ( 'NONE', *, *, #4166, .T. ) ;
#4423 = DIRECTION ( 'NONE',  ( -0.0000000000000000000, -0.0000000000000000000, 1.000000000000000000 ) ) ;
#4424 = FILL_AREA_STYLE ('',( #1096 ) ) ;
#4425 = ORIENTED_EDGE ( 'NONE', *, *, #32, .F. ) ;
#4426 = VERTEX_POINT ( 'NONE', #7532 ) ;
#4427 = CIRCLE ( 'NONE', #9085, 0.1499999999999999667 ) ;
#4428 = SURFACE_STYLE_USAGE ( .BOTH. , #1099 ) ;
#4429 = MANIFOLD_SOLID_BREP ( '阵列(线性)3[7]', #9237 ) ;
#4430 = AXIS2_PLACEMENT_3D ( 'NONE', #860, #4180, #7492 ) ;
#4431 = CIRCLE ( 'NONE', #10457, 0.1499999999999999667 ) ;
#4432 = FILL_AREA_STYLE_COLOUR ( '', #2125 ) ;
#4433 = VECTOR ( 'NONE', #9910, 1000.000000000000000 ) ;
#4434 = CARTESIAN_POINT ( 'NONE',  ( 3.815815714343071097, 1.499999999999998668, -3.500000000000000000 ) ) ;
#4435 = DIRECTION ( 'NONE',  ( 0.0000000000000000000, 0.0000000000000000000, -1.000000000000000000 ) ) ;
#4436 = EDGE_CURVE ( 'NONE', #3315, #2755, #3454, .T. ) ;
#4437 = ORIENTED_EDGE ( 'NONE', *, *, #7788, .T. ) ;
#4438 = LINE ( 'NONE', #7740, #6700 ) ;
#4439 = CARTESIAN_POINT ( 'NONE',  ( 0.8500000000000004219, -2.200000000000000622, -2.000000000000000000 ) ) ;
#4440 = VECTOR ( 'NONE', #7477, 1000.000000000000000 ) ;
#4441 = STYLED_ITEM ( 'NONE', ( #7769 ), #8111 ) ;
#4442 = PRESENTATION_LAYER_ASSIGNMENT (  '', '', ( #9100 ) ) ;
#4443 = CARTESIAN_POINT ( 'NONE',  ( 0.1563510876453729492, 0.1838212442071268382, -0.9899999999999997691 ) ) ;
#4444 = ADVANCED_FACE ( 'NONE', ( #4448 ), #7750, .F. ) ;
#4445 =( NAMED_UNIT ( * ) SI_UNIT ( $, .STERADIAN. ) SOLID_ANGLE_UNIT ( ) );
#4446 = CARTESIAN_POINT ( 'NONE',  ( -0.2690319045723272295, 0.1423631949932201712, -0.9999999999999997780 ) ) ;
#4447 = VERTEX_POINT ( 'NONE', #5365 ) ;
#4448 = FACE_OUTER_BOUND ( 'NONE', #10352, .T. ) ;
#4449 = STYLED_ITEM ( 'NONE', ( #8950 ), #2429 ) ;
#4450 = PLANE ( 'NONE',  #4065 ) ;
#4451 = SURFACE_SIDE_STYLE ('',( #1124 ) ) ;
#4452 =( LENGTH_UNIT ( ) NAMED_UNIT ( * ) SI_UNIT ( .MILLI., .METRE. ) );
#4453 = MANIFOLD_SOLID_BREP ( '切除-拉伸1[2]', #9592 ) ;
#4454 = ORIENTED_EDGE ( 'NONE', *, *, #5357, .F. ) ;
#4455 = CARTESIAN_POINT ( 'NONE',  ( 0.1092344317067645565, 0.05110925651368576628, -0.9899999999999997691 ) ) ;
#4456 = CARTESIAN_POINT ( 'NONE',  ( -0.3399565623624768995, 0.03140084466326965168, -0.9899999999999999911 ) ) ;
#4457 = PRESENTATION_LAYER_ASSIGNMENT (  '', '', ( #10480 ) ) ;
#4458 = ORIENTED_EDGE ( 'NONE', *, *, #9144, .F. ) ;
#4459 = CARTESIAN_POINT ( 'NONE',  ( -0.6499999999999994671, -2.050000000000000711, -2.000000000000000000 ) ) ;
#4460 =( NAMED_UNIT ( * ) SI_UNIT ( $, .STERADIAN. ) SOLID_ANGLE_UNIT ( ) );
#4461 = ORIENTED_EDGE ( 'NONE', *, *, #4150, .F. ) ;
#4462 = SURFACE_SIDE_STYLE ('',( #1136 ) ) ;
#4463 = COLOUR_RGB ( '',0.9882352941176471006, 0.7372549019607843590, 0.5176470588235293491 ) ;
#4464 = VECTOR ( 'NONE', #3286, 1000.000000000000000 ) ;
#4465 = CIRCLE ( 'NONE', #10485, 0.1499999999999999667 ) ;
#4466 = PRESENTATION_STYLE_ASSIGNMENT (( #1138 ) ) ;
#4467 = LINE ( 'NONE', #5381, #788 ) ;
#4468 = SURFACE_STYLE_USAGE ( .BOTH. , #1141 ) ;
#4469 = AXIS2_PLACEMENT_3D ( 'NONE', #4675, #7976, #520 ) ;
#4470 = DIRECTION ( 'NONE',  ( 2.409338161078899674E-16, 1.000000000000000000, 0.0000000000000000000 ) ) ;
#4471 = CARTESIAN_POINT ( 'NONE',  ( 0.1988102507304144728, 0.1391343513452880376, -0.9999999999999995559 ) ) ;
#4472 = COLOUR_RGB ( '',0.9882352941176471006, 0.7372549019607843590, 0.5176470588235293491 ) ;
#4473 = STYLED_ITEM ( 'NONE', ( #3330 ), #5023 ) ;
#4474 = ORIENTED_EDGE ( 'NONE', *, *, #1437, .F. ) ;
#4475 = DIRECTION ( 'NONE',  ( 0.0000000000000000000, -1.000000000000000000, 0.0000000000000000000 ) ) ;
#4476 = FILL_AREA_STYLE_COLOUR ( '', #7051 ) ;
#4477 = MANIFOLD_SOLID_BREP ( '镜向1[4]', #6651 ) ;
#4478 = DIRECTION ( 'NONE',  ( -1.239088197126291063E-16, 1.000000000000000000, 0.0000000000000000000 ) ) ;
#4479 = UNCERTAINTY_MEASURE_WITH_UNIT (LENGTH_MEASURE( 1.000000000000000082E-05 ), #6, 'distance_accuracy_value', 'NONE');
#4480 = COLOUR_RGB ( '',0.2509803921568627416, 0.2509803921568627416, 0.2509803921568627416 ) ;
#4481 = MECHANICAL_DESIGN_GEOMETRIC_PRESENTATION_REPRESENTATION (  '', ( #3077 ), #7250 ) ;
#4482 = PRESENTATION_LAYER_ASSIGNMENT (  '', '', ( #9135 ) ) ;
#4483 = DIRECTION ( 'NONE',  ( 0.0000000000000000000, -1.000000000000000000, 0.0000000000000000000 ) ) ;
#4484 = UNCERTAINTY_MEASURE_WITH_UNIT (LENGTH_MEASURE( 1.000000000000000082E-05 ), #655, 'distance_accuracy_value', 'NONE');
#4485 =( LENGTH_UNIT ( ) NAMED_UNIT ( * ) SI_UNIT ( .MILLI., .METRE. ) );
#4486 = LINE ( 'NONE', #7785, #45 ) ;
#4487 = ORIENTED_EDGE ( 'NONE', *, *, #5571, .F. ) ;
#4488 = SURFACE_STYLE_USAGE ( .BOTH. , #1162 ) ;
#4489 = UNCERTAINTY_MEASURE_WITH_UNIT (LENGTH_MEASURE( 1.000000000000000082E-05 ), #8131, 'distance_accuracy_value', 'NONE');
#4490 =( NAMED_UNIT ( * ) SI_UNIT ( $, .STERADIAN. ) SOLID_ANGLE_UNIT ( ) );
#4491 = ORIENTED_EDGE ( 'NONE', *, *, #8881, .T. ) ;
#4492 = VERTEX_POINT ( 'NONE', #2209 ) ;
#4493 = EDGE_CURVE ( 'NONE', #4573, #4747, #8676, .T. ) ;
#4494 = MANIFOLD_SOLID_BREP ( '镜向1[6]', #3543 ) ;
#4495 = CARTESIAN_POINT ( 'NONE',  ( 0.05028734007654758753, 0.04176669832180623931, -0.9899999999999999911 ) ) ;
#4496 = DIRECTION ( 'NONE',  ( 0.0000000000000000000, 0.0000000000000000000, 1.000000000000000000 ) ) ;
#4497 = UNCERTAINTY_MEASURE_WITH_UNIT (LENGTH_MEASURE( 1.000000000000000082E-05 ), #7265, 'distance_accuracy_value', 'NONE');
#4498 = DIRECTION ( 'NONE',  ( -1.000000000000000000, 2.168404344971008868E-16, -0.0000000000000000000 ) ) ;
#4499 = CARTESIAN_POINT ( 'NONE',  ( 3.500000000000000444, 2.249999999999998668, -3.500000000000000000 ) ) ;
#4500 = SURFACE_STYLE_FILL_AREA ( #1172 ) ;
#4501 =( LENGTH_UNIT ( ) NAMED_UNIT ( * ) SI_UNIT ( .MILLI., .METRE. ) );
#4502 = CARTESIAN_POINT ( 'NONE',  ( 0.1720344185326924402, 0.1383716636180050696, -1.000000000000000222 ) ) ;
#4503 = DIRECTION ( 'NONE',  ( 1.000000000000000000, 0.0000000000000000000, 0.0000000000000000000 ) ) ;
#4504 = CARTESIAN_POINT ( 'NONE',  ( -0.2478618671199166457, 0.1904567724635353176, -0.9900000000000004352 ) ) ;
#4505 = ADVANCED_FACE ( 'NONE', ( #10532 ), #3121, .T. ) ;
#4506 = ORIENTED_EDGE ( 'NONE', *, *, #10591, .T. ) ;
#4507 = DIRECTION ( 'NONE',  ( -1.000000000000000000, -1.239088197126291063E-16, 0.0000000000000000000 ) ) ;
#4508 =( NAMED_UNIT ( * ) PLANE_ANGLE_UNIT ( ) SI_UNIT ( $, .RADIAN. ) );
#4509 = SURFACE_STYLE_FILL_AREA ( #1180 ) ;
#4510 = B_SPLINE_CURVE_WITH_KNOTS ( 'NONE', 3,
 ( #9041, #1610, #4944, #8260, #809, #4134, #7439, #10708, #3312, #6618, #9892 ),
 .UNSPECIFIED., .F., .F.,
 ( 4, 1, 1, 1, 1, 1, 1, 1, 4 ),
 ( 0.0000000000000000000, 0.1252796967356259727, 0.2494199707420513001, 0.3733567994928199130, 0.4966812787822861286, 0.6202029157439825635, 0.7450863201614565945, 0.8712691950190978307, 1.000000000000000000 ),
 .UNSPECIFIED. ) ;
#4511 = CARTESIAN_POINT ( 'NONE',  ( 0.1016211815399622465, 0.05091303978522087464, -1.000000000000000000 ) ) ;
#4512 = EDGE_CURVE ( 'NONE', #1306, #8210, #8180, .T. ) ;
#4513 = ORIENTED_EDGE ( 'NONE', *, *, #4668, .F. ) ;
#4514 = CARTESIAN_POINT ( 'NONE',  ( -0.2129626771372212790, 0.2299385754818580874, -0.9900000000000002132 ) ) ;
#4515 = FACE_OUTER_BOUND ( 'NONE', #4329, .T. ) ;
#4516 = CARTESIAN_POINT ( 'NONE',  ( -1.549999999999999600, -0.9500000000000000666, -2.000000000000000000 ) ) ;
#4517 = FACE_OUTER_BOUND ( 'NONE', #221, .T. ) ;
#4518 = ORIENTED_EDGE ( 'NONE', *, *, #6633, .F. ) ;
#4519 = CARTESIAN_POINT ( 'NONE',  ( 0.1737105313819977404, 0.05591331471808033693, -0.9900000000000002132 ) ) ;
#4520 = CARTESIAN_POINT ( 'NONE',  ( 1.749999999999999778, -1.500000000000000000, -2.000000000000000000 ) ) ;
#4521 = EDGE_CURVE ( 'NONE', #1000, #656, #8612, .T. ) ;
#4522 = CARTESIAN_POINT ( 'NONE',  ( 0.1184392863008301849, 0.2321813630968884434, -0.9999999999999995559 ) ) ;
#4523 = VERTEX_POINT ( 'NONE', #6557 ) ;
#4524 = LINE ( 'NONE', #7826, #1348 ) ;
#4525 = FILL_AREA_STYLE ('',( #1199 ) ) ;
#4526 = COLOUR_RGB ( '',0.2509803921568627416, 0.2509803921568627416, 0.2509803921568627416 ) ;
#4527 = DIRECTION ( 'NONE',  ( -0.0000000000000000000, -0.0000000000000000000, -1.000000000000000000 ) ) ;
#4528 = CARTESIAN_POINT ( 'NONE',  ( 0.1990678278814256574, 0.1276279788096111312, -0.9899999999999999911 ) ) ;
#4529 = DIRECTION ( 'NONE',  ( -1.517445394471977106E-32, 1.224646799147353207E-16, -1.000000000000000000 ) ) ;
#4530 = MECHANICAL_DESIGN_GEOMETRIC_PRESENTATION_REPRESENTATION (  '', ( #7819 ), #7295 ) ;
#4531 = CARTESIAN_POINT ( 'NONE',  ( -0.4002730788422114161, 0.2026362220355440724, -1.000000000000000222 ) ) ;
#4532 = LINE ( 'NONE', #7834, #7937 ) ;
#4533 = CARTESIAN_POINT ( 'NONE',  ( 0.5500000000000003775, 1.500000000000000444, -2.000000000000000000 ) ) ;
#4534 = ORIENTED_EDGE ( 'NONE', *, *, #9628, .T. ) ;
#4535 = B_SPLINE_CURVE_WITH_KNOTS ( 'NONE', 3,
 ( #3476, #6779, #10051, #2647, #5970, #9269, #1845 ),
 .UNSPECIFIED., .F., .F.,
 ( 4, 1, 1, 1, 4 ),
 ( 0.0000000000000000000, 0.3005411131585078444, 0.5677471464835985859, 0.8000336137369795653, 1.000000000000000000 ),
 .UNSPECIFIED. ) ;
#4536 = DIRECTION ( 'NONE',  ( 0.0000000000000000000, -1.000000000000000000, 0.0000000000000000000 ) ) ;
#4537 = ORIENTED_EDGE ( 'NONE', *, *, #2248, .F. ) ;
#4538 = ORIENTED_EDGE ( 'NONE', *, *, #9584, .T. ) ;
#4539 = PRESENTATION_STYLE_ASSIGNMENT (( #1213 ) ) ;
#4540 = PRESENTATION_STYLE_ASSIGNMENT (( #1214 ) ) ;
#4541 = B_SPLINE_CURVE_WITH_KNOTS ( 'NONE', 3,
 ( #4528, #7831, #382, #3704, #7019, #10290, #2887, #6222, #9503, #2064, #5394, #8702, #1254, #4584, #7889, #440, #3778, #7086, #10346 ),
 .UNSPECIFIED., .F., .F.,
 ( 4, 1, 1, 1, 1, 1, 1, 1, 1, 1, 1, 1, 1, 1, 1, 1, 4 ),
 ( 0.0000000000000000000, 0.07064371857535416133, 0.1382567155089046984, 0.2033641242175800723, 0.2663240938030566607, 0.3279047615429893647, 0.3887377151730923019, 0.4494235281093023615, 0.5108610114593157281, 0.5720793960475146767, 0.6317344287314453632, 0.6911172105788379039, 0.7503600294901706658, 0.8100329005312620900, 0.8713624508287362014, 0.9344271412311534464, 1.000000000000000000 ),
 .UNSPECIFIED. ) ;
#4542 = PRESENTATION_STYLE_ASSIGNMENT (( #1216 ) ) ;
#4543 = LINE ( 'NONE', #7844, #5470 ) ;
#4544 = DIRECTION ( 'NONE',  ( -1.445602896647339410E-16, -1.000000000000000000, 0.0000000000000000000 ) ) ;
#4545 = EDGE_CURVE ( 'NONE', #5665, #8069, #9835, .T. ) ;
#4546 = EDGE_CURVE ( 'NONE', #448, #941, #5312, .T. ) ;
#4547 = DIRECTION ( 'NONE',  ( -1.239088197126291063E-16, -1.000000000000000000, 0.0000000000000000000 ) ) ;
#4548 = PRESENTATION_STYLE_ASSIGNMENT (( #1224 ) ) ;
#4549 = CARTESIAN_POINT ( 'NONE',  ( -0.2079418916033849429, 0.2083858240298902542, -0.9999999999999993339 ) ) ;
#4550 = ORIENTED_EDGE ( 'NONE', *, *, #8361, .F. ) ;
#4551 = DIRECTION ( 'NONE',  ( 1.000000000000000000, 0.0000000000000000000, 0.0000000000000000000 ) ) ;
#4552 = FILL_AREA_STYLE ('',( #1228 ) ) ;
#4553 = FILL_AREA_STYLE ('',( #1230 ) ) ;
#4554 = CARTESIAN_POINT ( 'NONE',  ( -0.3997613405873458037, 0.2054731259666319199, -0.9900000000000002132 ) ) ;
#4555 = DIRECTION ( 'NONE',  ( -1.000000000000000000, 1.239088197126291063E-16, 0.0000000000000000000 ) ) ;
#4556 = B_SPLINE_SURFACE_WITH_KNOTS ( 'NONE', 3, 1, ( 
 ( #3378, #1791 ),
 ( #5110, #8438 ),
 ( #991, #4306 ),
 ( #7608, #170 ),
 ( #3484, #6946 ),
 ( #10215, #2804 ),
 ( #6132, #9421 ),
 ( #1995, #5322 ),
 ( #8643, #1192 ),
 ( #4519, #7816 ),
 ( #368, #3691 ),
 ( #6996, #10269 ),
 ( #2873, #6205 ),
 ( #9491, #2051 ),
 ( #5380, #8689 ),
 ( #1240, #4566 ),
 ( #7864, #418 ),
 ( #3758, #7065 ),
 ( #10334, #2923 ) ),
 .UNSPECIFIED., .F., .F., .F.,
 ( 4, 1, 1, 1, 1, 1, 1, 1, 1, 1, 1, 1, 1, 1, 1, 1, 4 ),
 ( 2, 2 ),
 ( 0.0000000000000000000, 0.06783324845577359818, 0.1326555365079041537, 0.1950508840508278774, 0.2555829330687772183, 0.3147998341472898476, 0.3736004728263744301, 0.4325455953267434706, 0.4924306292835653465, 0.5526712559629695098, 0.6125130441881163623, 0.6726102503570063895, 0.7338383693139459707, 0.7965942385677740045, 0.8614497992905731927, 0.9291989423509053880, 1.000000000000000000 ),
 ( 0.0000000000000000000, 1.000000000000000000 ),
 .UNSPECIFIED. ) ;
#4557 = ORIENTED_EDGE ( 'NONE', *, *, #117, .F. ) ;
#4558 = CARTESIAN_POINT ( 'NONE',  ( -0.2663390988204573095, 0.2050542671435358622, -1.000000000000000000 ) ) ;
#4559 = EDGE_CURVE ( 'NONE', #9611, #4956, #6695, .T. ) ;
#4560 =( NAMED_UNIT ( * ) PLANE_ANGLE_UNIT ( ) SI_UNIT ( $, .RADIAN. ) );
#4561 = DIRECTION ( 'NONE',  ( -1.517445394471977106E-32, 1.224646799147353207E-16, -1.000000000000000000 ) ) ;
#4562 =( NAMED_UNIT ( * ) PLANE_ANGLE_UNIT ( ) SI_UNIT ( $, .RADIAN. ) );
#4563 = CARTESIAN_POINT ( 'NONE',  ( -0.1350785135819890237, 0.03140084466326965168, -1.000000000000000000 ) ) ;
#4564 = CLOSED_SHELL ( 'NONE', ( #4395, #3712, #1687, #7337 ) ) ;
#4565 = ORIENTED_EDGE ( 'NONE', *, *, #9895, .F. ) ;
#4566 = CARTESIAN_POINT ( 'NONE',  ( 0.1976151658377524045, 0.1065642319617417372, -0.9999999999999997780 ) ) ;
#4567 = UNCERTAINTY_MEASURE_WITH_UNIT (LENGTH_MEASURE( 1.000000000000000082E-05 ), #4837, 'distance_accuracy_value', 'NONE');
#4568 = CARTESIAN_POINT ( 'NONE',  ( -0.01556631846003775181, 0.05335206417546477231, -0.9899999999999999911 ) ) ;
#4569 = DIRECTION ( 'NONE',  ( -1.445602896647339163E-16, -1.000000000000000000, 0.0000000000000000000 ) ) ;
#4570 = CARTESIAN_POINT ( 'NONE',  ( 1.749999999999999778, -2.000000000000000000, -2.000000000000000000 ) ) ;
#4571 = PLANE ( 'NONE',  #1397 ) ;
#4572 = EDGE_CURVE ( 'NONE', #10542, #9525, #8094, .T. ) ;
#4573 = VERTEX_POINT ( 'NONE', #6600 ) ;
#4574 = DIRECTION ( 'NONE',  ( 0.0000000000000000000, -1.000000000000000000, 0.0000000000000000000 ) ) ;
#4575 = FILL_AREA_STYLE_COLOUR ( '', #4798 ) ;
#4576 = EDGE_LOOP ( 'NONE', ( #5781, #5703, #7640, #5400 ) ) ;
#4577 = EDGE_CURVE ( 'NONE', #9976, #4742, #9875, .T. ) ;
#4578 = MECHANICAL_DESIGN_GEOMETRIC_PRESENTATION_REPRESENTATION (  '', ( #5947 ), #1782 ) ;
#4579 = UNCERTAINTY_MEASURE_WITH_UNIT (LENGTH_MEASURE( 1.000000000000000082E-05 ), #4901, 'distance_accuracy_value', 'NONE');
#4580 = DIRECTION ( 'NONE',  ( 3.140195167995145110E-13, 5.689178983263950749E-13, -1.000000000000000000 ) ) ;
#4581 =( NAMED_UNIT ( * ) PLANE_ANGLE_UNIT ( ) SI_UNIT ( $, .RADIAN. ) );
#4582 = MECHANICAL_DESIGN_GEOMETRIC_PRESENTATION_REPRESENTATION (  '', ( #3167 ), #7340 ) ;
#4583 = DIRECTION ( 'NONE',  ( -1.000000000000000000, -1.239088197126291063E-16, 0.0000000000000000000 ) ) ;
#4584 = CARTESIAN_POINT ( 'NONE',  ( 0.1377567573239772414, 0.2267391302264110120, -0.9899999999999995470 ) ) ;
#4585 = AXIS2_PLACEMENT_3D ( 'NONE', #3690, #6994, #10267 ) ;
#4586 = SURFACE_STYLE_USAGE ( .BOTH. , #1255 ) ;
#4587 = AXIS2_PLACEMENT_3D ( 'NONE', #1704, #5019, #8331 ) ;
#4588 = SURFACE_SIDE_STYLE ('',( #1257 ) ) ;
#4589 = PRESENTATION_STYLE_ASSIGNMENT (( #1258 ) ) ;
#4590 = DIRECTION ( 'NONE',  ( 0.0000000000000000000, 1.000000000000000000, 2.202967291916752340E-13 ) ) ;
#4591 = EDGE_LOOP ( 'NONE', ( #9385, #9021, #4094, #8188 ) ) ;
#4592 = CIRCLE ( 'NONE', #10602, 0.8500000000000000888 ) ;
#4593 = FILL_AREA_STYLE_COLOUR ( '', #8644 ) ;
#4594 = VECTOR ( 'NONE', #10431, 1000.000000000000000 ) ;
#4595 = ADVANCED_FACE ( 'NONE', ( #9080 ), #1662, .F. ) ;
#4596 = COLOUR_RGB ( '',0.9882352941176471006, 0.7372549019607843590, 0.5176470588235293491 ) ;
#4597 = UNCERTAINTY_MEASURE_WITH_UNIT (LENGTH_MEASURE( 1.000000000000000082E-05 ), #7087, 'distance_accuracy_value', 'NONE');
#4598 = VERTEX_POINT ( 'NONE', #9985 ) ;
#4599 = ORIENTED_EDGE ( 'NONE', *, *, #2088, .F. ) ;
#4600 = CLOSED_SHELL ( 'NONE', ( #8312, #6224, #6238, #9502, #9374, #8111, #3115, #8725, #1900, #1604 ) ) ;
#4601 = COLOUR_RGB ( '',0.7529411764705882248, 0.7529411764705882248, 0.7529411764705882248 ) ;
#4602 = CARTESIAN_POINT ( 'NONE',  ( -0.01556631846003775181, 0.1435959666144891733, -0.9899999999999999911 ) ) ;
#4603 = DIRECTION ( 'NONE',  ( -0.0000000000000000000, 0.0000000000000000000, -1.000000000000000000 ) ) ;
#4604 = AXIS2_PLACEMENT_3D ( 'NONE', #8900, #1475, #4803 ) ;
#4605 = PRESENTATION_STYLE_ASSIGNMENT (( #1267 ) ) ;
#4606 = CARTESIAN_POINT ( 'NONE',  ( -0.3862980257771109760, 0.2314008446632696836, -0.9899999999999999911 ) ) ;
#4607 = CIRCLE ( 'NONE', #10616, 0.1499999999999999667 ) ;
#4608 = DIRECTION ( 'NONE',  ( -1.000000000000000000, 1.239088197126291063E-16, 0.0000000000000000000 ) ) ;
#4609 = MECHANICAL_DESIGN_GEOMETRIC_PRESENTATION_REPRESENTATION (  '', ( #6840 ), #9250 ) ;
#4610 = CIRCLE ( 'NONE', #9252, 0.5500000000000003775 ) ;
#4611 = CARTESIAN_POINT ( 'NONE',  ( -0.01556631846003775181, 0.05335206417546477231, -0.9899999999999999911 ) ) ;
#4612 = DIRECTION ( 'NONE',  ( 1.000000000000000000, 0.0000000000000000000, 0.0000000000000000000 ) ) ;
#4613 = CIRCLE ( 'NONE', #10624, 0.1499999999999999667 ) ;
#4614 = FILL_AREA_STYLE_COLOUR ( '', #4412 ) ;
#4615 = MECHANICAL_DESIGN_GEOMETRIC_PRESENTATION_REPRESENTATION (  '', ( #3201 ), #7373 ) ;
#4616 = CIRCLE ( 'NONE', #10626, 0.1499999999999999667 ) ;
#4617 = PRESENTATION_LAYER_ASSIGNMENT (  '', '', ( #9260 ) ) ;
#4618 = ORIENTED_EDGE ( 'NONE', *, *, #7537, .T. ) ;
#4619 =( NAMED_UNIT ( * ) SI_UNIT ( $, .STERADIAN. ) SOLID_ANGLE_UNIT ( ) );
#4620 =( NAMED_UNIT ( * ) SI_UNIT ( $, .STERADIAN. ) SOLID_ANGLE_UNIT ( ) );
#4621 = FILL_AREA_STYLE ('',( #1282 ) ) ;
#4622 = AXIS2_PLACEMENT_3D ( 'NONE', #2259, #5588, #8878 ) ;
#4623 = ORIENTED_EDGE ( 'NONE', *, *, #3493, .F. ) ;
#4624 = CARTESIAN_POINT ( 'NONE',  ( -0.2958181851004157981, 0.1446304887311025689, -0.9899999999999999911 ) ) ;
#4625 = AXIS2_PLACEMENT_3D ( 'NONE', #9161, #1739, #5051 ) ;
#4626 = VECTOR ( 'NONE', #8091, 1000.000000000000000 ) ;
#4627 = FILL_AREA_STYLE ('',( #1286 ) ) ;
#4628 = COLOUR_RGB ( '',0.9882352941176471006, 0.7372549019607843590, 0.5176470588235293491 ) ;
#4629 = FILL_AREA_STYLE ('',( #1287 ) ) ;
#4630 = LINE ( 'NONE', #7925, #10053 ) ;
#4631 = FILL_AREA_STYLE ('',( #1290 ) ) ;
#4632 = ORIENTED_EDGE ( 'NONE', *, *, #3944, .F. ) ;
#4633 = CARTESIAN_POINT ( 'NONE',  ( -0.3499999999999996447, -1.500000000000000444, -2.000000000000000000 ) ) ;
#4634 = STYLED_ITEM ( 'NONE', ( #5205 ), #2518 ) ;
#4635 = SURFACE_STYLE_FILL_AREA ( #1296 ) ;
#4636 = SURFACE_STYLE_USAGE ( .BOTH. , #1297 ) ;
#4637 = ADVANCED_FACE ( 'NONE', ( #2577 ), #5897, .F. ) ;
#4638 = CARTESIAN_POINT ( 'NONE',  ( -3.550000000000000266, 0.7499999999999995559, -3.000000000000000000 ) ) ;
#4639 =( GEOMETRIC_REPRESENTATION_CONTEXT ( 3 ) GLOBAL_UNCERTAINTY_ASSIGNED_CONTEXT ( ( #4355 ) ) GLOBAL_UNIT_ASSIGNED_CONTEXT ( ( #5649, #4840, #4013 ) ) REPRESENTATION_CONTEXT ( 'NONE', 'WORKASPACE' ) );
#4640 = SURFACE_STYLE_FILL_AREA ( #1304 ) ;
#4641 = EDGE_LOOP ( 'NONE', ( #1332, #1779, #10184, #5775 ) ) ;
#4642 = CARTESIAN_POINT ( 'NONE',  ( 1.150000000000000133, 0.8000000000000001554, -2.000000000000000000 ) ) ;
#4643 = PRESENTATION_LAYER_ASSIGNMENT (  '', '', ( #9143 ) ) ;
#4644 = DIRECTION ( 'NONE',  ( -1.000000000000000000, 1.239088197126291063E-16, 0.0000000000000000000 ) ) ;
#4645 = STYLED_ITEM ( 'NONE', ( #4721 ), #8401 ) ;
#4646 = MECHANICAL_DESIGN_GEOMETRIC_PRESENTATION_REPRESENTATION (  '', ( #3231 ), #7399 ) ;
#4647 = ORIENTED_EDGE ( 'NONE', *, *, #9720, .F. ) ;
#4648 = PRESENTATION_STYLE_ASSIGNMENT (( #1317 ) ) ;
#4649 = ADVANCED_FACE ( 'NONE', ( #8389 ), #6530, .T. ) ;
#4650 = SURFACE_SIDE_STYLE ('',( #1318 ) ) ;
#4651 = AXIS2_PLACEMENT_3D ( 'NONE', #5525, #8825, #1387 ) ;
#4652 = COLOUR_RGB ( '',0.7529411764705882248, 0.7529411764705882248, 0.7529411764705882248 ) ;
#4653 = CARTESIAN_POINT ( 'NONE',  ( -0.4619077818746720188, 0.03140084466326965168, -1.000000000000000000 ) ) ;
#4654 = FILL_AREA_STYLE_COLOUR ( '', #3487 ) ;
#4655 = ORIENTED_EDGE ( 'NONE', *, *, #7869, .F. ) ;
#4656 = ADVANCED_FACE ( 'NONE', ( #945 ), #2708, .T. ) ;
#4657 = CARTESIAN_POINT ( 'NONE',  ( -0.04999999999999969746, -1.500000000000000444, -2.000000000000000000 ) ) ;
#4658 = CARTESIAN_POINT ( 'NONE',  ( -3.399999999999999911, 0.0000000000000000000, -0.1000000000000000056 ) ) ;
#4659 = VERTEX_POINT ( 'NONE', #1872 ) ;
#4660 = STYLED_ITEM ( 'NONE', ( #446 ), #6088 ) ;
#4661 = VECTOR ( 'NONE', #6143, 1000.000000000000000 ) ;
#4662 = AXIS2_PLACEMENT_3D ( 'NONE', #7021, #10292, #2888 ) ;
#4663 = DIRECTION ( 'NONE',  ( -1.000000000000000000, 1.239088197126291063E-16, 0.0000000000000000000 ) ) ;
#4664 = EDGE_LOOP ( 'NONE', ( #10476, #1372, #4538, #8558 ) ) ;
#4665 = ORIENTED_EDGE ( 'NONE', *, *, #9661, .T. ) ;
#4666 = CARTESIAN_POINT ( 'NONE',  ( 0.1613986357282784501, 0.08353952764844731205, -0.9999999999999997780 ) ) ;
#4667 = PRESENTATION_LAYER_ASSIGNMENT (  '', '', ( #9306 ) ) ;
#4668 = EDGE_CURVE ( 'NONE', #5665, #9894, #2780, .T. ) ;
#4669 =( NAMED_UNIT ( * ) SI_UNIT ( $, .STERADIAN. ) SOLID_ANGLE_UNIT ( ) );
#4670 = PRESENTATION_STYLE_ASSIGNMENT (( #1342 ) ) ;
#4671 = CARTESIAN_POINT ( 'NONE',  ( 1.749999999999999778, 2.249999999999999112, -3.500000000000000000 ) ) ;
#4672 = ORIENTED_EDGE ( 'NONE', *, *, #3648, .T. ) ;
#4673 = VECTOR ( 'NONE', #5916, 1000.000000000000114 ) ;
#4674 = ORIENTED_EDGE ( 'NONE', *, *, #5221, .F. ) ;
#4675 = CARTESIAN_POINT ( 'NONE',  ( -0.6499999999999996891, 0.8000000000000001554, -2.000000000000000000 ) ) ;
#4676 = SURFACE_SIDE_STYLE ('',( #1350 ) ) ;
#4677 = DIRECTION ( 'NONE',  ( 0.0000000000000000000, 0.0000000000000000000, -1.000000000000000000 ) ) ;
#4678 =( NAMED_UNIT ( * ) SI_UNIT ( $, .STERADIAN. ) SOLID_ANGLE_UNIT ( ) );
#4679 = ORIENTED_EDGE ( 'NONE', *, *, #5718, .F. ) ;
#4680 = FILL_AREA_STYLE ('',( #1353 ) ) ;
#4681 =( NAMED_UNIT ( * ) SI_UNIT ( $, .STERADIAN. ) SOLID_ANGLE_UNIT ( ) );
#4682 =( NAMED_UNIT ( * ) SI_UNIT ( $, .STERADIAN. ) SOLID_ANGLE_UNIT ( ) );
#4683 = CARTESIAN_POINT ( 'NONE',  ( -1.650000000000000355, -3.000000000000000444, -1.000000000000000000 ) ) ;
#4684 =( NAMED_UNIT ( * ) SI_UNIT ( $, .STERADIAN. ) SOLID_ANGLE_UNIT ( ) );
#4685 = DIRECTION ( 'NONE',  ( 0.0000000000000000000, 0.0000000000000000000, 1.000000000000000000 ) ) ;
#4686 = ORIENTED_EDGE ( 'NONE', *, *, #5707, .F. ) ;
#4687 = FACE_OUTER_BOUND ( 'NONE', #2415, .T. ) ;
#4688 = CARTESIAN_POINT ( 'NONE',  ( -0.6499999999999995781, 1.500000000000000444, -2.000000000000000000 ) ) ;
#4689 = PLANE ( 'NONE',  #8436 ) ;
#4690 = CARTESIAN_POINT ( 'NONE',  ( 0.01126294983264515548, 0.03140084466326965168, -1.000000000000000000 ) ) ;
#4691 =( LENGTH_UNIT ( ) NAMED_UNIT ( * ) SI_UNIT ( .MILLI., .METRE. ) );
#4692 = CARTESIAN_POINT ( 'NONE',  ( 0.07747847974333048338, 0.2328058365566655630, -1.000000000000000000 ) ) ;
#4693 = FACE_OUTER_BOUND ( 'NONE', #10003, .T. ) ;
#4694 = EDGE_CURVE ( 'NONE', #7573, #4573, #1962, .T. ) ;
#4695 = ORIENTED_EDGE ( 'NONE', *, *, #4981, .T. ) ;
#4696 = UNCERTAINTY_MEASURE_WITH_UNIT (LENGTH_MEASURE( 1.000000000000000082E-05 ), #8648, 'distance_accuracy_value', 'NONE');
#4697 = DIRECTION ( 'NONE',  ( 1.275531967630004999E-16, -1.000000000000000000, 0.0000000000000000000 ) ) ;
#4698 = ORIENTED_EDGE ( 'NONE', *, *, #5603, .T. ) ;
#4699 = LINE ( 'NONE', #8002, #8404 ) ;
#4700 = DIRECTION ( 'NONE',  ( 1.000000000000000000, 0.0000000000000000000, -0.0000000000000000000 ) ) ;
#4701 = SURFACE_STYLE_FILL_AREA ( #1375 ) ;
#4702 = EDGE_CURVE ( 'NONE', #1908, #6213, #5502, .T. ) ;
#4703 = CARTESIAN_POINT ( 'NONE',  ( 0.09920609742681094079, 0.05094474789470496839, -1.000000000000000000 ) ) ;
#4704 = VERTEX_POINT ( 'NONE', #343 ) ;
#4705 = UNCERTAINTY_MEASURE_WITH_UNIT (LENGTH_MEASURE( 1.000000000000000082E-05 ), #5178, 'distance_accuracy_value', 'NONE');
#4706 = EDGE_LOOP ( 'NONE', ( #1924, #5354, #8173, #6630 ) ) ;
#4707 = ORIENTED_EDGE ( 'NONE', *, *, #9598, .T. ) ;
#4708 = CARTESIAN_POINT ( 'NONE',  ( -1.750000000000000222, 2.249999999999999556, -3.000000000000000000 ) ) ;
#4709 = FILL_AREA_STYLE_COLOUR ( '', #4215 ) ;
#4710 = LINE ( 'NONE', #8011, #7933 ) ;
#4711 = LINE ( 'NONE', #8013, #10663 ) ;
#4712 = STYLED_ITEM ( 'NONE', ( #5946 ), #3460 ) ;
#4713 = MECHANICAL_DESIGN_GEOMETRIC_PRESENTATION_REPRESENTATION (  '', ( #3318 ), #5578 ) ;
#4714 = SURFACE_STYLE_USAGE ( .BOTH. , #1388 ) ;
#4715 = ORIENTED_EDGE ( 'NONE', *, *, #6889, .T. ) ;
#4716 = FACE_OUTER_BOUND ( 'NONE', #7063, .T. ) ;
#4717 = EDGE_CURVE ( 'NONE', #1838, #5044, #3666, .T. ) ;
#4718 = ORIENTED_EDGE ( 'NONE', *, *, #8096, .F. ) ;
#4719 = PRESENTATION_STYLE_ASSIGNMENT (( #1392 ) ) ;
#4720 = FILL_AREA_STYLE_COLOUR ( '', #6866 ) ;
#4721 = PRESENTATION_STYLE_ASSIGNMENT (( #1395 ) ) ;
#4722 = DIRECTION ( 'NONE',  ( 0.0000000000000000000, 1.000000000000000000, 0.0000000000000000000 ) ) ;
#4723 =( NAMED_UNIT ( * ) SI_UNIT ( $, .STERADIAN. ) SOLID_ANGLE_UNIT ( ) );
#4724 = DIRECTION ( 'NONE',  ( -0.0000000000000000000, -0.0000000000000000000, -1.000000000000000000 ) ) ;
#4725 = DIRECTION ( 'NONE',  ( 0.0000000000000000000, -1.000000000000000000, 0.0000000000000000000 ) ) ;
#4726 = SURFACE_STYLE_USAGE ( .BOTH. , #1401 ) ;
#4727 = PRESENTATION_STYLE_ASSIGNMENT (( #1403 ) ) ;
#4728 = ADVANCED_FACE ( 'NONE', ( #2837 ), #7743, .T. ) ;
#4729 = ORIENTED_EDGE ( 'NONE', *, *, #3028, .F. ) ;
#4730 = SURFACE_STYLE_USAGE ( .BOTH. , #1406 ) ;
#4731 = CARTESIAN_POINT ( 'NONE',  ( 0.8500000000000003109, 1.500000000000000444, -2.000000000000000000 ) ) ;
#4732 = DIRECTION ( 'NONE',  ( -1.000000000000000000, 1.204669080539449590E-16, 0.0000000000000000000 ) ) ;
#4733 = CARTESIAN_POINT ( 'NONE',  ( -3.550000000000000266, -0.7500000000000002220, -3.000000000000000000 ) ) ;
#4734 = CARTESIAN_POINT ( 'NONE',  ( 1.450000000000000178, 1.500000000000000444, -2.000000000000000000 ) ) ;
#4735 =( NAMED_UNIT ( * ) PLANE_ANGLE_UNIT ( ) SI_UNIT ( $, .RADIAN. ) );
#4736 = DIRECTION ( 'NONE',  ( 1.971276677246371026E-16, -1.000000000000000000, 0.0000000000000000000 ) ) ;
#4737 = ORIENTED_EDGE ( 'NONE', *, *, #2997, .F. ) ;
#4738 =( LENGTH_UNIT ( ) NAMED_UNIT ( * ) SI_UNIT ( .MILLI., .METRE. ) );
#4739 = EDGE_CURVE ( 'NONE', #9108, #10685, #6169, .T. ) ;
#4740 = CARTESIAN_POINT ( 'NONE',  ( -0.1350785135819890237, 0.03140084466326965168, -0.9899999999999999911 ) ) ;
#4741 = CARTESIAN_POINT ( 'NONE',  ( -1.249999999999999556, -2.050000000000000711, -2.000000000000000000 ) ) ;
#4742 = VERTEX_POINT ( 'NONE', #3402 ) ;
#4743 =( LENGTH_UNIT ( ) NAMED_UNIT ( * ) SI_UNIT ( .MILLI., .METRE. ) );
#4744 = CARTESIAN_POINT ( 'NONE',  ( 3.400000000000000799, 2.999999999999999556, 0.0000000000000000000 ) ) ;
#4745 =( GEOMETRIC_REPRESENTATION_CONTEXT ( 3 ) GLOBAL_UNCERTAINTY_ASSIGNED_CONTEXT ( ( #2286 ) ) GLOBAL_UNIT_ASSIGNED_CONTEXT ( ( #9669, #8867, #8062 ) ) REPRESENTATION_CONTEXT ( 'NONE', 'WORKASPACE' ) );
#4746 = CARTESIAN_POINT ( 'NONE',  ( 0.05581854834929898812, 0.06060248027890945827, -0.9900000000000002132 ) ) ;
#4747 = VERTEX_POINT ( 'NONE', #6712 ) ;
#4748 = PLANE ( 'NONE',  #8761 ) ;
#4749 = ORIENTED_EDGE ( 'NONE', *, *, #9379, .T. ) ;
#4750 = AXIS2_PLACEMENT_3D ( 'NONE', #5282, #8604, #1159 ) ;
#4751 = PLANE ( 'NONE',  #3549 ) ;
#4752 = EDGE_CURVE ( 'NONE', #10667, #8385, #4465, .T. ) ;
#4753 = COLOUR_RGB ( '',0.7921568627450980005, 0.8196078431372548767, 0.9333333333333333481 ) ;
#4754 = STYLED_ITEM ( 'NONE', ( #2527 ), #771 ) ;
#4755 = SURFACE_SIDE_STYLE ('',( #1432 ) ) ;
#4756 =( LENGTH_UNIT ( ) NAMED_UNIT ( * ) SI_UNIT ( .MILLI., .METRE. ) );
#4757 = VECTOR ( 'NONE', #4353, 1000.000000000000000 ) ;
#4758 = COLOUR_RGB ( '',0.9882352941176471006, 0.7372549019607843590, 0.5176470588235293491 ) ;
#4759 = DIRECTION ( 'NONE',  ( 0.0000000000000000000, 0.0000000000000000000, 1.000000000000000000 ) ) ;
#4760 = CIRCLE ( 'NONE', #4404, 0.5000000000000000000 ) ;
#4761 = ORIENTED_EDGE ( 'NONE', *, *, #3698, .F. ) ;
#4762 =( NAMED_UNIT ( * ) PLANE_ANGLE_UNIT ( ) SI_UNIT ( $, .RADIAN. ) );
#4763 = ORIENTED_EDGE ( 'NONE', *, *, #4694, .F. ) ;
#4764 = CARTESIAN_POINT ( 'NONE',  ( 0.0000000000000000000, 1.500000000000000000, -2.000000000000000000 ) ) ;
#4765 = COLOUR_RGB ( '',0.9882352941176471006, 0.7372549019607843590, 0.5176470588235293491 ) ;
#4766 = EDGE_CURVE ( 'NONE', #7405, #7142, #3841, .T. ) ;
#4767 = MECHANICAL_DESIGN_GEOMETRIC_PRESENTATION_REPRESENTATION (  '', ( #3369 ), #7528 ) ;
#4768 =( LENGTH_UNIT ( ) NAMED_UNIT ( * ) SI_UNIT ( .MILLI., .METRE. ) );
#4769 = TOROIDAL_SURFACE ( 'NONE', #66, 0.7000000000000002887, 0.1499999999999999667 ) ;
#4770 = VECTOR ( 'NONE', #2704, 1000.000000000000000 ) ;
#4771 = SURFACE_STYLE_USAGE ( .BOTH. , #1443 ) ;
#4772 = UNCERTAINTY_MEASURE_WITH_UNIT (LENGTH_MEASURE( 1.000000000000000082E-05 ), #8399, 'distance_accuracy_value', 'NONE');
#4773 = ADVANCED_FACE ( 'NONE', ( #7627 ), #187, .T. ) ;
#4774 = PLANE ( 'NONE',  #5478 ) ;
#4775 = CIRCLE ( 'NONE', #75, 0.5000000000000000000 ) ;
#4776 = CARTESIAN_POINT ( 'NONE',  ( 0.8500000000000003109, -1.500000000000000444, -2.000000000000000000 ) ) ;
#4777 = TOROIDAL_SURFACE ( 'NONE', #76, 0.7000000000000002887, 0.1499999999999999667 ) ;
#4778 = COLOUR_RGB ( '',0.2509803921568627416, 0.2509803921568627416, 0.2509803921568627416 ) ;
#4779 = CARTESIAN_POINT ( 'NONE',  ( 0.8500000000000003109, -1.500000000000000444, -2.000000000000000000 ) ) ;
#4780 = STYLED_ITEM ( 'NONE', ( #2072 ), #7144 ) ;
#4781 = DIRECTION ( 'NONE',  ( -0.0000000000000000000, 0.0000000000000000000, -1.000000000000000000 ) ) ;
#4782 = ORIENTED_EDGE ( 'NONE', *, *, #234, .T. ) ;
#4783 = CARTESIAN_POINT ( 'NONE',  ( -1.749999999999999556, 2.999999999999999556, -0.5000000000000000000 ) ) ;
#4784 = CIRCLE ( 'NONE', #9432, 0.1499999999999999667 ) ;
#4785 = FACE_OUTER_BOUND ( 'NONE', #2898, .T. ) ;
#4786 = STYLED_ITEM ( 'NONE', ( #6197 ), #10410 ) ;
#4787 = PRESENTATION_LAYER_ASSIGNMENT (  '', '', ( #9438 ) ) ;
#4788 =( LENGTH_UNIT ( ) NAMED_UNIT ( * ) SI_UNIT ( .MILLI., .METRE. ) );
#4789 = DIRECTION ( 'NONE',  ( -0.0000000000000000000, 0.0000000000000000000, -1.000000000000000000 ) ) ;
#4790 = CARTESIAN_POINT ( 'NONE',  ( 1.150000000000000133, 1.500000000000000444, -2.000000000000000000 ) ) ;
#4791 = STYLED_ITEM ( 'NONE', ( #7114 ), #2601 ) ;
#4792 = CARTESIAN_POINT ( 'NONE',  ( 0.1711421631714115932, 0.1122959476393398937, -0.9899999999999997691 ) ) ;
#4793 = CARTESIAN_POINT ( 'NONE',  ( -0.2663586223067465619, 0.05926745928642295630, -0.9899999999999995470 ) ) ;
#4794 = ORIENTED_EDGE ( 'NONE', *, *, #8811, .F. ) ;
#4795 = CIRCLE ( 'NONE', #95, 0.5500000000000003775 ) ;
#4796 = COLOUR_RGB ( '',0.7921568627450980005, 0.8196078431372548767, 0.9333333333333333481 ) ;
#4797 = FILL_AREA_STYLE ('',( #1471 ) ) ;
#4798 = COLOUR_RGB ( '',0.7529411764705882248, 0.7529411764705882248, 0.7529411764705882248 ) ;
#4799 = SURFACE_SIDE_STYLE ('',( #1472 ) ) ;
#4800 = COLOUR_RGB ( '',0.2509803921568627416, 0.2509803921568627416, 0.2509803921568627416 ) ;
#4801 = COLOUR_RGB ( '',0.2509803921568627416, 0.2509803921568627416, 0.2509803921568627416 ) ;
#4802 = ORIENTED_EDGE ( 'NONE', *, *, #2617, .T. ) ;
#4803 = DIRECTION ( 'NONE',  ( -1.239088197126291063E-16, 1.000000000000000000, 0.0000000000000000000 ) ) ;
#4804 = DIRECTION ( 'NONE',  ( 1.445602896647339163E-16, 1.000000000000000000, -0.0000000000000000000 ) ) ;
#4805 = PRESENTATION_STYLE_ASSIGNMENT (( #1479 ) ) ;
#4806 = ORIENTED_EDGE ( 'NONE', *, *, #2946, .T. ) ;
#4807 = COLOUR_RGB ( '',0.9882352941176471006, 0.7372549019607843590, 0.5176470588235293491 ) ;
#4808 = UNCERTAINTY_MEASURE_WITH_UNIT (LENGTH_MEASURE( 1.000000000000000082E-05 ), #3523, 'distance_accuracy_value', 'NONE');
#4809 = EDGE_LOOP ( 'NONE', ( #8166, #9676, #6063, #3556 ) ) ;
#4810 = AXIS2_PLACEMENT_3D ( 'NONE', #1970, #5298, #8620 ) ;
#4811 =( GEOMETRIC_REPRESENTATION_CONTEXT ( 3 ) GLOBAL_UNCERTAINTY_ASSIGNED_CONTEXT ( ( #3602 ) ) GLOBAL_UNIT_ASSIGNED_CONTEXT ( ( #4260, #3447, #2620 ) ) REPRESENTATION_CONTEXT ( 'NONE', 'WORKASPACE' ) );
#4812 = MECHANICAL_DESIGN_GEOMETRIC_PRESENTATION_REPRESENTATION (  '', ( #3418 ), #7570 ) ;
#4813 = FILL_AREA_STYLE_COLOUR ( '', #2702 ) ;
#4814 = PRESENTATION_STYLE_ASSIGNMENT (( #1490 ) ) ;
#4815 = DIRECTION ( 'NONE',  ( -1.239088197126291063E-16, 1.000000000000000000, 0.0000000000000000000 ) ) ;
#4816 = COLOUR_RGB ( '',1.000000000000000000, 1.000000000000000000, 1.000000000000000000 ) ;
#4817 = COLOUR_RGB ( '',0.9882352941176471006, 0.7372549019607843590, 0.5176470588235293491 ) ;
#4818 = EDGE_CURVE ( 'NONE', #6261, #2391, #8549, .T. ) ;
#4819 = DIRECTION ( 'NONE',  ( 0.0000000000000000000, 1.000000000000000000, 0.0000000000000000000 ) ) ;
#4820 = ORIENTED_EDGE ( 'NONE', *, *, #6289, .F. ) ;
#4821 = FACE_OUTER_BOUND ( 'NONE', #3497, .T. ) ;
#4822 = ORIENTED_EDGE ( 'NONE', *, *, #10265, .F. ) ;
#4823 = FILL_AREA_STYLE ('',( #1500 ) ) ;
#4824 = STYLED_ITEM ( 'NONE', ( #3313 ), #9163 ) ;
#4825 = PRESENTATION_LAYER_ASSIGNMENT (  '', '', ( #9487 ) ) ;
#4826 = FILL_AREA_STYLE ('',( #1502 ) ) ;
#4827 = CARTESIAN_POINT ( 'NONE',  ( 1.150000000000000133, 1.500000000000000444, -2.000000000000000000 ) ) ;
#4828 = CARTESIAN_POINT ( 'NONE',  ( 1.750000000000000222, 2.999999999999998668, -3.500000000000000000 ) ) ;
#4829 = CARTESIAN_POINT ( 'NONE',  ( -3.550000000000000266, -0.7500000000000002220, -3.000000000000000000 ) ) ;
#4830 = SURFACE_SIDE_STYLE ('',( #1508 ) ) ;
#4831 = COLOUR_RGB ( '',0.2509803921568627416, 0.2509803921568627416, 0.2509803921568627416 ) ;
#4832 = DIRECTION ( 'NONE',  ( -0.0000000000000000000, -0.0000000000000000000, -1.000000000000000000 ) ) ;
#4833 = EDGE_CURVE ( 'NONE', #10678, #9887, #7738, .T. ) ;
#4834 = CARTESIAN_POINT ( 'NONE',  ( 0.09920609742681094079, 0.05094474789470496839, -0.9899999999999999911 ) ) ;
#4835 = CARTESIAN_POINT ( 'NONE',  ( 0.1737105313819977404, 0.05591331471808033693, -0.9900000000000002132 ) ) ;
#4836 = ORIENTED_EDGE ( 'NONE', *, *, #1550, .T. ) ;
#4837 =( LENGTH_UNIT ( ) NAMED_UNIT ( * ) SI_UNIT ( .MILLI., .METRE. ) );
#4838 = SURFACE_SIDE_STYLE ('',( #1517 ) ) ;
#4839 = ADVANCED_FACE ( 'NONE', ( #6924 ), #10193, .T. ) ;
#4840 =( NAMED_UNIT ( * ) PLANE_ANGLE_UNIT ( ) SI_UNIT ( $, .RADIAN. ) );
#4841 = CARTESIAN_POINT ( 'NONE',  ( 1.450000000000000178, 1.500000000000000444, -2.000000000000000000 ) ) ;
#4842 = CARTESIAN_POINT ( 'NONE',  ( -0.1991918501905480809, 0.05354428506074676575, -0.9999999999999991118 ) ) ;
#4843 = CARTESIAN_POINT ( 'NONE',  ( -0.2503838247370802073, 0.04697698400472063995, -1.000000000000000222 ) ) ;
#4844 = CARTESIAN_POINT ( 'NONE',  ( 0.1092344317067645565, 0.05110925651368576628, -0.9899999999999997691 ) ) ;
#4845 = DIRECTION ( 'NONE',  ( 1.000000000000000000, 4.956352788505162282E-16, -0.0000000000000000000 ) ) ;
#4846 = EDGE_LOOP ( 'NONE', ( #8658, #7776, #1178, #7786 ) ) ;
#4847 = PLANE ( 'NONE',  #10337 ) ;
#4848 = EDGE_CURVE ( 'NONE', #6026, #5467, #7845, .T. ) ;
#4849 =( NAMED_UNIT ( * ) SI_UNIT ( $, .STERADIAN. ) SOLID_ANGLE_UNIT ( ) );
#4850 = DIRECTION ( 'NONE',  ( 0.0000000000000000000, 0.0000000000000000000, 1.000000000000000000 ) ) ;
#4851 = CARTESIAN_POINT ( 'NONE',  ( 0.8500000000000003109, -1.500000000000000444, -2.000000000000000000 ) ) ;
#4852 = ORIENTED_EDGE ( 'NONE', *, *, #44, .F. ) ;
#4853 = DIRECTION ( 'NONE',  ( -0.0000000000000000000, 0.0000000000000000000, -1.000000000000000000 ) ) ;
#4854 = SURFACE_STYLE_FILL_AREA ( #1532 ) ;
#4855 = CARTESIAN_POINT ( 'NONE',  ( -3.499999999999999556, 2.999999999999999556, -0.5000000000000000000 ) ) ;
#4856 = EDGE_LOOP ( 'NONE', ( #5531, #5993, #6003, #5905 ) ) ;
#4857 = CARTESIAN_POINT ( 'NONE',  ( 0.8500000000000001998, -0.8000000000000001554, -2.000000000000000000 ) ) ;
#4858 = EDGE_LOOP ( 'NONE', ( #8378, #4263, #4994, #2797 ) ) ;
#4859 = CARTESIAN_POINT ( 'NONE',  ( 1.450000000000000178, -1.500000000000000444, -2.000000000000000000 ) ) ;
#4860 = CARTESIAN_POINT ( 'NONE',  ( -0.3862980257771109760, 0.2314008446632696836, -1.000000000000000000 ) ) ;
#4861 = CARTESIAN_POINT ( 'NONE',  ( -0.4911760745575987630, 0.03140084466326965168, -0.9899999999999999911 ) ) ;
#4862 = VERTEX_POINT ( 'NONE', #7042 ) ;
#4863 = DIRECTION ( 'NONE',  ( 1.275531967630004999E-16, -1.000000000000000000, 0.0000000000000000000 ) ) ;
#4864 = CARTESIAN_POINT ( 'NONE',  ( -1.249999999999999556, -1.500000000000000444, -2.000000000000000000 ) ) ;
#4865 = FILL_AREA_STYLE_COLOUR ( '', #1519 ) ;
#4866 = DIRECTION ( 'NONE',  ( -1.000000000000000000, -1.239088197126291063E-16, 0.0000000000000000000 ) ) ;
#4867 = VERTEX_POINT ( 'NONE', #10311 ) ;
#4868 =( NAMED_UNIT ( * ) PLANE_ANGLE_UNIT ( ) SI_UNIT ( $, .RADIAN. ) );
#4869 = STYLED_ITEM ( 'NONE', ( #9322 ), #1310 ) ;
#4870 =( NAMED_UNIT ( * ) SI_UNIT ( $, .STERADIAN. ) SOLID_ANGLE_UNIT ( ) );
#4871 = DIRECTION ( 'NONE',  ( 0.0000000000000000000, -0.0000000000000000000, -1.000000000000000000 ) ) ;
#4872 = EDGE_CURVE ( 'NONE', #4867, #9794, #2906, .T. ) ;
#4873 =( NAMED_UNIT ( * ) SI_UNIT ( $, .STERADIAN. ) SOLID_ANGLE_UNIT ( ) );
#4874 = LINE ( 'NONE', #8181, #3377 ) ;
#4875 = EDGE_CURVE ( 'NONE', #7573, #10213, #2082, .T. ) ;
#4876 = FILL_AREA_STYLE_COLOUR ( '', #783 ) ;
#4877 = SURFACE_STYLE_USAGE ( .BOTH. , #1552 ) ;
#4878 = PRESENTATION_STYLE_ASSIGNMENT (( #1553 ) ) ;
#4879 = CARTESIAN_POINT ( 'NONE',  ( 0.2500000000000004441, -1.500000000000000444, -2.000000000000000000 ) ) ;
#4880 = CARTESIAN_POINT ( 'NONE',  ( 3.815815714343070209, -1.500000000000001110, -3.000000000000000000 ) ) ;
#4881 = FILL_AREA_STYLE ('',( #1556 ) ) ;
#4882 = ORIENTED_EDGE ( 'NONE', *, *, #6289, .T. ) ;
#4883 =( LENGTH_UNIT ( ) NAMED_UNIT ( * ) SI_UNIT ( .MILLI., .METRE. ) );
#4884 = FILL_AREA_STYLE ('',( #1558 ) ) ;
#4885 = CARTESIAN_POINT ( 'NONE',  ( -3.550000000000000266, -0.7500000000000002220, -3.500000000000000000 ) ) ;
#4886 = EDGE_CURVE ( 'NONE', #2049, #10516, #1268, .T. ) ;
#4887 = SURFACE_STYLE_FILL_AREA ( #1561 ) ;
#4888 = CARTESIAN_POINT ( 'NONE',  ( -0.2484495223899280680, 0.07429648307378269867, -0.9899999999999997691 ) ) ;
#4889 = CARTESIAN_POINT ( 'NONE',  ( 0.1273354912857676269, 0.2064588104196278251, -1.000000000000000222 ) ) ;
#4890 = DIRECTION ( 'NONE',  ( -1.000000000000000000, 1.239088197126291063E-16, 0.0000000000000000000 ) ) ;
#4891 = CARTESIAN_POINT ( 'NONE',  ( 0.5500000000000003775, 1.500000000000000444, -2.000000000000000000 ) ) ;
#4892 = CARTESIAN_POINT ( 'NONE',  ( 0.07508563492340845913, 0.03207743541199725712, -1.000000000000000000 ) ) ;
#4893 = EDGE_LOOP ( 'NONE', ( #7245, #3788, #8626, #9868 ) ) ;
#4894 = PRESENTATION_STYLE_ASSIGNMENT (( #1572 ) ) ;
#4895 = ADVANCED_FACE ( 'NONE', ( #459 ), #6541, .T. ) ;
#4896 = SURFACE_SIDE_STYLE ('',( #1573 ) ) ;
#4897 = DIRECTION ( 'NONE',  ( 0.3390537954853694580, 0.9407669869669987861, 0.0000000000000000000 ) ) ;
#4898 = CARTESIAN_POINT ( 'NONE',  ( -0.1350785135819890237, 0.2314008446632696836, -0.9899999999999999911 ) ) ;
#4899 = VERTEX_POINT ( 'NONE', #3795 ) ;
#4900 = EDGE_CURVE ( 'NONE', #5233, #9194, #4710, .T. ) ;
#4901 =( LENGTH_UNIT ( ) NAMED_UNIT ( * ) SI_UNIT ( .MILLI., .METRE. ) );
#4902 = VERTEX_POINT ( 'NONE', #3880 ) ;
#4903 = UNCERTAINTY_MEASURE_WITH_UNIT (LENGTH_MEASURE( 1.000000000000000082E-05 ), #3392, 'distance_accuracy_value', 'NONE');
#4904 =( LENGTH_UNIT ( ) NAMED_UNIT ( * ) SI_UNIT ( .MILLI., .METRE. ) );
#4905 = EDGE_LOOP ( 'NONE', ( #1912, #1109, #9246, #4623 ) ) ;
#4906 = CARTESIAN_POINT ( 'NONE',  ( 0.07143022947521551758, 0.2319065122094802756, -0.9899999999999999911 ) ) ;
#4907 = SURFACE_STYLE_FILL_AREA ( #1583 ) ;
#4908 = PRESENTATION_STYLE_ASSIGNMENT (( #1584 ) ) ;
#4909 = UNCERTAINTY_MEASURE_WITH_UNIT (LENGTH_MEASURE( 1.000000000000000082E-05 ), #4768, 'distance_accuracy_value', 'NONE');
#4910 = AXIS2_PLACEMENT_3D ( 'NONE', #14, #3329, #6635 ) ;
#4911 = ORIENTED_EDGE ( 'NONE', *, *, #7278, .T. ) ;
#4912 = CARTESIAN_POINT ( 'NONE',  ( -0.1350785135819890237, 0.2314008446632696836, -1.000000000000000000 ) ) ;
#4913 = EDGE_CURVE ( 'NONE', #2487, #10326, #3244, .T. ) ;
#4914 = ORIENTED_EDGE ( 'NONE', *, *, #7813, .F. ) ;
#4915 = VERTEX_POINT ( 'NONE', #6399 ) ;
#4916 = FILL_AREA_STYLE ('',( #1591 ) ) ;
#4917 =( GEOMETRIC_REPRESENTATION_CONTEXT ( 3 ) GLOBAL_UNCERTAINTY_ASSIGNED_CONTEXT ( ( #5987 ) ) GLOBAL_UNIT_ASSIGNED_CONTEXT ( ( #6496, #5692, #4873 ) ) REPRESENTATION_CONTEXT ( 'NONE', 'WORKASPACE' ) );
#4918 = B_SPLINE_CURVE_WITH_KNOTS ( 'NONE', 2,
 ( #7004, #10277, #2877 ),
 .UNSPECIFIED., .F., .F.,
 ( 3, 3 ),
 ( 0.0000000000000000000, 1.000000000000000000 ),
 .UNSPECIFIED. ) ;
#4919 = DIRECTION ( 'NONE',  ( 0.0000000000000000000, -1.000000000000000000, 0.0000000000000000000 ) ) ;
#4920 = DIRECTION ( 'NONE',  ( 0.0000000000000000000, -1.000000000000000000, 0.0000000000000000000 ) ) ;
#4921 = PRESENTATION_STYLE_ASSIGNMENT (( #1594 ) ) ;
#4922 = AXIS2_PLACEMENT_3D ( 'NONE', #8280, #826, #4144 ) ;
#4923 = SURFACE_STYLE_USAGE ( .BOTH. , #1595 ) ;
#4924 = CIRCLE ( 'NONE', #224, 0.5500000000000003775 ) ;
#4925 = MECHANICAL_DESIGN_GEOMETRIC_PRESENTATION_REPRESENTATION (  '', ( #3533 ), #7684 ) ;
#4926 = PRESENTATION_STYLE_ASSIGNMENT (( #1596 ) ) ;
#4927 = DIRECTION ( 'NONE',  ( -1.000000000000000000, 1.239088197126291063E-16, 0.0000000000000000000 ) ) ;
#4928 = DIRECTION ( 'NONE',  ( -1.000000000000000000, 1.239088197126291063E-16, 0.0000000000000000000 ) ) ;
#4929 = CARTESIAN_POINT ( 'NONE',  ( 0.0000000000000000000, 0.0000000000000000000, -1.000000000000000000 ) ) ;
#4930 =( LENGTH_UNIT ( ) NAMED_UNIT ( * ) SI_UNIT ( .MILLI., .METRE. ) );
#4931 = SURFACE_STYLE_USAGE ( .BOTH. , #1600 ) ;
#4932 =( NAMED_UNIT ( * ) SI_UNIT ( $, .STERADIAN. ) SOLID_ANGLE_UNIT ( ) );
#4933 = ORIENTED_EDGE ( 'NONE', *, *, #2075, .T. ) ;
#4934 = CARTESIAN_POINT ( 'NONE',  ( -0.2958150187781501406, 0.1227339288060766559, -0.9900000000000002132 ) ) ;
#4935 =( NAMED_UNIT ( * ) SI_UNIT ( $, .STERADIAN. ) SOLID_ANGLE_UNIT ( ) );
#4936 =( GEOMETRIC_REPRESENTATION_CONTEXT ( 3 ) GLOBAL_UNCERTAINTY_ASSIGNED_CONTEXT ( ( #3608 ) ) GLOBAL_UNIT_ASSIGNED_CONTEXT ( ( #4883, #4061, #3256 ) ) REPRESENTATION_CONTEXT ( 'NONE', 'WORKASPACE' ) );
#4937 = FILL_AREA_STYLE_COLOUR ( '', #5798 ) ;
#4938 = AXIS2_PLACEMENT_3D ( 'NONE', #1019, #4328, #7633 ) ;
#4939 = AXIS2_PLACEMENT_3D ( 'NONE', #5764, #9052, #1628 ) ;
#4940 = CARTESIAN_POINT ( 'NONE',  ( -0.2680742036532294259, 0.1155778795211428178, -0.9999999999999993339 ) ) ;
#4941 = AXIS2_PLACEMENT_3D ( 'NONE', #2349, #5677, #8970 ) ;
#4942 = CARTESIAN_POINT ( 'NONE',  ( 0.1722385595887427345, 0.1292666983218062615, -1.000000000000000000 ) ) ;
#4943 = STYLED_ITEM ( 'NONE', ( #6798 ), #7105 ) ;
#4944 = CARTESIAN_POINT ( 'NONE',  ( 0.05559941797663486840, 0.2021704889007301664, -1.000000000000000000 ) ) ;
#4945 = CARTESIAN_POINT ( 'NONE',  ( 0.05028734007654758753, 0.1990837714925379476, -0.9899999999999999911 ) ) ;
#4946 = DIRECTION ( 'NONE',  ( -1.000000000000000000, -1.239088197126291063E-16, 0.0000000000000000000 ) ) ;
#4947 = PRESENTATION_LAYER_ASSIGNMENT (  '', '', ( #8237 ) ) ;
#4948 = ORIENTED_EDGE ( 'NONE', *, *, #1528, .F. ) ;
#4949 = FACE_OUTER_BOUND ( 'NONE', #1880, .T. ) ;
#4950 = ADVANCED_FACE ( 'NONE', ( #9671 ), #2247, .T. ) ;
#4951 = AXIS2_PLACEMENT_3D ( 'NONE', #1460, #4789, #8098 ) ;
#4952 = VECTOR ( 'NONE', #9549, 1000.000000000000000 ) ;
#4953 = LINE ( 'NONE', #8269, #8425 ) ;
#4954 = STYLED_ITEM ( 'NONE', ( #8184 ), #2690 ) ;
#4955 = DIRECTION ( 'NONE',  ( -1.000000000000000000, -1.239088197126291063E-16, 0.0000000000000000000 ) ) ;
#4956 = VERTEX_POINT ( 'NONE', #10566 ) ;
#4957 = CARTESIAN_POINT ( 'NONE',  ( 0.05216401823154544204, 0.04073084838782765199, -0.9899999999999999911 ) ) ;
#4958 = SURFACE_SIDE_STYLE ('',( #1629 ) ) ;
#4959 =( GEOMETRIC_REPRESENTATION_CONTEXT ( 3 ) GLOBAL_UNCERTAINTY_ASSIGNED_CONTEXT ( ( #10059 ) ) GLOBAL_UNIT_ASSIGNED_CONTEXT ( ( #4346, #3527, #2710 ) ) REPRESENTATION_CONTEXT ( 'NONE', 'WORKASPACE' ) );
#4960 = VECTOR ( 'NONE', #8735, 1000.000000000000000 ) ;
#4961 = CARTESIAN_POINT ( 'NONE',  ( -3.500000000000000444, -3.000000000000000444, -0.5000000000000000000 ) ) ;
#4962 = EDGE_LOOP ( 'NONE', ( #8142, #1833, #4534, #9264 ) ) ;
#4963 = EDGE_CURVE ( 'NONE', #2673, #10236, #3159, .T. ) ;
#4964 = DIRECTION ( 'NONE',  ( -1.239088197126291063E-16, -1.000000000000000000, 0.0000000000000000000 ) ) ;
#4965 = EDGE_LOOP ( 'NONE', ( #4159, #732, #10095, #7898, #2705 ) ) ;
#4966 = TOROIDAL_SURFACE ( 'NONE', #9616, 0.7000000000000002887, 0.1499999999999999667 ) ;
#4967 = AXIS2_PLACEMENT_3D ( 'NONE', #7487, #38, #3350 ) ;
#4968 = EDGE_CURVE ( 'NONE', #98, #7483, #2353, .T. ) ;
#4969 = CARTESIAN_POINT ( 'NONE',  ( 1.450000000000000178, -0.9500000000000000666, -2.000000000000000000 ) ) ;
#4970 = ORIENTED_EDGE ( 'NONE', *, *, #2766, .F. ) ;
#4971 = CARTESIAN_POINT ( 'NONE',  ( 3.549999999999998934, -2.250000000000001332, -3.000000000000000000 ) ) ;
#4972 = CIRCLE ( 'NONE', #9624, 0.1499999999999999667 ) ;
#4973 = SURFACE_STYLE_USAGE ( .BOTH. , #1652 ) ;
#4974 = CARTESIAN_POINT ( 'NONE',  ( 1.749999999999999778, 2.249999999999999112, -3.000000000000000000 ) ) ;
#4975 = AXIS2_PLACEMENT_3D ( 'NONE', #5682, #8974, #1543 ) ;
#4976 = CARTESIAN_POINT ( 'NONE',  ( 1.749999999999999112, -2.250000000000000888, -3.000000000000000000 ) ) ;
#4977 = ORIENTED_EDGE ( 'NONE', *, *, #9379, .F. ) ;
#4978 = ORIENTED_EDGE ( 'NONE', *, *, #1197, .F. ) ;
#4979 =( NAMED_UNIT ( * ) SI_UNIT ( $, .STERADIAN. ) SOLID_ANGLE_UNIT ( ) );
#4980 = FILL_AREA_STYLE_COLOUR ( '', #4801 ) ;
#4981 = EDGE_CURVE ( 'NONE', #1391, #1352, #1539, .T. ) ;
#4982 = CARTESIAN_POINT ( 'NONE',  ( -1.750000000000000222, 2.249999999999999556, -3.500000000000000000 ) ) ;
#4983 = CIRCLE ( 'NONE', #286, 0.8500000000000000888 ) ;
#4984 = AXIS2_PLACEMENT_3D ( 'NONE', #3931, #7247, #10514 ) ;
#4985 =( LENGTH_UNIT ( ) NAMED_UNIT ( * ) SI_UNIT ( .MILLI., .METRE. ) );
#4986 = DIRECTION ( 'NONE',  ( -0.0000000000000000000, 0.0000000000000000000, -1.000000000000000000 ) ) ;
#4987 = SURFACE_STYLE_USAGE ( .BOTH. , #1667 ) ;
#4988 =( LENGTH_UNIT ( ) NAMED_UNIT ( * ) SI_UNIT ( .MILLI., .METRE. ) );
#4989 = LINE ( 'NONE', #8310, #7558 ) ;
#4990 = STYLED_ITEM ( 'NONE', ( #9701 ), #6190 ) ;
#4991 = FILL_AREA_STYLE ('',( #1670 ) ) ;
#4992 = CIRCLE ( 'NONE', #298, 0.1499999999999999667 ) ;
#4993 = AXIS2_PLACEMENT_3D ( 'NONE', #7997, #545, #3864 ) ;
#4994 = ORIENTED_EDGE ( 'NONE', *, *, #7734, .T. ) ;
#4995 = CARTESIAN_POINT ( 'NONE',  ( -0.2733390322204207745, 0.06653577074004084213, -1.000000000000000222 ) ) ;
#4996 = SURFACE_STYLE_USAGE ( .BOTH. , #1673 ) ;
#4997 = DIRECTION ( 'NONE',  ( 0.3536223923290757187, -0.9353882635801356038, 0.0000000000000000000 ) ) ;
#4998 = ORIENTED_EDGE ( 'NONE', *, *, #8382, .T. ) ;
#4999 = VECTOR ( 'NONE', #4423, 1000.000000000000000 ) ;
#5000 = CARTESIAN_POINT ( 'NONE',  ( 0.2161409986131329897, 0.03140084466326965168, -0.9899999999999999911 ) ) ;
#5001 = LINE ( 'NONE', #8320, #350 ) ;
#5002 = AXIS2_PLACEMENT_3D ( 'NONE', #7161, #10424, #3018 ) ;
#5003 = VECTOR ( 'NONE', #2227, 1000.000000000000000 ) ;
#5004 = VECTOR ( 'NONE', #33, 1000.000000000000000 ) ;
#5005 = DIRECTION ( 'NONE',  ( -0.0000000000000000000, -0.0000000000000000000, -1.000000000000000000 ) ) ;
#5006 = SURFACE_STYLE_FILL_AREA ( #1684 ) ;
#5007 = SURFACE_STYLE_FILL_AREA ( #1690 ) ;
#5008 = B_SPLINE_SURFACE_WITH_KNOTS ( 'NONE', 2, 1, ( 
 ( #9869, #8337 ),
 ( #886, #4200 ),
 ( #7507, #64 ) ),
 .UNSPECIFIED., .F., .F., .F.,
 ( 3, 3 ),
 ( 2, 2 ),
 ( 0.0000000000000000000, 1.000000000000000000 ),
 ( 0.0000000000000000000, 1.000000000000000000 ),
 .UNSPECIFIED. ) ;
#5009 = ORIENTED_EDGE ( 'NONE', *, *, #772, .F. ) ;
#5010 =( NAMED_UNIT ( * ) PLANE_ANGLE_UNIT ( ) SI_UNIT ( $, .RADIAN. ) );
#5011 =( LENGTH_UNIT ( ) NAMED_UNIT ( * ) SI_UNIT ( .MILLI., .METRE. ) );
#5012 = SURFACE_STYLE_FILL_AREA ( #1694 ) ;
#5013 = CARTESIAN_POINT ( 'NONE',  ( 0.1989807231903930884, 0.1315190810315705339, -0.9999999999999997780 ) ) ;
#5014 = FILL_AREA_STYLE ('',( #1696 ) ) ;
#5015 = ADVANCED_FACE ( 'NONE', ( #715 ), #7754, .T. ) ;
#5016 = ORIENTED_EDGE ( 'NONE', *, *, #4739, .F. ) ;
#5017 = DIRECTION ( 'NONE',  ( -1.275531967630004752E-16, -1.000000000000000000, 0.0000000000000000000 ) ) ;
#5018 = LINE ( 'NONE', #8330, #2993 ) ;
#5019 = DIRECTION ( 'NONE',  ( 1.000000000000000000, 0.0000000000000000000, -0.0000000000000000000 ) ) ;
#5020 = UNCERTAINTY_MEASURE_WITH_UNIT (LENGTH_MEASURE( 1.000000000000000082E-05 ), #9886, 'distance_accuracy_value', 'NONE');
#5021 = DIRECTION ( 'NONE',  ( 0.0000000000000000000, 1.000000000000000000, 0.0000000000000000000 ) ) ;
#5022 = CARTESIAN_POINT ( 'NONE',  ( 1.749999999999999556, 1.000000000000000000, -2.000000000000000000 ) ) ;
#5023 = ADVANCED_FACE ( 'NONE', ( #4037 ), #3946, .T. ) ;
#5024 = VERTEX_POINT ( 'NONE', #4969 ) ;
#5025 = DIRECTION ( 'NONE',  ( 0.0000000000000000000, -1.000000000000000000, 0.0000000000000000000 ) ) ;
#5026 = FILL_AREA_STYLE ('',( #1712 ) ) ;
#5027 = SURFACE_STYLE_FILL_AREA ( #1713 ) ;
#5028 = ORIENTED_EDGE ( 'NONE', *, *, #6904, .T. ) ;
#5029 = VERTEX_POINT ( 'NONE', #5887 ) ;
#5030 = SURFACE_SIDE_STYLE ('',( #1716 ) ) ;
#5031 = DIRECTION ( 'NONE',  ( 0.0000000000000000000, 1.000000000000000000, 0.0000000000000000000 ) ) ;
#5032 = DIRECTION ( 'NONE',  ( -1.000000000000000000, 0.0000000000000000000, 0.0000000000000000000 ) ) ;
#5033 = PLANE ( 'NONE',  #1997 ) ;
#5034 = CARTESIAN_POINT ( 'NONE',  ( -3.399999999999999911, 2.899999999999999911, 0.0000000000000000000 ) ) ;
#5035 = PRESENTATION_STYLE_ASSIGNMENT (( #1723 ) ) ;
#5036 = EDGE_CURVE ( 'NONE', #7945, #4033, #5330, .T. ) ;
#5037 = PRESENTATION_STYLE_ASSIGNMENT (( #1724 ) ) ;
#5038 =( NAMED_UNIT ( * ) SI_UNIT ( $, .STERADIAN. ) SOLID_ANGLE_UNIT ( ) );
#5039 = ORIENTED_EDGE ( 'NONE', *, *, #9199, .F. ) ;
#5040 = CARTESIAN_POINT ( 'NONE',  ( -0.2117637137313404805, 0.03300153504580745356, -0.9900000000000002132 ) ) ;
#5041 = CARTESIAN_POINT ( 'NONE',  ( -0.3965906279341450680, 0.1958682730698337315, -1.000000000000000000 ) ) ;
#5042 = FILL_AREA_STYLE ('',( #1729 ) ) ;
#5043 = AXIS2_PLACEMENT_3D ( 'NONE', #5808, #9103, #1681 ) ;
#5044 = VERTEX_POINT ( 'NONE', #8376 ) ;
#5045 = PRESENTATION_STYLE_ASSIGNMENT (( #1732 ) ) ;
#5046 = CARTESIAN_POINT ( 'NONE',  ( -1.750000000000000222, -1.500000000000000000, -1.500000000000000000 ) ) ;
#5047 = CARTESIAN_POINT ( 'NONE',  ( 0.06682955292958546456, 0.2069672744207673720, -0.9900000000000004352 ) ) ;
#5048 = EDGE_CURVE ( 'NONE', #9675, #2427, #933, .T. ) ;
#5049 = ORIENTED_EDGE ( 'NONE', *, *, #7096, .T. ) ;
#5050 = CARTESIAN_POINT ( 'NONE',  ( 0.09712423032045001958, 0.2118886495413184468, -1.000000000000000000 ) ) ;
#5051 = DIRECTION ( 'NONE',  ( -1.239088197126291063E-16, -1.000000000000000000, 0.0000000000000000000 ) ) ;
#5052 = CARTESIAN_POINT ( 'NONE',  ( 0.1771937378033493493, 0.1972103781006342704, -0.9899999999999999911 ) ) ;
#5053 =( NAMED_UNIT ( * ) SI_UNIT ( $, .STERADIAN. ) SOLID_ANGLE_UNIT ( ) );
#5054 = EDGE_LOOP ( 'NONE', ( #2537, #4513, #8860, #5320 ) ) ;
#5055 = COLOUR_RGB ( '',1.000000000000000000, 1.000000000000000000, 1.000000000000000000 ) ;
#5056 = CARTESIAN_POINT ( 'NONE',  ( -0.2429758434193948491, 0.06936147093135971997, -0.9900000000000002132 ) ) ;
#5057 = CARTESIAN_POINT ( 'NONE',  ( 0.8500000000000001998, -0.6500000000000001332, -2.000000000000000000 ) ) ;
#5058 = CARTESIAN_POINT ( 'NONE',  ( -0.6499999999999995781, -1.500000000000000444, -2.000000000000000000 ) ) ;
#5059 = AXIS2_PLACEMENT_3D ( 'NONE', #1251, #4580, #7883 ) ;
#5060 = LINE ( 'NONE', #8375, #6157 ) ;
#5061 = DIRECTION ( 'NONE',  ( 1.275531967630004999E-16, -1.000000000000000000, 0.0000000000000000000 ) ) ;
#5062 = VERTEX_POINT ( 'NONE', #128 ) ;
#5063 = CARTESIAN_POINT ( 'NONE',  ( 0.1892947274890143805, 0.07875362061927657087, -1.000000000000000000 ) ) ;
#5064 = PRESENTATION_STYLE_ASSIGNMENT (( #1756 ) ) ;
#5065 =( NAMED_UNIT ( * ) SI_UNIT ( $, .STERADIAN. ) SOLID_ANGLE_UNIT ( ) );
#5066 = VERTEX_POINT ( 'NONE', #3443 ) ;
#5067 = ORIENTED_EDGE ( 'NONE', *, *, #6000, .T. ) ;
#5068 = EDGE_CURVE ( 'NONE', #6573, #4915, #2021, .T. ) ;
#5069 = CARTESIAN_POINT ( 'NONE',  ( -0.2663794647228267531, 0.1590567915938213839, -1.000000000000000222 ) ) ;
#5070 = DIRECTION ( 'NONE',  ( 0.0000000000000000000, -0.0000000000000000000, -1.000000000000000000 ) ) ;
#5071 = DIRECTION ( 'NONE',  ( 1.000000000000000000, 0.0000000000000000000, 0.0000000000000000000 ) ) ;
#5072 = CARTESIAN_POINT ( 'NONE',  ( -0.2298116273558140354, 0.2021116079220241779, -0.9900000000000004352 ) ) ;
#5073 = CARTESIAN_POINT ( 'NONE',  ( -0.2023978482999948258, 0.2311583665304470514, -1.000000000000000000 ) ) ;
#5074 = DIRECTION ( 'NONE',  ( -1.000000000000000000, 1.239088197126291063E-16, 0.0000000000000000000 ) ) ;
#5075 = CARTESIAN_POINT ( 'NONE',  ( 0.0000000000000000000, 0.0000000000000000000, -0.5000000000000000000 ) ) ;
#5076 = COLOUR_RGB ( '',0.7529411764705882248, 0.7529411764705882248, 0.7529411764705882248 ) ;
#5077 = CARTESIAN_POINT ( 'NONE',  ( 0.2161409986131329897, 0.03140084466326965168, -0.9899999999999999911 ) ) ;
#5078 = SURFACE_SIDE_STYLE ('',( #1770 ) ) ;
#5079 = EDGE_CURVE ( 'NONE', #4956, #8019, #3426, .T. ) ;
#5080 = EDGE_LOOP ( 'NONE', ( #4518, #7249, #509, #972 ) ) ;
#5081 = SURFACE_SIDE_STYLE ('',( #1772 ) ) ;
#5082 =( LENGTH_UNIT ( ) NAMED_UNIT ( * ) SI_UNIT ( .MILLI., .METRE. ) );
#5083 = SURFACE_SIDE_STYLE ('',( #1773 ) ) ;
#5084 = PRESENTATION_LAYER_ASSIGNMENT (  '', '', ( #9742 ) ) ;
#5085 =( NAMED_UNIT ( * ) SI_UNIT ( $, .STERADIAN. ) SOLID_ANGLE_UNIT ( ) );
#5086 = ADVANCED_FACE ( 'NONE', ( #5118 ), #10322, .T. ) ;
#5087 = ORIENTED_EDGE ( 'NONE', *, *, #8263, .T. ) ;
#5088 = CARTESIAN_POINT ( 'NONE',  ( 0.3185800230033769553, 0.2314008446632696836, -0.9899999999999999911 ) ) ;
#5089 = CARTESIAN_POINT ( 'NONE',  ( 0.07508563492340845913, 0.03207743541199725712, -1.000000000000000000 ) ) ;
#5090 = PRESENTATION_LAYER_ASSIGNMENT (  '', '', ( #9746 ) ) ;
#5091 = ORIENTED_EDGE ( 'NONE', *, *, #6457, .F. ) ;
#5092 = CARTESIAN_POINT ( 'NONE',  ( 0.09712423032045001958, 0.2118886495413184468, -1.000000000000000000 ) ) ;
#5093 = FILL_AREA_STYLE ('',( #1778 ) ) ;
#5094 = MECHANICAL_DESIGN_GEOMETRIC_PRESENTATION_REPRESENTATION (  '', ( #3716 ), #7876 ) ;
#5095 = VERTEX_POINT ( 'NONE', #8446 ) ;
#5096 = CARTESIAN_POINT ( 'NONE',  ( -0.1894611355332085079, 0.03140084466326965168, -0.9899999999999999911 ) ) ;
#5097 = CLOSED_SHELL ( 'NONE', ( #1034, #5819, #5086, #10544 ) ) ;
#5098 = DIRECTION ( 'NONE',  ( -1.000000000000000000, 0.0000000000000000000, 0.0000000000000000000 ) ) ;
#5099 =( NAMED_UNIT ( * ) PLANE_ANGLE_UNIT ( ) SI_UNIT ( $, .RADIAN. ) );
#5100 = PRESENTATION_LAYER_ASSIGNMENT (  '', '', ( #9757 ) ) ;
#5101 = VECTOR ( 'NONE', #9404, 1000.000000000000000 ) ;
#5102 =( GEOMETRIC_REPRESENTATION_CONTEXT ( 3 ) GLOBAL_UNCERTAINTY_ASSIGNED_CONTEXT ( ( #10258 ) ) GLOBAL_UNIT_ASSIGNED_CONTEXT ( ( #3368, #2556, #1884 ) ) REPRESENTATION_CONTEXT ( 'NONE', 'WORKASPACE' ) );
#5103 = CARTESIAN_POINT ( 'NONE',  ( 0.1283297090570267862, 0.2299065827993552746, -1.000000000000000444 ) ) ;
#5104 = CARTESIAN_POINT ( 'NONE',  ( -0.2077591614994486746, 0.05455344538333414817, -1.000000000000000000 ) ) ;
#5105 = ORIENTED_EDGE ( 'NONE', *, *, #2629, .T. ) ;
#5106 = DIRECTION ( 'NONE',  ( -1.000000000000000000, -0.0000000000000000000, -0.0000000000000000000 ) ) ;
#5107 = DIRECTION ( 'NONE',  ( 0.0000000000000000000, -1.000000000000000000, 0.0000000000000000000 ) ) ;
#5108 =( GEOMETRIC_REPRESENTATION_CONTEXT ( 3 ) GLOBAL_UNCERTAINTY_ASSIGNED_CONTEXT ( ( #4696 ) ) GLOBAL_UNIT_ASSIGNED_CONTEXT ( ( #8648, #7823, #7007 ) ) REPRESENTATION_CONTEXT ( 'NONE', 'WORKASPACE' ) );
#5109 = PRESENTATION_LAYER_ASSIGNMENT (  '', '', ( #9770 ) ) ;
#5110 = CARTESIAN_POINT ( 'NONE',  ( 0.1087896401917259476, 0.02903925168999599640, -0.9899999999999999911 ) ) ;
#5111 = UNCERTAINTY_MEASURE_WITH_UNIT (LENGTH_MEASURE( 1.000000000000000082E-05 ), #6470, 'distance_accuracy_value', 'NONE');
#5112 = CARTESIAN_POINT ( 'NONE',  ( -1.249999999999999556, -1.500000000000000444, -2.000000000000000000 ) ) ;
#5113 = MECHANICAL_DESIGN_GEOMETRIC_PRESENTATION_REPRESENTATION (  '', ( #6510 ), #2334 ) ;
#5114 = FILL_AREA_STYLE ('',( #1797 ) ) ;
#5115 = CARTESIAN_POINT ( 'NONE',  ( -0.9499999999999995115, -2.350000000000000533, -2.000000000000000000 ) ) ;
#5116 = UNCERTAINTY_MEASURE_WITH_UNIT (LENGTH_MEASURE( 1.000000000000000082E-05 ), #1276, 'distance_accuracy_value', 'NONE');
#5117 =( GEOMETRIC_REPRESENTATION_CONTEXT ( 3 ) GLOBAL_UNCERTAINTY_ASSIGNED_CONTEXT ( ( #9651 ) ) GLOBAL_UNIT_ASSIGNED_CONTEXT ( ( #6292, #5482, #4681 ) ) REPRESENTATION_CONTEXT ( 'NONE', 'WORKASPACE' ) );
#5118 = FACE_OUTER_BOUND ( 'NONE', #9051, .T. ) ;
#5119 = PRESENTATION_LAYER_ASSIGNMENT (  '', '', ( #9777 ) ) ;
#5120 = STYLED_ITEM ( 'NONE', ( #1405 ), #4369 ) ;
#5121 = EDGE_LOOP ( 'NONE', ( #8898, #5454, #3675, #4970 ) ) ;
#5122 = LINE ( 'NONE', #8448, #9478 ) ;
#5123 = AXIS2_PLACEMENT_3D ( 'NONE', #5253, #8571, #1132 ) ;
#5124 = FILL_AREA_STYLE ('',( #1807 ) ) ;
#5125 = UNCERTAINTY_MEASURE_WITH_UNIT (LENGTH_MEASURE( 1.000000000000000082E-05 ), #7423, 'distance_accuracy_value', 'NONE');
#5126 = FACE_OUTER_BOUND ( 'NONE', #9006, .T. ) ;
#5127 = EDGE_LOOP ( 'NONE', ( #3352, #4422, #5049, #1048 ) ) ;
#5128 = ORIENTED_EDGE ( 'NONE', *, *, #7033, .T. ) ;
#5129 = COLOUR_RGB ( '',0.7529411764705882248, 0.7529411764705882248, 0.7529411764705882248 ) ;
#5130 = AXIS2_PLACEMENT_3D ( 'NONE', #6185, #9477, #2040 ) ;
#5131 = CARTESIAN_POINT ( 'NONE',  ( -0.1942525883354721261, 0.2093910263172557018, -1.000000000000000222 ) ) ;
#5132 =( NAMED_UNIT ( * ) PLANE_ANGLE_UNIT ( ) SI_UNIT ( $, .RADIAN. ) );
#5133 = AXIS2_PLACEMENT_3D ( 'NONE', #8529, #1077, #4401 ) ;
#5134 = FILL_AREA_STYLE_COLOUR ( '', #3737 ) ;
#5135 = CARTESIAN_POINT ( 'NONE',  ( -0.2943643955602550655, 0.1549680889484864876, -1.000000000000000222 ) ) ;
#5136 = EDGE_CURVE ( 'NONE', #5929, #8480, #9333, .T. ) ;
#5137 = FACE_OUTER_BOUND ( 'NONE', #6800, .T. ) ;
#5138 = AXIS2_PLACEMENT_3D ( 'NONE', #5700, #8986, #1554 ) ;
#5139 = DIRECTION ( 'NONE',  ( -1.000000000000000000, 1.239088197126291063E-16, 0.0000000000000000000 ) ) ;
#5140 = CARTESIAN_POINT ( 'NONE',  ( 3.549999999999999378, 2.249999999999998668, -3.000000000000000000 ) ) ;
#5141 =( LENGTH_UNIT ( ) NAMED_UNIT ( * ) SI_UNIT ( .MILLI., .METRE. ) );
#5142 =( LENGTH_UNIT ( ) NAMED_UNIT ( * ) SI_UNIT ( .MILLI., .METRE. ) );
#5143 = PRESENTATION_LAYER_ASSIGNMENT (  '', '', ( #458 ) ) ;
#5144 = EDGE_LOOP ( 'NONE', ( #1969, #5287, #9307, #5479 ) ) ;
#5145 = CARTESIAN_POINT ( 'NONE',  ( 0.05028734007654758753, 0.1990837714925379476, -0.9899999999999999911 ) ) ;
#5146 = PRESENTATION_LAYER_ASSIGNMENT (  '', '', ( #9802 ) ) ;
#5147 = AXIS2_PLACEMENT_3D ( 'NONE', #4533, #7835, #386 ) ;
#5148 = FILL_AREA_STYLE ('',( #1829 ) ) ;
#5149 = ORIENTED_EDGE ( 'NONE', *, *, #4354, .T. ) ;
#5150 = CARTESIAN_POINT ( 'NONE',  ( -0.2418374979550184656, 0.2212451368651409678, -0.9899999999999999911 ) ) ;
#5151 = ADVANCED_FACE ( 'NONE', ( #8535 ), #1086, .T. ) ;
#5152 = CARTESIAN_POINT ( 'NONE',  ( 0.1721829956187173605, 0.1263424571826519960, -0.9999999999999997780 ) ) ;
#5153 = CARTESIAN_POINT ( 'NONE',  ( -0.01556631846003775181, 0.2094496251510745422, -0.9899999999999999911 ) ) ;
#5154 = VERTEX_POINT ( 'NONE', #9446 ) ;
#5155 = FACE_OUTER_BOUND ( 'NONE', #6234, .T. ) ;
#5156 = PRESENTATION_LAYER_ASSIGNMENT (  '', '', ( #9808 ) ) ;
#5157 =( NAMED_UNIT ( * ) SI_UNIT ( $, .STERADIAN. ) SOLID_ANGLE_UNIT ( ) );
#5158 = ORIENTED_EDGE ( 'NONE', *, *, #2369, .T. ) ;
#5159 = SURFACE_STYLE_FILL_AREA ( #1842 ) ;
#5160 = EDGE_CURVE ( 'NONE', #9704, #9872, #2013, .T. ) ;
#5161 = CARTESIAN_POINT ( 'NONE',  ( -0.3994840013868670714, 0.2070106007608306375, -1.000000000000000000 ) ) ;
#5162 = PRESENTATION_STYLE_ASSIGNMENT (( #1847 ) ) ;
#5163 = AXIS2_PLACEMENT_3D ( 'NONE', #6640, #9922, #2520 ) ;
#5164 =( GEOMETRIC_REPRESENTATION_CONTEXT ( 3 ) GLOBAL_UNCERTAINTY_ASSIGNED_CONTEXT ( ( #2942 ) ) GLOBAL_UNIT_ASSIGNED_CONTEXT ( ( #270, #10170, #9369 ) ) REPRESENTATION_CONTEXT ( 'NONE', 'WORKASPACE' ) );
#5165 = PLANE ( 'NONE',  #4298 ) ;
#5166 = CARTESIAN_POINT ( 'NONE',  ( -0.2690217172643742383, 0.1242901672470302088, -1.000000000000000000 ) ) ;
#5167 = EDGE_LOOP ( 'NONE', ( #3995, #3982, #7966, #9475 ) ) ;
#5168 =( LENGTH_UNIT ( ) NAMED_UNIT ( * ) SI_UNIT ( .MILLI., .METRE. ) );
#5169 = DIRECTION ( 'NONE',  ( -1.000000000000000000, -1.239088197126291063E-16, 0.0000000000000000000 ) ) ;
#5170 = EDGE_CURVE ( 'NONE', #6722, #4659, #3254, .T. ) ;
#5171 = ADVANCED_FACE ( 'NONE', ( #383 ), #3706, .F. ) ;
#5172 =( LENGTH_UNIT ( ) NAMED_UNIT ( * ) SI_UNIT ( .MILLI., .METRE. ) );
#5173 = FILL_AREA_STYLE_COLOUR ( '', #2331 ) ;
#5174 =( NAMED_UNIT ( * ) SI_UNIT ( $, .STERADIAN. ) SOLID_ANGLE_UNIT ( ) );
#5175 = SURFACE_STYLE_USAGE ( .BOTH. , #1860 ) ;
#5176 =( NAMED_UNIT ( * ) PLANE_ANGLE_UNIT ( ) SI_UNIT ( $, .RADIAN. ) );
#5177 = ORIENTED_EDGE ( 'NONE', *, *, #10323, .F. ) ;
#5178 =( LENGTH_UNIT ( ) NAMED_UNIT ( * ) SI_UNIT ( .MILLI., .METRE. ) );
#5179 = CARTESIAN_POINT ( 'NONE',  ( 0.1339559773791275388, 0.2032880043505887468, -0.9899999999999997691 ) ) ;
#5180 = FACE_OUTER_BOUND ( 'NONE', #3451, .T. ) ;
#5181 =( NAMED_UNIT ( * ) SI_UNIT ( $, .STERADIAN. ) SOLID_ANGLE_UNIT ( ) );
#5182 = ADVANCED_FACE ( 'NONE', ( #6223 ), #5517, .T. ) ;
#5183 =( NAMED_UNIT ( * ) PLANE_ANGLE_UNIT ( ) SI_UNIT ( $, .RADIAN. ) );
#5184 = ORIENTED_EDGE ( 'NONE', *, *, #1894, .F. ) ;
#5185 = ORIENTED_EDGE ( 'NONE', *, *, #2448, .F. ) ;
#5186 = DIRECTION ( 'NONE',  ( -0.0000000000000000000, 0.0000000000000000000, 1.000000000000000000 ) ) ;
#5187 = DIRECTION ( 'NONE',  ( -1.517445394471977106E-32, -1.224646799147353207E-16, 1.000000000000000000 ) ) ;
#5188 = FILL_AREA_STYLE_COLOUR ( '', #7918 ) ;
#5189 = PRESENTATION_STYLE_ASSIGNMENT (( #1874 ) ) ;
#5190 = CARTESIAN_POINT ( 'NONE',  ( -1.750000000000000444, 0.7499999999999993339, -3.000000000000000000 ) ) ;
#5191 = DIRECTION ( 'NONE',  ( -1.445602896647339410E-16, -1.000000000000000000, 0.0000000000000000000 ) ) ;
#5192 =( LENGTH_UNIT ( ) NAMED_UNIT ( * ) SI_UNIT ( .MILLI., .METRE. ) );
#5193 = CARTESIAN_POINT ( 'NONE',  ( 0.1051487508433882057, 0.2117161076589496038, -0.9900000000000002132 ) ) ;
#5194 = DIRECTION ( 'NONE',  ( -1.239088197126291063E-16, -1.000000000000000000, 0.0000000000000000000 ) ) ;
#5195 = EDGE_CURVE ( 'NONE', #10343, #5554, #9505, .T. ) ;
#5196 = ORIENTED_EDGE ( 'NONE', *, *, #7022, .F. ) ;
#5197 = LINE ( 'NONE', #8512, #758 ) ;
#5198 = EDGE_CURVE ( 'NONE', #5044, #5624, #6315, .T. ) ;
#5199 = SURFACE_STYLE_FILL_AREA ( #1883 ) ;
#5200 =( NAMED_UNIT ( * ) SI_UNIT ( $, .STERADIAN. ) SOLID_ANGLE_UNIT ( ) );
#5201 = COLOUR_RGB ( '',0.2509803921568627416, 0.2509803921568627416, 0.2509803921568627416 ) ;
#5202 = VERTEX_POINT ( 'NONE', #5509 ) ;
#5203 = CARTESIAN_POINT ( 'NONE',  ( -1.750000000000000666, -0.7500000000000004441, -3.500000000000000000 ) ) ;
#5204 = CARTESIAN_POINT ( 'NONE',  ( 0.1574014321776503189, 0.07751575732157002518, -0.9899999999999999911 ) ) ;
#5205 = PRESENTATION_STYLE_ASSIGNMENT (( #1889 ) ) ;
#5206 = ORIENTED_EDGE ( 'NONE', *, *, #7414, .T. ) ;
#5207 =( NAMED_UNIT ( * ) PLANE_ANGLE_UNIT ( ) SI_UNIT ( $, .RADIAN. ) );
#5208 = FACE_OUTER_BOUND ( 'NONE', #483, .T. ) ;
#5209 = ORIENTED_EDGE ( 'NONE', *, *, #3957, .T. ) ;
#5210 = EDGE_CURVE ( 'NONE', #6164, #7094, #8296, .T. ) ;
#5211 = AXIS2_PLACEMENT_3D ( 'NONE', #1941, #5265, #8584 ) ;
#5212 = CARTESIAN_POINT ( 'NONE',  ( -0.4416715013868670603, 0.08749840563887940903, -1.000000000000000000 ) ) ;
#5213 = SURFACE_SIDE_STYLE ('',( #1895 ) ) ;
#5214 = ORIENTED_EDGE ( 'NONE', *, *, #6491, .T. ) ;
#5215 = CARTESIAN_POINT ( 'NONE',  ( -0.3994840013868670714, 0.2070106007608306375, -0.9899999999999999911 ) ) ;
#5216 = DIRECTION ( 'NONE',  ( -1.000000000000000000, 2.409338161078899180E-16, 0.0000000000000000000 ) ) ;
#5217 = FILL_AREA_STYLE_COLOUR ( '', #3785 ) ;
#5218 = PRESENTATION_LAYER_ASSIGNMENT (  '', '', ( #9866 ) ) ;
#5219 = PRESENTATION_STYLE_ASSIGNMENT (( #1901 ) ) ;
#5220 = UNCERTAINTY_MEASURE_WITH_UNIT (LENGTH_MEASURE( 1.000000000000000082E-05 ), #470, 'distance_accuracy_value', 'NONE');
#5221 = EDGE_CURVE ( 'NONE', #9982, #7945, #9648, .T. ) ;
#5222 = SURFACE_SIDE_STYLE ('',( #1902 ) ) ;
#5223 = UNCERTAINTY_MEASURE_WITH_UNIT (LENGTH_MEASURE( 1.000000000000000082E-05 ), #842, 'distance_accuracy_value', 'NONE');
#5224 = DIRECTION ( 'NONE',  ( 1.000000000000000000, 0.0000000000000000000, 0.0000000000000000000 ) ) ;
#5225 = EDGE_CURVE ( 'NONE', #290, #9174, #3149, .T. ) ;
#5226 = CARTESIAN_POINT ( 'NONE',  ( -3.550000000000000266, -0.7500000000000002220, -3.000000000000000000 ) ) ;
#5227 = CARTESIAN_POINT ( 'NONE',  ( -0.9499999999999995115, 2.200000000000000622, -2.000000000000000000 ) ) ;
#5228 =( NAMED_UNIT ( * ) PLANE_ANGLE_UNIT ( ) SI_UNIT ( $, .RADIAN. ) );
#5229 = ORIENTED_EDGE ( 'NONE', *, *, #9709, .T. ) ;
#5230 = DIRECTION ( 'NONE',  ( 0.3222024856061125875, -0.9466707760722534726, 0.0000000000000000000 ) ) ;
#5231 = UNCERTAINTY_MEASURE_WITH_UNIT (LENGTH_MEASURE( 1.000000000000000082E-05 ), #6574, 'distance_accuracy_value', 'NONE');
#5232 = FACE_OUTER_BOUND ( 'NONE', #248, .T. ) ;
#5233 = VERTEX_POINT ( 'NONE', #10451 ) ;
#5234 = ORIENTED_EDGE ( 'NONE', *, *, #4101, .F. ) ;
#5235 = FILL_AREA_STYLE ('',( #1913 ) ) ;
#5236 = DIRECTION ( 'NONE',  ( -1.000000000000000000, 0.0000000000000000000, 0.0000000000000000000 ) ) ;
#5237 = DIRECTION ( 'NONE',  ( -0.0000000000000000000, -0.0000000000000000000, 1.000000000000000000 ) ) ;
#5238 = DIRECTION ( 'NONE',  ( 0.0000000000000000000, -0.0000000000000000000, 1.000000000000000000 ) ) ;
#5239 = EDGE_CURVE ( 'NONE', #3331, #1715, #299, .T. ) ;
#5240 = ORIENTED_EDGE ( 'NONE', *, *, #2036, .F. ) ;
#5241 = CARTESIAN_POINT ( 'NONE',  ( -0.09117607455759875468, 0.2094496251510745422, -0.9899999999999999911 ) ) ;
#5242 = DIRECTION ( 'NONE',  ( 1.000000000000000000, 0.0000000000000000000, 0.0000000000000000000 ) ) ;
#5243 = CARTESIAN_POINT ( 'NONE',  ( 0.1460284743902831583, 0.1948520724132572768, -0.9999999999999997780 ) ) ;
#5244 =( NAMED_UNIT ( * ) PLANE_ANGLE_UNIT ( ) SI_UNIT ( $, .RADIAN. ) );
#5245 = CARTESIAN_POINT ( 'NONE',  ( -0.2691592989289213755, 0.1364086192517518781, -0.9899999999999999911 ) ) ;
#5246 = ORIENTED_EDGE ( 'NONE', *, *, #1043, .T. ) ;
#5247 = SURFACE_STYLE_USAGE ( .BOTH. , #1925 ) ;
#5248 = CARTESIAN_POINT ( 'NONE',  ( 0.09083472352101702729, 0.2117935567313274647, -0.9900000000000002132 ) ) ;
#5249 = FILL_AREA_STYLE_COLOUR ( '', #4800 ) ;
#5250 = PRESENTATION_STYLE_ASSIGNMENT (( #1929 ) ) ;
#5251 = ORIENTED_EDGE ( 'NONE', *, *, #1846, .F. ) ;
#5252 = CARTESIAN_POINT ( 'NONE',  ( 0.1236022069861121980, 0.05374865240460126314, -1.000000000000000000 ) ) ;
#5253 = CARTESIAN_POINT ( 'NONE',  ( -0.3590495501673549028, 0.08749840563887940903, -0.9899999999999999911 ) ) ;
#5254 = ORIENTED_EDGE ( 'NONE', *, *, #4875, .F. ) ;
#5255 = LINE ( 'NONE', #8574, #7949 ) ;
#5256 =( NAMED_UNIT ( * ) PLANE_ANGLE_UNIT ( ) SI_UNIT ( $, .RADIAN. ) );
#5257 = VERTEX_POINT ( 'NONE', #4741 ) ;
#5258 = FILL_AREA_STYLE_COLOUR ( '', #3705 ) ;
#5259 = SURFACE_STYLE_FILL_AREA ( #1938 ) ;
#5260 = COLOUR_RGB ( '',0.7921568627450980005, 0.8196078431372548767, 0.9333333333333333481 ) ;
#5261 = CARTESIAN_POINT ( 'NONE',  ( 3.500000000000000000, -0.7500000000000011102, -3.500000000000000000 ) ) ;
#5262 = VECTOR ( 'NONE', #9183, 1000.000000000000000 ) ;
#5263 = FILL_AREA_STYLE ('',( #1940 ) ) ;
#5264 = MECHANICAL_DESIGN_GEOMETRIC_PRESENTATION_REPRESENTATION (  '', ( #3882 ), #8041 ) ;
#5265 = DIRECTION ( 'NONE',  ( -1.000000000000000000, 1.239088197126291063E-16, 0.0000000000000000000 ) ) ;
#5266 = ORIENTED_EDGE ( 'NONE', *, *, #9820, .F. ) ;
#5267 = DIRECTION ( 'NONE',  ( -1.000000000000000000, 0.0000000000000000000, 0.0000000000000000000 ) ) ;
#5268 = AXIS2_PLACEMENT_3D ( 'NONE', #7376, #10651, #3251 ) ;
#5269 = DIRECTION ( 'NONE',  ( 0.0000000000000000000, 0.0000000000000000000, -1.000000000000000000 ) ) ;
#5270 = EDGE_CURVE ( 'NONE', #1658, #7862, #1693, .T. ) ;
#5271 = AXIS2_PLACEMENT_3D ( 'NONE', #1598, #4928, #8244 ) ;
#5272 = STYLED_ITEM ( 'NONE', ( #10033 ), #9775 ) ;
#5273 =( GEOMETRIC_REPRESENTATION_CONTEXT ( 3 ) GLOBAL_UNCERTAINTY_ASSIGNED_CONTEXT ( ( #5020 ) ) GLOBAL_UNIT_ASSIGNED_CONTEXT ( ( #9886, #9096, #8316 ) ) REPRESENTATION_CONTEXT ( 'NONE', 'WORKASPACE' ) );
#5274 = STYLED_ITEM ( 'NONE', ( #8018 ), #6958 ) ;
#5275 = VECTOR ( 'NONE', #1390, 1000.000000000000000 ) ;
#5276 = PRESENTATION_STYLE_ASSIGNMENT (( #1949 ) ) ;
#5277 = PRESENTATION_LAYER_ASSIGNMENT (  '', '', ( #9929 ) ) ;
#5278 = SURFACE_SIDE_STYLE ('',( #1950 ) ) ;
#5279 = ADVANCED_FACE ( 'NONE', ( #7244 ), #10511, .T. ) ;
#5280 = STYLED_ITEM ( 'NONE', ( #2508 ), #7927 ) ;
#5281 = AXIS2_PLACEMENT_3D ( 'NONE', #4827, #8133, #675 ) ;
#5282 = CARTESIAN_POINT ( 'NONE',  ( -0.3499999999999996447, 1.500000000000000444, -2.000000000000000000 ) ) ;
#5283 = ORIENTED_EDGE ( 'NONE', *, *, #6301, .T. ) ;
#5284 = FILL_AREA_STYLE ('',( #1953 ) ) ;
#5285 =( NAMED_UNIT ( * ) PLANE_ANGLE_UNIT ( ) SI_UNIT ( $, .RADIAN. ) );
#5286 = ORIENTED_EDGE ( 'NONE', *, *, #6864, .F. ) ;
#5287 = ORIENTED_EDGE ( 'NONE', *, *, #3648, .F. ) ;
#5288 = MECHANICAL_DESIGN_GEOMETRIC_PRESENTATION_REPRESENTATION (  '', ( #6679 ), #2509 ) ;
#5289 =( NAMED_UNIT ( * ) SI_UNIT ( $, .STERADIAN. ) SOLID_ANGLE_UNIT ( ) );
#5290 = EDGE_CURVE ( 'NONE', #6089, #987, #3955, .T. ) ;
#5291 = DIRECTION ( 'NONE',  ( 1.000000000000000000, -2.168404344971008868E-16, -0.0000000000000000000 ) ) ;
#5292 = CARTESIAN_POINT ( 'NONE',  ( -1.750000000000000888, -2.250000000000000444, -3.000000000000000000 ) ) ;
#5293 =( GEOMETRIC_REPRESENTATION_CONTEXT ( 3 ) GLOBAL_UNCERTAINTY_ASSIGNED_CONTEXT ( ( #9219 ) ) GLOBAL_UNIT_ASSIGNED_CONTEXT ( ( #3646, #2805, #1996 ) ) REPRESENTATION_CONTEXT ( 'NONE', 'WORKASPACE' ) );
#5294 =( GEOMETRIC_REPRESENTATION_CONTEXT ( 3 ) GLOBAL_UNCERTAINTY_ASSIGNED_CONTEXT ( ( #8282 ) ) GLOBAL_UNIT_ASSIGNED_CONTEXT ( ( #1747, #925, #121 ) ) REPRESENTATION_CONTEXT ( 'NONE', 'WORKASPACE' ) );
#5295 = CARTESIAN_POINT ( 'NONE',  ( -0.2692248550454036105, 0.1333444422242452687, -0.9899999999999999911 ) ) ;
#5296 = SURFACE_STYLE_USAGE ( .BOTH. , #1966 ) ;
#5297 = EDGE_LOOP ( 'NONE', ( #8318, #10130, #9953, #6002 ) ) ;
#5298 = DIRECTION ( 'NONE',  ( -1.517445394471977106E-32, 1.224646799147353207E-16, -1.000000000000000000 ) ) ;
#5299 = VECTOR ( 'NONE', #3015, 1000.000000000000000 ) ;
#5300 = PRESENTATION_STYLE_ASSIGNMENT (( #1972 ) ) ;
#5301 = CIRCLE ( 'NONE', #610, 0.5500000000000003775 ) ;
#5302 = PRESENTATION_LAYER_ASSIGNMENT (  '', '', ( #9946 ) ) ;
#5303 = CARTESIAN_POINT ( 'NONE',  ( 0.1710843219962014661, 0.1471589523018357604, -0.9900000000000002132 ) ) ;
#5304 = DIRECTION ( 'NONE',  ( 0.0000000000000000000, -1.000000000000000000, 0.0000000000000000000 ) ) ;
#5305 = CARTESIAN_POINT ( 'NONE',  ( -0.2572912302160101361, 0.1796899146309494100, -0.9999999999999993339 ) ) ;
#5306 = EDGE_CURVE ( 'NONE', #6489, #8340, #5339, .T. ) ;
#5307 = VERTEX_POINT ( 'NONE', #6527 ) ;
#5308 =( LENGTH_UNIT ( ) NAMED_UNIT ( * ) SI_UNIT ( .MILLI., .METRE. ) );
#5309 =( GEOMETRIC_REPRESENTATION_CONTEXT ( 3 ) GLOBAL_UNCERTAINTY_ASSIGNED_CONTEXT ( ( #1643 ) ) GLOBAL_UNIT_ASSIGNED_CONTEXT ( ( #9544, #8743, #7942 ) ) REPRESENTATION_CONTEXT ( 'NONE', 'WORKASPACE' ) );
#5310 = LINE ( 'NONE', #6397, #7362 ) ;
#5311 = CARTESIAN_POINT ( 'NONE',  ( -3.550000000000000266, 0.7499999999999995559, -3.000000000000000000 ) ) ;
#5312 = CIRCLE ( 'NONE', #615, 0.5000000000000000000 ) ;
#5313 = EDGE_LOOP ( 'NONE', ( #2588, #5371, #4806, #9489 ) ) ;
#5314 = CARTESIAN_POINT ( 'NONE',  ( -0.1951934351757467490, 0.2313189462727532064, -1.000000000000000000 ) ) ;
#5315 = CARTESIAN_POINT ( 'NONE',  ( -0.04999999999999967665, -1.500000000000000444, -2.000000000000000000 ) ) ;
#5316 =( GEOMETRIC_REPRESENTATION_CONTEXT ( 3 ) GLOBAL_UNCERTAINTY_ASSIGNED_CONTEXT ( ( #7969 ) ) GLOBAL_UNIT_ASSIGNED_CONTEXT ( ( #1915, #1101, #293 ) ) REPRESENTATION_CONTEXT ( 'NONE', 'WORKASPACE' ) );
#5317 = CARTESIAN_POINT ( 'NONE',  ( -0.3657949769966231668, 0.1094496251510745366, -0.9899999999999999911 ) ) ;
#5318 = CARTESIAN_POINT ( 'NONE',  ( 0.05187936477867836904, 0.2265592777113955569, -1.000000000000000000 ) ) ;
#5319 = LINE ( 'NONE', #8640, #665 ) ;
#5320 = ORIENTED_EDGE ( 'NONE', *, *, #6457, .T. ) ;
#5321 = AXIS2_PLACEMENT_3D ( 'NONE', #6064, #9347, #1919 ) ;
#5322 = CARTESIAN_POINT ( 'NONE',  ( 0.1598493380493382077, 0.04402090743545410828, -1.000000000000000222 ) ) ;
#5323 = COLOUR_RGB ( '',0.9882352941176471006, 0.7372549019607843590, 0.5176470588235293491 ) ;
#5324 =( GEOMETRIC_REPRESENTATION_CONTEXT ( 3 ) GLOBAL_UNCERTAINTY_ASSIGNED_CONTEXT ( ( #5351 ) ) GLOBAL_UNIT_ASSIGNED_CONTEXT ( ( #8506, #7670, #6870 ) ) REPRESENTATION_CONTEXT ( 'NONE', 'WORKASPACE' ) );
#5325 =( NAMED_UNIT ( * ) SI_UNIT ( $, .STERADIAN. ) SOLID_ANGLE_UNIT ( ) );
#5326 = STYLED_ITEM ( 'NONE', ( #2090 ), #1825 ) ;
#5327 = CIRCLE ( 'NONE', #634, 0.8500000000000000888 ) ;
#5328 = CARTESIAN_POINT ( 'NONE',  ( 0.1466763245437497087, 0.2225896789443952140, -1.000000000000000000 ) ) ;
#5329 = AXIS2_PLACEMENT_3D ( 'NONE', #7402, #10677, #3275 ) ;
#5330 = CIRCLE ( 'NONE', #637, 0.8500000000000000888 ) ;
#5331 = ORIENTED_EDGE ( 'NONE', *, *, #1725, .T. ) ;
#5332 = DIRECTION ( 'NONE',  ( 0.0000000000000000000, 0.0000000000000000000, 1.000000000000000000 ) ) ;
#5333 = B_SPLINE_SURFACE_WITH_KNOTS ( 'NONE', 3, 1, ( 
 ( #4945, #3360 ),
 ( #6676, #9952 ),
 ( #2549, #5874 ),
 ( #9158, #1735 ),
 ( #5047, #8363 ),
 ( #912, #4228 ),
 ( #7541, #102 ),
 ( #3425, #6730 ),
 ( #10001, #2596 ),
 ( #5913, #9197 ),
 ( #1777, #5092 ) ),
 .UNSPECIFIED., .F., .F., .F.,
 ( 4, 1, 1, 1, 1, 1, 1, 1, 4 ),
 ( 2, 2 ),
 ( 0.0000000000000000000, 0.1252796967356259727, 0.2494199707420513001, 0.3733567994928199130, 0.4966812787822861286, 0.6202029157439825635, 0.7450863201614565945, 0.8712691950190978307, 1.000000000000000000 ),
 ( 0.0000000000000000000, 1.000000000000000000 ),
 .UNSPECIFIED. ) ;
#5334 = FACE_OUTER_BOUND ( 'NONE', #9383, .T. ) ;
#5335 = UNCERTAINTY_MEASURE_WITH_UNIT (LENGTH_MEASURE( 1.000000000000000082E-05 ), #2484, 'distance_accuracy_value', 'NONE');
#5336 = UNCERTAINTY_MEASURE_WITH_UNIT (LENGTH_MEASURE( 1.000000000000000082E-05 ), #6295, 'distance_accuracy_value', 'NONE');
#5337 = COLOUR_RGB ( '',0.2509803921568627416, 0.2509803921568627416, 0.2509803921568627416 ) ;
#5338 = VECTOR ( 'NONE', #8996, 1000.000000000000000 ) ;
#5339 = CIRCLE ( 'NONE', #646, 0.1499999999999999667 ) ;
#5340 = DIRECTION ( 'NONE',  ( -1.000000000000000000, 1.239088197126291063E-16, 0.0000000000000000000 ) ) ;
#5341 = EDGE_CURVE ( 'NONE', #10685, #4447, #9810, .T. ) ;
#5342 = CARTESIAN_POINT ( 'NONE',  ( 3.815815714343071097, 1.499999999999998668, -3.500000000000000000 ) ) ;
#5343 = UNCERTAINTY_MEASURE_WITH_UNIT (LENGTH_MEASURE( 1.000000000000000082E-05 ), #2568, 'distance_accuracy_value', 'NONE');
#5344 = CARTESIAN_POINT ( 'NONE',  ( 0.05028734007654758753, 0.2259130397852208705, -0.9899999999999999911 ) ) ;
#5345 = CARTESIAN_POINT ( 'NONE',  ( -0.4010050356316888776, 0.1987494916397017919, -0.9899999999999997691 ) ) ;
#5346 = CARTESIAN_POINT ( 'NONE',  ( -1.750000000000000000, 2.000000000000000000, -2.500000000000000000 ) ) ;
#5347 = MECHANICAL_DESIGN_GEOMETRIC_PRESENTATION_REPRESENTATION (  '', ( #3963 ), #8122 ) ;
#5348 = SURFACE_STYLE_USAGE ( .BOTH. , #2017 ) ;
#5349 = ORIENTED_EDGE ( 'NONE', *, *, #955, .F. ) ;
#5350 =( NAMED_UNIT ( * ) SI_UNIT ( $, .STERADIAN. ) SOLID_ANGLE_UNIT ( ) );
#5351 = UNCERTAINTY_MEASURE_WITH_UNIT (LENGTH_MEASURE( 1.000000000000000082E-05 ), #8506, 'distance_accuracy_value', 'NONE');
#5352 = DIRECTION ( 'NONE',  ( 1.275531967630004999E-16, -1.000000000000000000, 0.0000000000000000000 ) ) ;
#5353 = ORIENTED_EDGE ( 'NONE', *, *, #9696, .T. ) ;
#5354 = ORIENTED_EDGE ( 'NONE', *, *, #9857, .T. ) ;
#5355 = SURFACE_STYLE_FILL_AREA ( #2025 ) ;
#5356 = SURFACE_STYLE_FILL_AREA ( #2026 ) ;
#5357 = EDGE_CURVE ( 'NONE', #2427, #8696, #9002, .T. ) ;
#5358 = SURFACE_STYLE_FILL_AREA ( #2027 ) ;
#5359 = UNCERTAINTY_MEASURE_WITH_UNIT (LENGTH_MEASURE( 1.000000000000000082E-05 ), #7749, 'distance_accuracy_value', 'NONE');
#5360 = CARTESIAN_POINT ( 'NONE',  ( -0.3965906279341450680, 0.1958682730698337315, -0.9899999999999999911 ) ) ;
#5361 = SURFACE_STYLE_FILL_AREA ( #2035 ) ;
#5362 = CARTESIAN_POINT ( 'NONE',  ( -0.2156481664232352269, 0.2069223038424727046, -0.9900000000000002132 ) ) ;
#5363 = ORIENTED_EDGE ( 'NONE', *, *, #206, .T. ) ;
#5364 = DIRECTION ( 'NONE',  ( -1.971276677246370286E-16, -1.000000000000000000, 0.0000000000000000000 ) ) ;
#5365 = CARTESIAN_POINT ( 'NONE',  ( -1.750000000000000444, 0.7499999999999993339, -3.500000000000000000 ) ) ;
#5366 = FACE_OUTER_BOUND ( 'NONE', #3281, .T. ) ;
#5367 = CARTESIAN_POINT ( 'NONE',  ( -0.4017515972255387147, 0.1956056797249307311, -0.9900000000000004352 ) ) ;
#5368 = CIRCLE ( 'NONE', #2582, 0.1499999999999999667 ) ;
#5369 = CARTESIAN_POINT ( 'NONE',  ( 0.05028734007654758753, 0.06371791783400136688, -1.000000000000000000 ) ) ;
#5370 = B_SPLINE_CURVE_WITH_KNOTS ( 'NONE', 3,
 ( #5597, #8887, #1463, #4792, #8101, #649, #3977, #7281, #10551, #3139, #6465, #9740, #2324, #5656, #8951, #1523, #4844, #8151, #695 ),
 .UNSPECIFIED., .F., .F.,
 ( 4, 1, 1, 1, 1, 1, 1, 1, 1, 1, 1, 1, 1, 1, 1, 1, 4 ),
 ( 0.0000000000000000000, 0.07377411937406359865, 0.1440791147260413463, 0.2113485183089115205, 0.2760768857398839260, 0.3385209158196767487, 0.3998851166931336465, 0.4602540674652130792, 0.5205889643912479103, 0.5802076845630441682, 0.6386329085525458416, 0.6963645494905239541, 0.7540017746600128357, 0.8128056813744980458, 0.8727544255255603733, 0.9351819969782670938, 1.000000000000000000 ),
 .UNSPECIFIED. ) ;
#5371 = ORIENTED_EDGE ( 'NONE', *, *, #2269, .F. ) ;
#5372 = CARTESIAN_POINT ( 'NONE',  ( -0.2586814763269094652, 0.2112307408003112064, -0.9900000000000002132 ) ) ;
#5373 = EDGE_CURVE ( 'NONE', #3800, #2810, #8203, .T. ) ;
#5374 =( LENGTH_UNIT ( ) NAMED_UNIT ( * ) SI_UNIT ( .MILLI., .METRE. ) );
#5375 = DIRECTION ( 'NONE',  ( -1.000000000000000000, -1.239088197126291063E-16, 0.0000000000000000000 ) ) ;
#5376 =( LENGTH_UNIT ( ) NAMED_UNIT ( * ) SI_UNIT ( .MILLI., .METRE. ) );
#5377 = DIRECTION ( 'NONE',  ( 0.0000000000000000000, -1.000000000000000000, 0.0000000000000000000 ) ) ;
#5378 = ORIENTED_EDGE ( 'NONE', *, *, #6284, .T. ) ;
#5379 = SURFACE_SIDE_STYLE ('',( #2050 ) ) ;
#5380 = CARTESIAN_POINT ( 'NONE',  ( 0.1956642584727042999, 0.09675008867523447742, -0.9900000000000002132 ) ) ;
#5381 = CARTESIAN_POINT ( 'NONE',  ( -0.3994840013868670714, 0.2070106007608306375, -0.9899999999999999911 ) ) ;
#5382 = DIRECTION ( 'NONE',  ( 0.0000000000000000000, -1.000000000000000000, 0.0000000000000000000 ) ) ;
#5383 = DIRECTION ( 'NONE',  ( 0.0000000000000000000, 0.0000000000000000000, -1.000000000000000000 ) ) ;
#5384 = CARTESIAN_POINT ( 'NONE',  ( 1.649999999999999023, 2.999999999999998668, -0.5000000000000000000 ) ) ;
#5385 = ORIENTED_EDGE ( 'NONE', *, *, #511, .T. ) ;
#5386 = ADVANCED_FACE ( 'NONE', ( #7396 ), #472, .T. ) ;
#5387 = DIRECTION ( 'NONE',  ( 1.000000000000000000, 0.0000000000000000000, 0.0000000000000000000 ) ) ;
#5388 = DIRECTION ( 'NONE',  ( 0.0000000000000000000, 1.000000000000000000, 0.0000000000000000000 ) ) ;
#5389 = SURFACE_STYLE_USAGE ( .BOTH. , #2060 ) ;
#5390 =( NAMED_UNIT ( * ) PLANE_ANGLE_UNIT ( ) SI_UNIT ( $, .RADIAN. ) );
#5391 = CIRCLE ( 'NONE', #10018, 0.5500000000000003775 ) ;
#5392 =( LENGTH_UNIT ( ) NAMED_UNIT ( * ) SI_UNIT ( .MILLI., .METRE. ) );
#5393 = DIRECTION ( 'NONE',  ( 0.0000000000000000000, -0.0000000000000000000, 1.000000000000000000 ) ) ;
#5394 = CARTESIAN_POINT ( 'NONE',  ( 0.1630794319606998499, 0.2115854446049459936, -0.9899999999999999911 ) ) ;
#5395 = FILL_AREA_STYLE ('',( #2065 ) ) ;
#5396 = COLOUR_RGB ( '',0.7529411764705882248, 0.7529411764705882248, 0.7529411764705882248 ) ;
#5397 = SURFACE_SIDE_STYLE ('',( #2066 ) ) ;
#5398 = FILL_AREA_STYLE_COLOUR ( '', #9295 ) ;
#5399 = SURFACE_STYLE_FILL_AREA ( #2068 ) ;
#5400 = ORIENTED_EDGE ( 'NONE', *, *, #8937, .T. ) ;
#5401 = DIRECTION ( 'NONE',  ( 0.0000000000000000000, -1.000000000000000000, 0.0000000000000000000 ) ) ;
#5402 = ORIENTED_EDGE ( 'NONE', *, *, #6683, .F. ) ;
#5403 =( GEOMETRIC_REPRESENTATION_CONTEXT ( 3 ) GLOBAL_UNCERTAINTY_ASSIGNED_CONTEXT ( ( #2385 ) ) GLOBAL_UNIT_ASSIGNED_CONTEXT ( ( #5141, #4326, #3505 ) ) REPRESENTATION_CONTEXT ( 'NONE', 'WORKASPACE' ) );
#5404 = ORIENTED_EDGE ( 'NONE', *, *, #4752, .T. ) ;
#5405 = COLOUR_RGB ( '',0.7529411764705882248, 0.7529411764705882248, 0.7529411764705882248 ) ;
#5406 = SURFACE_STYLE_FILL_AREA ( #2081 ) ;
#5407 = CARTESIAN_POINT ( 'NONE',  ( -1.750000000000000666, -0.7500000000000004441, -3.000000000000000000 ) ) ;
#5408 = CARTESIAN_POINT ( 'NONE',  ( 0.8500000000000003109, 1.500000000000000444, -2.000000000000000000 ) ) ;
#5409 = SHAPE_DEFINITION_REPRESENTATION ( #2643, #5763 ) ;
#5410 = EDGE_CURVE ( 'NONE', #8720, #3809, #2651, .T. ) ;
#5411 = DIRECTION ( 'NONE',  ( -1.000000000000000000, 1.239088197126291063E-16, 0.0000000000000000000 ) ) ;
#5412 = DIRECTION ( 'NONE',  ( 0.0000000000000000000, -1.000000000000000000, 0.0000000000000000000 ) ) ;
#5413 = ORIENTED_EDGE ( 'NONE', *, *, #1089, .F. ) ;
#5414 =( NAMED_UNIT ( * ) PLANE_ANGLE_UNIT ( ) SI_UNIT ( $, .RADIAN. ) );
#5415 =( NAMED_UNIT ( * ) PLANE_ANGLE_UNIT ( ) SI_UNIT ( $, .RADIAN. ) );
#5416 = SURFACE_SIDE_STYLE ('',( #2091 ) ) ;
#5417 = FACE_OUTER_BOUND ( 'NONE', #3627, .T. ) ;
#5418 = EDGE_LOOP ( 'NONE', ( #138, #4172, #9408, #6389, #2803, #2120, #8740, #8153, #9077, #9860 ) ) ;
#5419 = CARTESIAN_POINT ( 'NONE',  ( -0.2920594327297974524, 0.1647414405379177826, -0.9999999999999995559 ) ) ;
#5420 = UNCERTAINTY_MEASURE_WITH_UNIT (LENGTH_MEASURE( 1.000000000000000082E-05 ), #6790, 'distance_accuracy_value', 'NONE');
#5421 = FACE_OUTER_BOUND ( 'NONE', #5608, .T. ) ;
#5422 = DIRECTION ( 'NONE',  ( -0.0000000000000000000, -0.0000000000000000000, -1.000000000000000000 ) ) ;
#5423 = DIRECTION ( 'NONE',  ( -1.000000000000000000, 1.239088197126291063E-16, 0.0000000000000000000 ) ) ;
#5424 = FACE_OUTER_BOUND ( 'NONE', #10571, .T. ) ;
#5425 = ADVANCED_FACE ( 'NONE', ( #1849 ), #5165, .F. ) ;
#5426 = TOROIDAL_SURFACE ( 'NONE', #9203, 0.7000000000000002887, 0.1499999999999999667 ) ;
#5427 = ORIENTED_EDGE ( 'NONE', *, *, #9890, .T. ) ;
#5428 = FACE_OUTER_BOUND ( 'NONE', #857, .T. ) ;
#5429 = FILL_AREA_STYLE ('',( #2103 ) ) ;
#5430 = CARTESIAN_POINT ( 'NONE',  ( -0.4131272940697939267, 0.2314008446632696836, -0.9899999999999999911 ) ) ;
#5431 = EDGE_CURVE ( 'NONE', #5668, #9675, #7648, .T. ) ;
#5432 = PLANE ( 'NONE',  #9654 ) ;
#5433 = ORIENTED_EDGE ( 'NONE', *, *, #1302, .F. ) ;
#5434 = LINE ( 'NONE', #8742, #9254 ) ;
#5435 = ORIENTED_EDGE ( 'NONE', *, *, #5619, .T. ) ;
#5436 = MECHANICAL_DESIGN_GEOMETRIC_PRESENTATION_REPRESENTATION (  '', ( #6811 ), #2648 ) ;
#5437 = UNCERTAINTY_MEASURE_WITH_UNIT (LENGTH_MEASURE( 1.000000000000000082E-05 ), #4116, 'distance_accuracy_value', 'NONE');
#5438 = SURFACE_STYLE_FILL_AREA ( #2112 ) ;
#5439 = FILL_AREA_STYLE_COLOUR ( '', #256 ) ;
#5440 = MECHANICAL_DESIGN_GEOMETRIC_PRESENTATION_REPRESENTATION (  '', ( #4048 ), #8212 ) ;
#5441 = CARTESIAN_POINT ( 'NONE',  ( -1.249999999999999556, 2.200000000000000622, -2.000000000000000000 ) ) ;
#5442 = CARTESIAN_POINT ( 'NONE',  ( 0.2500000000000003331, 0.6500000000000001332, -2.000000000000000000 ) ) ;
#5443 = TOROIDAL_SURFACE ( 'NONE', #744, 0.7000000000000002887, 0.1499999999999999667 ) ;
#5444 =( NAMED_UNIT ( * ) SI_UNIT ( $, .STERADIAN. ) SOLID_ANGLE_UNIT ( ) );
#5445 = COLOUR_RGB ( '',0.7529411764705882248, 0.7529411764705882248, 0.7529411764705882248 ) ;
#5446 = SURFACE_STYLE_USAGE ( .BOTH. , #2118 ) ;
#5447 = ORIENTED_EDGE ( 'NONE', *, *, #2935, .F. ) ;
#5448 = AXIS2_PLACEMENT_3D ( 'NONE', #8092, #640, #3971 ) ;
#5449 = AXIS2_PLACEMENT_3D ( 'NONE', #6268, #9550, #2114 ) ;
#5450 = AXIS2_PLACEMENT_3D ( 'NONE', #10199, #2789, #6117 ) ;
#5451 = UNCERTAINTY_MEASURE_WITH_UNIT (LENGTH_MEASURE( 1.000000000000000082E-05 ), #2969, 'distance_accuracy_value', 'NONE');
#5452 = CARTESIAN_POINT ( 'NONE',  ( 0.2500000000000004441, 1.500000000000000444, -2.000000000000000000 ) ) ;
#5453 = ORIENTED_EDGE ( 'NONE', *, *, #2578, .T. ) ;
#5454 = ORIENTED_EDGE ( 'NONE', *, *, #1197, .T. ) ;
#5455 = CIRCLE ( 'NONE', #8397, 0.5500000000000001554 ) ;
#5456 = CARTESIAN_POINT ( 'NONE',  ( 0.1696319143227572324, 0.1044146032704059007, -1.000000000000000000 ) ) ;
#5457 = UNCERTAINTY_MEASURE_WITH_UNIT (LENGTH_MEASURE( 1.000000000000000082E-05 ), #6572, 'distance_accuracy_value', 'NONE');
#5458 = PRESENTATION_LAYER_ASSIGNMENT (  '', '', ( #10086 ) ) ;
#5459 = MECHANICAL_DESIGN_GEOMETRIC_PRESENTATION_REPRESENTATION (  '', ( #4070 ), #8233 ) ;
#5460 = AXIS2_PLACEMENT_3D ( 'NONE', #6248, #9524, #2092 ) ;
#5461 =( GEOMETRIC_REPRESENTATION_CONTEXT ( 3 ) GLOBAL_UNCERTAINTY_ASSIGNED_CONTEXT ( ( #4903 ) ) GLOBAL_UNIT_ASSIGNED_CONTEXT ( ( #3392, #2573, #1758 ) ) REPRESENTATION_CONTEXT ( 'NONE', 'WORKASPACE' ) );
#5462 = VECTOR ( 'NONE', #2471, 1000.000000000000000 ) ;
#5463 = AXIS2_PLACEMENT_3D ( 'NONE', #495, #1413, #4736 ) ;
#5464 =( NAMED_UNIT ( * ) PLANE_ANGLE_UNIT ( ) SI_UNIT ( $, .RADIAN. ) );
#5465 = SURFACE_STYLE_FILL_AREA ( #2135 ) ;
#5466 = DIRECTION ( 'NONE',  ( -1.275531967630004752E-16, -1.000000000000000000, 0.0000000000000000000 ) ) ;
#5467 = VERTEX_POINT ( 'NONE', #6837 ) ;
#5468 =( GEOMETRIC_REPRESENTATION_CONTEXT ( 3 ) GLOBAL_UNCERTAINTY_ASSIGNED_CONTEXT ( ( #541 ) ) GLOBAL_UNIT_ASSIGNED_CONTEXT ( ( #4691, #3859, #3035 ) ) REPRESENTATION_CONTEXT ( 'NONE', 'WORKASPACE' ) );
#5469 = STYLED_ITEM ( 'NONE', ( #6221 ), #7971 ) ;
#5470 = VECTOR ( 'NONE', #394, 1000.000000000000000 ) ;
#5471 = AXIS2_PLACEMENT_3D ( 'NONE', #4857, #8165, #710 ) ;
#5472 = ORIENTED_EDGE ( 'NONE', *, *, #2412, .F. ) ;
#5473 = DIRECTION ( 'NONE',  ( 0.0000000000000000000, 0.0000000000000000000, -1.000000000000000000 ) ) ;
#5474 = FILL_AREA_STYLE_COLOUR ( '', #1444 ) ;
#5475 = AXIS2_PLACEMENT_3D ( 'NONE', #8242, #796, #4118 ) ;
#5476 =( NAMED_UNIT ( * ) PLANE_ANGLE_UNIT ( ) SI_UNIT ( $, .RADIAN. ) );
#5477 = ADVANCED_FACE ( 'NONE', ( #10113 ), #2713, .T. ) ;
#5478 = AXIS2_PLACEMENT_3D ( 'NONE', #3174, #6500, #9785 ) ;
#5479 = ORIENTED_EDGE ( 'NONE', *, *, #8427, .T. ) ;
#5480 = FACE_OUTER_BOUND ( 'NONE', #934, .T. ) ;
#5481 = COLOUR_RGB ( '',0.7921568627450980005, 0.8196078431372548767, 0.9333333333333333481 ) ;
#5482 =( NAMED_UNIT ( * ) PLANE_ANGLE_UNIT ( ) SI_UNIT ( $, .RADIAN. ) );
#5483 = AXIS2_PLACEMENT_3D ( 'NONE', #6207, #9492, #2053 ) ;
#5484 =( NAMED_UNIT ( * ) PLANE_ANGLE_UNIT ( ) SI_UNIT ( $, .RADIAN. ) );
#5485 = CARTESIAN_POINT ( 'NONE',  ( 3.500000000000000444, -3.000000000000000444, -0.5000000000000000000 ) ) ;
#5486 =( NAMED_UNIT ( * ) PLANE_ANGLE_UNIT ( ) SI_UNIT ( $, .RADIAN. ) );
#5487 = CARTESIAN_POINT ( 'NONE',  ( -1.249999999999999556, 1.500000000000000444, -2.000000000000000000 ) ) ;
#5488 = ORIENTED_EDGE ( 'NONE', *, *, #10471, .F. ) ;
#5489 = DIRECTION ( 'NONE',  ( 1.971276677246371026E-16, -1.000000000000000000, 0.0000000000000000000 ) ) ;
#5490 = PRESENTATION_LAYER_ASSIGNMENT (  '', '', ( #792 ) ) ;
#5491 =( NAMED_UNIT ( * ) SI_UNIT ( $, .STERADIAN. ) SOLID_ANGLE_UNIT ( ) );
#5492 = CARTESIAN_POINT ( 'NONE',  ( 3.500000000000000444, 2.999999999999999556, -0.1000000000000000056 ) ) ;
#5493 =( GEOMETRIC_REPRESENTATION_CONTEXT ( 3 ) GLOBAL_UNCERTAINTY_ASSIGNED_CONTEXT ( ( #1956 ) ) GLOBAL_UNIT_ASSIGNED_CONTEXT ( ( #1347, #521, #10414 ) ) REPRESENTATION_CONTEXT ( 'NONE', 'WORKASPACE' ) );
#5494 = DIRECTION ( 'NONE',  ( 1.000000000000000000, -1.445602896647339163E-16, 0.0000000000000000000 ) ) ;
#5495 = ADVANCED_FACE ( 'NONE', ( #325 ), #3649, .T. ) ;
#5496 = DIRECTION ( 'NONE',  ( -1.517445394471977106E-32, 1.224646799147353207E-16, -1.000000000000000000 ) ) ;
#5497 = PRESENTATION_STYLE_ASSIGNMENT (( #2168 ) ) ;
#5498 = CARTESIAN_POINT ( 'NONE',  ( 0.08382793516893767560, 0.2333825783002973497, -0.9899999999999999911 ) ) ;
#5499 = VECTOR ( 'NONE', #3189, 1000.000000000000000 ) ;
#5500 = CARTESIAN_POINT ( 'NONE',  ( 1.450000000000000178, 2.200000000000000622, -2.000000000000000000 ) ) ;
#5501 = CIRCLE ( 'NONE', #803, 0.1499999999999999667 ) ;
#5502 = CIRCLE ( 'NONE', #804, 0.1499999999999999667 ) ;
#5503 = COLOUR_RGB ( '',0.7529411764705882248, 0.7529411764705882248, 0.7529411764705882248 ) ;
#5504 = ORIENTED_EDGE ( 'NONE', *, *, #2424, .F. ) ;
#5505 = VECTOR ( 'NONE', #4919, 1000.000000000000000 ) ;
#5506 =( GEOMETRIC_REPRESENTATION_CONTEXT ( 3 ) GLOBAL_UNCERTAINTY_ASSIGNED_CONTEXT ( ( #2189 ) ) GLOBAL_UNIT_ASSIGNED_CONTEXT ( ( #4756, #3942, #3114 ) ) REPRESENTATION_CONTEXT ( 'NONE', 'WORKASPACE' ) );
#5507 = STYLED_ITEM ( 'NONE', ( #3868 ), #8765 ) ;
#5508 = VECTOR ( 'NONE', #9767, 1000.000000000000000 ) ;
#5509 = CARTESIAN_POINT ( 'NONE',  ( -0.3499999999999995337, 2.350000000000000533, -2.000000000000000000 ) ) ;
#5510 = EDGE_LOOP ( 'NONE', ( #2271, #5731, #7331, #8008 ) ) ;
#5511 = LINE ( 'NONE', #8812, #2317 ) ;
#5512 = PLANE ( 'NONE',  #5516 ) ;
#5513 = PLANE ( 'NONE',  #4984 ) ;
#5514 = EDGE_CURVE ( 'NONE', #7862, #6915, #1245, .T. ) ;
#5515 = VERTEX_POINT ( 'NONE', #425 ) ;
#5516 = AXIS2_PLACEMENT_3D ( 'NONE', #8813, #1374, #4700 ) ;
#5517 = TOROIDAL_SURFACE ( 'NONE', #820, 0.7000000000000002887, 0.1499999999999999667 ) ;
#5518 = ORIENTED_EDGE ( 'NONE', *, *, #6074, .F. ) ;
#5519 = ORIENTED_EDGE ( 'NONE', *, *, #2997, .T. ) ;
#5520 = CARTESIAN_POINT ( 'NONE',  ( 0.1041905165422056384, 0.05097925940199754535, -1.000000000000000222 ) ) ;
#5521 = DIRECTION ( 'NONE',  ( 0.0000000000000000000, 1.000000000000000000, 0.0000000000000000000 ) ) ;
#5522 = CARTESIAN_POINT ( 'NONE',  ( 1.450000000000000178, 1.500000000000000444, -2.000000000000000000 ) ) ;
#5523 = STYLED_ITEM ( 'NONE', ( #7116 ), #9313 ) ;
#5524 = PRESENTATION_LAYER_ASSIGNMENT (  '', '', ( #10152 ) ) ;
#5525 = CARTESIAN_POINT ( 'NONE',  ( 0.5500000000000003775, -1.500000000000000444, -2.000000000000000000 ) ) ;
#5526 = EDGE_CURVE ( 'NONE', #1942, #2002, #3763, .T. ) ;
#5527 = SURFACE_STYLE_USAGE ( .BOTH. , #2202 ) ;
#5528 = FILL_AREA_STYLE ('',( #2204 ) ) ;
#5529 = ORIENTED_EDGE ( 'NONE', *, *, #10021, .F. ) ;
#5530 = LINE ( 'NONE', #8829, #5275 ) ;
#5531 = ORIENTED_EDGE ( 'NONE', *, *, #5542, .F. ) ;
#5532 = SURFACE_STYLE_FILL_AREA ( #2208 ) ;
#5533 = CARTESIAN_POINT ( 'NONE',  ( -1.750000000000000888, -2.250000000000000444, -3.000000000000000000 ) ) ;
#5534 = SURFACE_STYLE_FILL_AREA ( #2213 ) ;
#5535 = CARTESIAN_POINT ( 'NONE',  ( 1.749999999999999334, -0.7500000000000008882, -3.500000000000000000 ) ) ;
#5536 =( NAMED_UNIT ( * ) PLANE_ANGLE_UNIT ( ) SI_UNIT ( $, .RADIAN. ) );
#5537 = CARTESIAN_POINT ( 'NONE',  ( -0.08629802577711097322, 0.1216447471022940596, -0.9899999999999999911 ) ) ;
#5538 = CARTESIAN_POINT ( 'NONE',  ( -0.1902995501673548084, 0.05335206417546477231, -1.000000000000000000 ) ) ;
#5539 = SURFACE_SIDE_STYLE ('',( #2217 ) ) ;
#5540 = FILL_AREA_STYLE ('',( #2219 ) ) ;
#5541 = SURFACE_SIDE_STYLE ('',( #2220 ) ) ;
#5542 = EDGE_CURVE ( 'NONE', #9191, #3862, #2927, .T. ) ;
#5543 = SURFACE_STYLE_USAGE ( .BOTH. , #2221 ) ;
#5544 = ADVANCED_FACE ( 'NONE', ( #2107 ), #5432, .T. ) ;
#5545 = SURFACE_STYLE_FILL_AREA ( #2222 ) ;
#5546 = SURFACE_SIDE_STYLE ('',( #2223 ) ) ;
#5547 = FILL_AREA_STYLE ('',( #2225 ) ) ;
#5548 = CARTESIAN_POINT ( 'NONE',  ( 0.2500000000000004441, -1.500000000000000444, -2.000000000000000000 ) ) ;
#5549 = CARTESIAN_POINT ( 'NONE',  ( -0.4911760745575987630, 0.03140084466326965168, -0.9899999999999999911 ) ) ;
#5550 = CARTESIAN_POINT ( 'NONE',  ( -3.550000000000000711, -2.250000000000000444, -3.500000000000000000 ) ) ;
#5551 = CARTESIAN_POINT ( 'NONE',  ( 0.05187936477867836904, 0.2265592777113955569, -1.000000000000000000 ) ) ;
#5552 =( LENGTH_UNIT ( ) NAMED_UNIT ( * ) SI_UNIT ( .MILLI., .METRE. ) );
#5553 = DIRECTION ( 'NONE',  ( -1.000000000000000000, -1.239088197126291063E-16, 0.0000000000000000000 ) ) ;
#5554 = VERTEX_POINT ( 'NONE', #3033 ) ;
#5555 = EDGE_CURVE ( 'NONE', #2607, #9174, #6372, .T. ) ;
#5556 = UNCERTAINTY_MEASURE_WITH_UNIT (LENGTH_MEASURE( 1.000000000000000082E-05 ), #2301, 'distance_accuracy_value', 'NONE');
#5557 = PRESENTATION_STYLE_ASSIGNMENT (( #2233 ) ) ;
#5558 = DIRECTION ( 'NONE',  ( 0.0000000000000000000, 0.0000000000000000000, 1.000000000000000000 ) ) ;
#5559 = CARTESIAN_POINT ( 'NONE',  ( -0.9499999999999996225, -0.8000000000000001554, -2.000000000000000000 ) ) ;
#5560 = ORIENTED_EDGE ( 'NONE', *, *, #690, .F. ) ;
#5561 = PRESENTATION_STYLE_ASSIGNMENT (( #2238 ) ) ;
#5562 = CARTESIAN_POINT ( 'NONE',  ( -0.4416715013868670603, 0.08749840563887940903, -0.9899999999999999911 ) ) ;
#5563 = CARTESIAN_POINT ( 'NONE',  ( 0.06774289063716951165, 0.05581505038011890657, -1.000000000000000444 ) ) ;
#5564 = ORIENTED_EDGE ( 'NONE', *, *, #1570, .T. ) ;
#5565 = EDGE_CURVE ( 'NONE', #6890, #5780, #309, .T. ) ;
#5566 = UNCERTAINTY_MEASURE_WITH_UNIT (LENGTH_MEASURE( 1.000000000000000082E-05 ), #8920, 'distance_accuracy_value', 'NONE');
#5567 = CARTESIAN_POINT ( 'NONE',  ( 1.150000000000000133, 1.500000000000000444, -2.000000000000000000 ) ) ;
#5568 = ORIENTED_EDGE ( 'NONE', *, *, #3617, .F. ) ;
#5569 = ORIENTED_EDGE ( 'NONE', *, *, #2014, .F. ) ;
#5570 = CARTESIAN_POINT ( 'NONE',  ( 3.500000000000000444, 2.999999999999999556, -3.500000000000000000 ) ) ;
#5571 = EDGE_CURVE ( 'NONE', #7697, #3274, #1703, .T. ) ;
#5572 = COLOUR_RGB ( '',0.9882352941176471006, 0.7372549019607843590, 0.5176470588235293491 ) ;
#5573 = UNCERTAINTY_MEASURE_WITH_UNIT (LENGTH_MEASURE( 1.000000000000000082E-05 ), #3892, 'distance_accuracy_value', 'NONE');
#5574 = FILL_AREA_STYLE_COLOUR ( '', #4652 ) ;
#5575 = PRESENTATION_STYLE_ASSIGNMENT (( #2249 ) ) ;
#5576 = ADVANCED_FACE ( 'NONE', ( #3910 ), #7233, .F. ) ;
#5577 = SURFACE_SIDE_STYLE ('',( #2250 ) ) ;
#5578 =( GEOMETRIC_REPRESENTATION_CONTEXT ( 3 ) GLOBAL_UNCERTAINTY_ASSIGNED_CONTEXT ( ( #1861 ) ) GLOBAL_UNIT_ASSIGNED_CONTEXT ( ( #8182, #7368, #6565 ) ) REPRESENTATION_CONTEXT ( 'NONE', 'WORKASPACE' ) );
#5579 =( NAMED_UNIT ( * ) SI_UNIT ( $, .STERADIAN. ) SOLID_ANGLE_UNIT ( ) );
#5580 = ORIENTED_EDGE ( 'NONE', *, *, #1682, .T. ) ;
#5581 =( LENGTH_UNIT ( ) NAMED_UNIT ( * ) SI_UNIT ( .MILLI., .METRE. ) );
#5582 = EDGE_LOOP ( 'NONE', ( #1691, #5933, #7553, #767 ) ) ;
#5583 = EDGE_CURVE ( 'NONE', #10553, #9717, #4102, .T. ) ;
#5584 = PRESENTATION_STYLE_ASSIGNMENT (( #2254 ) ) ;
#5585 = SURFACE_SIDE_STYLE ('',( #2256 ) ) ;
#5586 = COLOUR_RGB ( '',0.9882352941176471006, 0.7372549019607843590, 0.5176470588235293491 ) ;
#5587 = FILL_AREA_STYLE ('',( #2257 ) ) ;
#5588 = DIRECTION ( 'NONE',  ( 0.0000000000000000000, 0.0000000000000000000, 1.000000000000000000 ) ) ;
#5589 =( NAMED_UNIT ( * ) SI_UNIT ( $, .STERADIAN. ) SOLID_ANGLE_UNIT ( ) );
#5590 = ORIENTED_EDGE ( 'NONE', *, *, #7106, .F. ) ;
#5591 =( NAMED_UNIT ( * ) SI_UNIT ( $, .STERADIAN. ) SOLID_ANGLE_UNIT ( ) );
#5592 = DIRECTION ( 'NONE',  ( -1.517445394471977106E-32, 1.224646799147353207E-16, -1.000000000000000000 ) ) ;
#5593 = PRESENTATION_STYLE_ASSIGNMENT (( #2264 ) ) ;
#5594 = VECTOR ( 'NONE', #7160, 1000.000000000000000 ) ;
#5595 = DIRECTION ( 'NONE',  ( 1.000000000000000000, 0.0000000000000000000, 0.0000000000000000000 ) ) ;
#5596 = LINE ( 'NONE', #8886, #7226 ) ;
#5597 = CARTESIAN_POINT ( 'NONE',  ( 0.1722385595887427345, 0.1292666983218062615, -0.9899999999999999911 ) ) ;
#5598 = CARTESIAN_POINT ( 'NONE',  ( -0.2846165542409797022, 0.08293479116423234376, -0.9900000000000002132 ) ) ;
#5599 = VERTEX_POINT ( 'NONE', #4014 ) ;
#5600 = CARTESIAN_POINT ( 'NONE',  ( -3.550000000000000711, -2.250000000000000444, -3.500000000000000000 ) ) ;
#5601 = FILL_AREA_STYLE_COLOUR ( '', #1107 ) ;
#5602 = SURFACE_STYLE_USAGE ( .BOTH. , #2273 ) ;
#5603 = EDGE_CURVE ( 'NONE', #4447, #10213, #7318, .T. ) ;
#5604 = VERTEX_POINT ( 'NONE', #6514 ) ;
#5605 = DIRECTION ( 'NONE',  ( -1.000000000000000000, 0.0000000000000000000, 0.0000000000000000000 ) ) ;
#5606 =( GEOMETRIC_REPRESENTATION_CONTEXT ( 3 ) GLOBAL_UNCERTAINTY_ASSIGNED_CONTEXT ( ( #9444 ) ) GLOBAL_UNIT_ASSIGNED_CONTEXT ( ( #1335, #513, #10402 ) ) REPRESENTATION_CONTEXT ( 'NONE', 'WORKASPACE' ) );
#5607 = SURFACE_STYLE_FILL_AREA ( #2277 ) ;
#5608 = EDGE_LOOP ( 'NONE', ( #1480, #5518, #7392, #3075 ) ) ;
#5609 = VERTEX_POINT ( 'NONE', #9799 ) ;
#5610 =( GEOMETRIC_REPRESENTATION_CONTEXT ( 3 ) GLOBAL_UNCERTAINTY_ASSIGNED_CONTEXT ( ( #6217 ) ) GLOBAL_UNIT_ASSIGNED_CONTEXT ( ( #7836, #7030, #6229 ) ) REPRESENTATION_CONTEXT ( 'NONE', 'WORKASPACE' ) );
#5611 = DIRECTION ( 'NONE',  ( -1.000000000000000000, 0.0000000000000000000, 0.0000000000000000000 ) ) ;
#5612 = COLOUR_RGB ( '',0.2509803921568627416, 0.2509803921568627416, 0.2509803921568627416 ) ;
#5613 = COLOUR_RGB ( '',0.9882352941176471006, 0.7372549019607843590, 0.5176470588235293491 ) ;
#5614 = SURFACE_STYLE_FILL_AREA ( #2285 ) ;
#5615 = ADVANCED_FACE ( 'NONE', ( #2383 ), #6376, .T. ) ;
#5616 = TOROIDAL_SURFACE ( 'NONE', #926, 0.7000000000000002887, 0.1499999999999999667 ) ;
#5617 = AXIS2_PLACEMENT_3D ( 'NONE', #216, #3544, #6849 ) ;
#5618 = TOROIDAL_SURFACE ( 'NONE', #10080, 0.7000000000000002887, 0.1499999999999999667 ) ;
#5619 = EDGE_CURVE ( 'NONE', #5062, #7035, #7741, .T. ) ;
#5620 = MECHANICAL_DESIGN_GEOMETRIC_PRESENTATION_REPRESENTATION (  '', ( #1272 ), #8892 ) ;
#5621 = SURFACE_STYLE_USAGE ( .BOTH. , #2288 ) ;
#5622 = ORIENTED_EDGE ( 'NONE', *, *, #5856, .T. ) ;
#5623 = LINE ( 'NONE', #8924, #4242 ) ;
#5624 = VERTEX_POINT ( 'NONE', #2479 ) ;
#5625 = FACE_OUTER_BOUND ( 'NONE', #607, .T. ) ;
#5626 = SURFACE_STYLE_USAGE ( .BOTH. , #2294 ) ;
#5627 = AXIS2_PLACEMENT_3D ( 'NONE', #4657, #7956, #503 ) ;
#5628 = COLOUR_RGB ( '',0.9882352941176471006, 0.7372549019607843590, 0.5176470588235293491 ) ;
#5629 = CARTESIAN_POINT ( 'NONE',  ( -0.1619077818746719744, 0.2094496251510745422, -0.9999999999999995559 ) ) ;
#5630 =( GEOMETRIC_REPRESENTATION_CONTEXT ( 3 ) GLOBAL_UNCERTAINTY_ASSIGNED_CONTEXT ( ( #2403 ) ) GLOBAL_UNIT_ASSIGNED_CONTEXT ( ( #8126, #7303, #6488 ) ) REPRESENTATION_CONTEXT ( 'NONE', 'WORKASPACE' ) );
#5631 = CARTESIAN_POINT ( 'NONE',  ( -3.499999999999999556, 2.999999999999999556, -3.500000000000000000 ) ) ;
#5632 = LINE ( 'NONE', #8935, #5959 ) ;
#5633 = STYLED_ITEM ( 'NONE', ( #7597 ), #3150 ) ;
#5634 =( NAMED_UNIT ( * ) SI_UNIT ( $, .STERADIAN. ) SOLID_ANGLE_UNIT ( ) );
#5635 = DIRECTION ( 'NONE',  ( 1.445602896647339410E-16, 1.000000000000000000, 0.0000000000000000000 ) ) ;
#5636 = COLOUR_RGB ( '',0.7529411764705882248, 0.7529411764705882248, 0.7529411764705882248 ) ;
#5637 = FILL_AREA_STYLE_COLOUR ( '', #5613 ) ;
#5638 = DIRECTION ( 'NONE',  ( -1.000000000000000000, 0.0000000000000000000, 0.0000000000000000000 ) ) ;
#5639 = EDGE_CURVE ( 'NONE', #9695, #4899, #5807, .T. ) ;
#5640 = VECTOR ( 'NONE', #3339, 1000.000000000000000 ) ;
#5641 = CARTESIAN_POINT ( 'NONE',  ( -0.1350785135819890237, 0.03140084466326965168, -1.000000000000000000 ) ) ;
#5642 = CIRCLE ( 'NONE', #950, 0.8500000000000003109 ) ;
#5643 = SURFACE_SIDE_STYLE ('',( #2306 ) ) ;
#5644 = CARTESIAN_POINT ( 'NONE',  ( 0.1520628723530736692, 0.03935412135655053101, -0.9899999999999995470 ) ) ;
#5645 = ORIENTED_EDGE ( 'NONE', *, *, #690, .T. ) ;
#5646 = PRESENTATION_STYLE_ASSIGNMENT (( #2314 ) ) ;
#5647 = AXIS2_PLACEMENT_3D ( 'NONE', #7631, #189, #3503 ) ;
#5648 = FILL_AREA_STYLE_COLOUR ( '', #6827 ) ;
#5649 =( LENGTH_UNIT ( ) NAMED_UNIT ( * ) SI_UNIT ( .MILLI., .METRE. ) );
#5650 = AXIS2_PLACEMENT_3D ( 'NONE', #6251, #9530, #2096 ) ;
#5651 = VECTOR ( 'NONE', #5098, 1000.000000000000000 ) ;
#5652 = CARTESIAN_POINT ( 'NONE',  ( 1.649999999999999023, 2.999999999999998668, -1.000000000000000000 ) ) ;
#5653 = CARTESIAN_POINT ( 'NONE',  ( -0.1933130639216693869, 0.05341720595882260697, -0.9899999999999999911 ) ) ;
#5654 = CARTESIAN_POINT ( 'NONE',  ( -0.2733390322204207745, 0.06653577074004084213, -1.000000000000000222 ) ) ;
#5655 = SURFACE_STYLE_USAGE ( .BOTH. , #2323 ) ;
#5656 = CARTESIAN_POINT ( 'NONE',  ( 0.1302108107965832817, 0.05607361744322267305, -0.9900000000000004352 ) ) ;
#5657 = CARTESIAN_POINT ( 'NONE',  ( 1.749999999999998890, -3.000000000000000444, -0.5000000000000000000 ) ) ;
#5658 = EDGE_LOOP ( 'NONE', ( #9034, #8341, #3580, #1327 ) ) ;
#5659 = DIRECTION ( 'NONE',  ( -0.0000000000000000000, -0.0000000000000000000, -1.000000000000000000 ) ) ;
#5660 = STYLED_ITEM ( 'NONE', ( #6121 ), #4444 ) ;
#5661 =( NAMED_UNIT ( * ) PLANE_ANGLE_UNIT ( ) SI_UNIT ( $, .RADIAN. ) );
#5662 = PRESENTATION_LAYER_ASSIGNMENT (  '', '', ( #971 ) ) ;
#5663 = VECTOR ( 'NONE', #6189, 1000.000000000000000 ) ;
#5664 = AXIS2_PLACEMENT_3D ( 'NONE', #9182, #1762, #5070 ) ;
#5665 = VERTEX_POINT ( 'NONE', #5000 ) ;
#5666 = DIRECTION ( 'NONE',  ( 1.000000000000000000, 0.0000000000000000000, 0.0000000000000000000 ) ) ;
#5667 = CARTESIAN_POINT ( 'NONE',  ( 3.500000000000000444, 2.249999999999998668, -3.000000000000000000 ) ) ;
#5668 = VERTEX_POINT ( 'NONE', #8319 ) ;
#5669 = AXIS2_PLACEMENT_3D ( 'NONE', #1718, #5031, #8344 ) ;
#5670 = UNCERTAINTY_MEASURE_WITH_UNIT (LENGTH_MEASURE( 1.000000000000000082E-05 ), #7430, 'distance_accuracy_value', 'NONE');
#5671 = LINE ( 'NONE', #8967, #4083 ) ;
#5672 = ORIENTED_EDGE ( 'NONE', *, *, #2151, .F. ) ;
#5673 =( GEOMETRIC_REPRESENTATION_CONTEXT ( 3 ) GLOBAL_UNCERTAINTY_ASSIGNED_CONTEXT ( ( #10396 ) ) GLOBAL_UNIT_ASSIGNED_CONTEXT ( ( #1220, #396, #10312 ) ) REPRESENTATION_CONTEXT ( 'NONE', 'WORKASPACE' ) );
#5674 = ADVANCED_FACE ( 'NONE', ( #858 ), #9959, .T. ) ;
#5675 = PRESENTATION_LAYER_ASSIGNMENT (  '', '', ( #10313 ) ) ;
#5676 = VECTOR ( 'NONE', #7907, 1000.000000000000000 ) ;
#5677 = DIRECTION ( 'NONE',  ( -1.000000000000000000, 1.239088197126291063E-16, 0.0000000000000000000 ) ) ;
#5678 = CARTESIAN_POINT ( 'NONE',  ( 3.549999999999999378, -0.7500000000000011102, -3.500000000000000000 ) ) ;
#5679 = EDGE_LOOP ( 'NONE', ( #9700, #2121, #7802, #1650 ) ) ;
#5680 = DIRECTION ( 'NONE',  ( -1.971276677246370286E-16, -1.000000000000000000, 0.0000000000000000000 ) ) ;
#5681 = CIRCLE ( 'NONE', #994, 0.8500000000000000888 ) ;
#5682 = CARTESIAN_POINT ( 'NONE',  ( 1.749999999999999778, -1.500000000000000000, -2.000000000000000000 ) ) ;
#5683 = AXIS2_PLACEMENT_3D ( 'NONE', #10125, #2724, #6052 ) ;
#5684 = EDGE_CURVE ( 'NONE', #4867, #8496, #4177, .T. ) ;
#5685 = DIRECTION ( 'NONE',  ( 0.0000000000000000000, -0.0000000000000000000, -1.000000000000000000 ) ) ;
#5686 = VERTEX_POINT ( 'NONE', #1110 ) ;
#5687 =( LENGTH_UNIT ( ) NAMED_UNIT ( * ) SI_UNIT ( .MILLI., .METRE. ) );
#5688 = EDGE_CURVE ( 'NONE', #8542, #6139, #4438, .T. ) ;
#5689 =( NAMED_UNIT ( * ) PLANE_ANGLE_UNIT ( ) SI_UNIT ( $, .RADIAN. ) );
#5690 = VECTOR ( 'NONE', #1839, 1000.000000000000000 ) ;
#5691 = COLOUR_RGB ( '',1.000000000000000000, 1.000000000000000000, 1.000000000000000000 ) ;
#5692 =( NAMED_UNIT ( * ) PLANE_ANGLE_UNIT ( ) SI_UNIT ( $, .RADIAN. ) );
#5693 = LINE ( 'NONE', #8979, #8065 ) ;
#5694 = PRODUCT ( 'FILTER-SMD_4P-L7.0-W6.0-P3.00-TL', 'FILTER-SMD_4P-L7.0-W6.0-P3.00-TL', '', ( #9517 ) ) ;
#5695 = SURFACE_STYLE_USAGE ( .BOTH. , #2368 ) ;
#5696 = CARTESIAN_POINT ( 'NONE',  ( 0.2500000000000005551, -2.050000000000000711, -2.000000000000000000 ) ) ;
#5697 = FILL_AREA_STYLE ('',( #2371 ) ) ;
#5698 = VECTOR ( 'NONE', #9045, 1000.000000000000000 ) ;
#5699 = SURFACE_STYLE_FILL_AREA ( #2372 ) ;
#5700 = CARTESIAN_POINT ( 'NONE',  ( 0.8500000000000004219, 2.200000000000000622, -2.000000000000000000 ) ) ;
#5701 = FACE_OUTER_BOUND ( 'NONE', #2960, .T. ) ;
#5702 = EDGE_CURVE ( 'NONE', #8577, #7405, #3628, .T. ) ;
#5703 = ORIENTED_EDGE ( 'NONE', *, *, #6172, .F. ) ;
#5704 = PRESENTATION_STYLE_ASSIGNMENT (( #2380 ) ) ;
#5705 = CARTESIAN_POINT ( 'NONE',  ( 3.400000000000000799, -2.900000000000000799, 0.0000000000000000000 ) ) ;
#5706 = LINE ( 'NONE', #8992, #6004 ) ;
#5707 = EDGE_CURVE ( 'NONE', #6722, #61, #8100, .T. ) ;
#5708 = CARTESIAN_POINT ( 'NONE',  ( 1.150000000000000133, -1.500000000000000444, -2.000000000000000000 ) ) ;
#5709 = CARTESIAN_POINT ( 'NONE',  ( -0.2369538370357162915, 0.06506430708884643199, -0.9999999999999995559 ) ) ;
#5710 = CARTESIAN_POINT ( 'NONE',  ( 0.1051487508433882057, 0.2117161076589496038, -1.000000000000000222 ) ) ;
#5711 = CARTESIAN_POINT ( 'NONE',  ( 3.500000000000000444, -3.000000000000000444, -0.1000000000000000056 ) ) ;
#5712 = B_SPLINE_CURVE_WITH_KNOTS ( 'NONE', 2,
 ( #10377, #2966, #6297 ),
 .UNSPECIFIED., .F., .F.,
 ( 3, 3 ),
 ( 0.0000000000000000000, 1.000000000000000000 ),
 .UNSPECIFIED. ) ;
#5713 = CARTESIAN_POINT ( 'NONE',  ( 0.05594459294603327387, 0.03864412506876828413, -1.000000000000000222 ) ) ;
#5714 = ORIENTED_EDGE ( 'NONE', *, *, #9128, .T. ) ;
#5715 = AXIS2_PLACEMENT_3D ( 'NONE', #9488, #2048, #5377 ) ;
#5716 = SURFACE_STYLE_FILL_AREA ( #2394 ) ;
#5717 = FILL_AREA_STYLE_COLOUR ( '', #8054 ) ;
#5718 = EDGE_CURVE ( 'NONE', #4659, #6722, #9469, .T. ) ;
#5719 = DIRECTION ( 'NONE',  ( -0.0000000000000000000, -0.0000000000000000000, -1.000000000000000000 ) ) ;
#5720 = CARTESIAN_POINT ( 'NONE',  ( -3.550000000000000266, 0.7499999999999995559, -3.000000000000000000 ) ) ;
#5721 = ORIENTED_EDGE ( 'NONE', *, *, #3681, .T. ) ;
#5722 = PRESENTATION_STYLE_ASSIGNMENT (( #2401 ) ) ;
#5723 = ORIENTED_EDGE ( 'NONE', *, *, #6147, .T. ) ;
#5724 = PRESENTATION_STYLE_ASSIGNMENT (( #2404 ) ) ;
#5725 = ORIENTED_EDGE ( 'NONE', *, *, #3631, .T. ) ;
#5726 = CARTESIAN_POINT ( 'NONE',  ( 0.09048778416267193314, 0.2337906581534558437, -0.9900000000000002132 ) ) ;
#5727 = CARTESIAN_POINT ( 'NONE',  ( -0.6499999999999994671, -2.350000000000000533, -2.000000000000000000 ) ) ;
#5728 = SURFACE_STYLE_FILL_AREA ( #2408 ) ;
#5729 = ORIENTED_EDGE ( 'NONE', *, *, #2912, .T. ) ;
#5730 = LINE ( 'NONE', #9016, #3060 ) ;
#5731 = ORIENTED_EDGE ( 'NONE', *, *, #10631, .F. ) ;
#5732 = ORIENTED_EDGE ( 'NONE', *, *, #955, .T. ) ;
#5733 = DIRECTION ( 'NONE',  ( -1.239088197126291063E-16, 1.000000000000000000, 0.0000000000000000000 ) ) ;
#5734 = AXIS2_PLACEMENT_3D ( 'NONE', #4851, #8157, #702 ) ;
#5735 = CARTESIAN_POINT ( 'NONE',  ( -0.6499999999999996891, -0.6500000000000001332, -2.000000000000000000 ) ) ;
#5736 = DIRECTION ( 'NONE',  ( 1.000000000000000000, 0.0000000000000000000, 0.0000000000000000000 ) ) ;
#5737 = SURFACE_STYLE_FILL_AREA ( #2419 ) ;
#5738 = FILL_AREA_STYLE ('',( #2420 ) ) ;
#5739 = SURFACE_STYLE_FILL_AREA ( #2421 ) ;
#5740 = EDGE_CURVE ( 'NONE', #8851, #4899, #1171, .T. ) ;
#5741 =( NAMED_UNIT ( * ) SI_UNIT ( $, .STERADIAN. ) SOLID_ANGLE_UNIT ( ) );
#5742 = DIRECTION ( 'NONE',  ( -1.000000000000000000, 1.239088197126291063E-16, 0.0000000000000000000 ) ) ;
#5743 = PRESENTATION_STYLE_ASSIGNMENT (( #2425 ) ) ;
#5744 = FILL_AREA_STYLE ('',( #2426 ) ) ;
#5745 =( NAMED_UNIT ( * ) PLANE_ANGLE_UNIT ( ) SI_UNIT ( $, .RADIAN. ) );
#5746 = ORIENTED_EDGE ( 'NONE', *, *, #9696, .F. ) ;
#5747 = CARTESIAN_POINT ( 'NONE',  ( -0.2960541233380866166, 0.1339160885657086908, -1.000000000000000000 ) ) ;
#5748 =( NAMED_UNIT ( * ) PLANE_ANGLE_UNIT ( ) SI_UNIT ( $, .RADIAN. ) );
#5749 = DIRECTION ( 'NONE',  ( -1.275531967630004752E-16, -1.000000000000000000, 0.0000000000000000000 ) ) ;
#5750 = SURFACE_STYLE_USAGE ( .BOTH. , #2430 ) ;
#5751 = CARTESIAN_POINT ( 'NONE',  ( -0.2664337481816178022, 0.1073922068768551896, -0.9899999999999999911 ) ) ;
#5752 = ADVANCED_FACE ( 'NONE', ( #346 ), #982, .T. ) ;
#5753 = CARTESIAN_POINT ( 'NONE',  ( 0.1710843219962014661, 0.1471589523018357604, -1.000000000000000222 ) ) ;
#5754 = DIRECTION ( 'NONE',  ( -0.0000000000000000000, -0.0000000000000000000, -1.000000000000000000 ) ) ;
#5755 = CARTESIAN_POINT ( 'NONE',  ( 1.749999999999999778, 2.249999999999999112, -3.000000000000000000 ) ) ;
#5756 = CARTESIAN_POINT ( 'NONE',  ( -1.249999999999999556, -2.350000000000000533, -2.000000000000000000 ) ) ;
#5757 = ORIENTED_EDGE ( 'NONE', *, *, #10706, .F. ) ;
#5758 = CARTESIAN_POINT ( 'NONE',  ( 0.3185800230033769553, 0.03140084466326965168, -0.9899999999999999911 ) ) ;
#5759 = EDGE_CURVE ( 'NONE', #4106, #7184, #2364, .T. ) ;
#5760 = SURFACE_STYLE_USAGE ( .BOTH. , #2442 ) ;
#5761 = DIRECTION ( 'NONE',  ( 1.000000000000000000, 0.0000000000000000000, 0.0000000000000000000 ) ) ;
#5762 = ORIENTED_EDGE ( 'NONE', *, *, #4848, .F. ) ;
#5763 = ADVANCED_BREP_SHAPE_REPRESENTATION ( 'FILTER-SMD_4P-L7.0-W6.0-P3.00-TL', ( #4318, #847, #4453, #7987, #748, #7935, #817, #4369, #7999, #9734, #794, #8030, #6190, #8046, #2601, #726, #4383, #4429, #4403, #4334, #832, #771, #866, #8015, #4477, #880, #4494, #7909, #713, #7954, #7971, #4352, #6521 ), #10291 ) ;
#5764 = CARTESIAN_POINT ( 'NONE',  ( -0.04999999999999969746, 1.500000000000000444, -2.000000000000000000 ) ) ;
#5765 = FILL_AREA_STYLE_COLOUR ( '', #636 ) ;
#5766 = CARTESIAN_POINT ( 'NONE',  ( -1.750000000000000222, 2.249999999999999556, -3.000000000000000000 ) ) ;
#5767 = ORIENTED_EDGE ( 'NONE', *, *, #2129, .T. ) ;
#5768 = ADVANCED_FACE ( 'NONE', ( #460 ), #9288, .T. ) ;
#5769 = CLOSED_SHELL ( 'NONE', ( #5477, #4076, #6016, #1041, #8765, #8858 ) ) ;
#5770 = UNCERTAINTY_MEASURE_WITH_UNIT (LENGTH_MEASURE( 1.000000000000000082E-05 ), #2281, 'distance_accuracy_value', 'NONE');
#5771 = ORIENTED_EDGE ( 'NONE', *, *, #4108, .T. ) ;
#5772 = UNCERTAINTY_MEASURE_WITH_UNIT (LENGTH_MEASURE( 1.000000000000000082E-05 ), #6597, 'distance_accuracy_value', 'NONE');
#5773 = CARTESIAN_POINT ( 'NONE',  ( 0.5500000000000003775, 1.500000000000000444, -2.000000000000000000 ) ) ;
#5774 = PRESENTATION_LAYER_ASSIGNMENT (  '', '', ( #1080 ) ) ;
#5775 = ORIENTED_EDGE ( 'NONE', *, *, #7263, .T. ) ;
#5776 = DIRECTION ( 'NONE',  ( -1.000000000000000000, -1.239088197126291063E-16, 0.0000000000000000000 ) ) ;
#5777 = FILL_AREA_STYLE ('',( #2453 ) ) ;
#5778 = CARTESIAN_POINT ( 'NONE',  ( 3.549999999999999378, 0.7499999999999986677, -3.000000000000000000 ) ) ;
#5779 = DIRECTION ( 'NONE',  ( 0.3635424856527061932, 0.9315776194850602376, 0.0000000000000000000 ) ) ;
#5780 = VERTEX_POINT ( 'NONE', #3796 ) ;
#5781 = ORIENTED_EDGE ( 'NONE', *, *, #8058, .F. ) ;
#5782 =( NAMED_UNIT ( * ) PLANE_ANGLE_UNIT ( ) SI_UNIT ( $, .RADIAN. ) );
#5783 = SURFACE_SIDE_STYLE ('',( #2459 ) ) ;
#5784 = DIRECTION ( 'NONE',  ( -1.000000000000000000, 1.204669080539449590E-16, 0.0000000000000000000 ) ) ;
#5785 = AXIS2_PLACEMENT_3D ( 'NONE', #3375, #6692, #9965 ) ;
#5786 =( NAMED_UNIT ( * ) SI_UNIT ( $, .STERADIAN. ) SOLID_ANGLE_UNIT ( ) );
#5787 =( GEOMETRIC_REPRESENTATION_CONTEXT ( 3 ) GLOBAL_UNCERTAINTY_ASSIGNED_CONTEXT ( ( #739 ) ) GLOBAL_UNIT_ASSIGNED_CONTEXT ( ( #3838, #2998, #2203 ) ) REPRESENTATION_CONTEXT ( 'NONE', 'WORKASPACE' ) );
#5788 = PRESENTATION_LAYER_ASSIGNMENT (  '', '', ( #10429 ) ) ;
#5789 = PRESENTATION_STYLE_ASSIGNMENT (( #2465 ) ) ;
#5790 =( GEOMETRIC_REPRESENTATION_CONTEXT ( 3 ) GLOBAL_UNCERTAINTY_ASSIGNED_CONTEXT ( ( #10523 ) ) GLOBAL_UNIT_ASSIGNED_CONTEXT ( ( #3820, #2978, #2313 ) ) REPRESENTATION_CONTEXT ( 'NONE', 'WORKASPACE' ) );
#5791 = CARTESIAN_POINT ( 'NONE',  ( 1.749999999999999556, 1.000000000000000000, -2.000000000000000000 ) ) ;
#5792 = FILL_AREA_STYLE ('',( #2467 ) ) ;
#5793 = B_SPLINE_CURVE_WITH_KNOTS ( 'NONE', 3,
 ( #1510, #4834, #8140, #683, #4007, #7314, #10582, #3177, #6504, #9790, #2373 ),
 .UNSPECIFIED., .F., .F.,
 ( 4, 1, 1, 1, 1, 1, 1, 1, 4 ),
 ( 0.0000000000000000000, 0.1352946047634290549, 0.2667656579247486004, 0.3948160188358721401, 0.5200516544342453917, 0.6421757029708213826, 0.7626518205584230659, 0.8818340043805021899, 1.000000000000000000 ),
 .UNSPECIFIED. ) ;
#5794 = PRESENTATION_STYLE_ASSIGNMENT (( #2469 ) ) ;
#5795 = CARTESIAN_POINT ( 'NONE',  ( -0.1619077818746719744, 0.05335206417546477231, -0.9899999999999999911 ) ) ;
#5796 =( NAMED_UNIT ( * ) SI_UNIT ( $, .STERADIAN. ) SOLID_ANGLE_UNIT ( ) );
#5797 = FACE_OUTER_BOUND ( 'NONE', #5297, .T. ) ;
#5798 = COLOUR_RGB ( '',0.7529411764705882248, 0.7529411764705882248, 0.7529411764705882248 ) ;
#5799 = VECTOR ( 'NONE', #6429, 1000.000000000000000 ) ;
#5800 = CIRCLE ( 'NONE', #1108, 0.5500000000000001554 ) ;
#5801 = ORIENTED_EDGE ( 'NONE', *, *, #7946, .F. ) ;
#5802 = CARTESIAN_POINT ( 'NONE',  ( -0.2794111423082470957, 0.07446107575957355840, -0.9899999999999999911 ) ) ;
#5803 = FILL_AREA_STYLE ('',( #2474 ) ) ;
#5804 = EDGE_CURVE ( 'NONE', #10213, #10303, #4711, .T. ) ;
#5805 = VECTOR ( 'NONE', #5412, 1000.000000000000000 ) ;
#5806 = EDGE_LOOP ( 'NONE', ( #5977, #1344, #9393, #1958 ) ) ;
#5807 = LINE ( 'NONE', #9102, #9113 ) ;
#5808 = CARTESIAN_POINT ( 'NONE',  ( 1.450000000000000178, 1.500000000000000444, -2.000000000000000000 ) ) ;
#5809 = PRESENTATION_LAYER_ASSIGNMENT (  '', '', ( #10444 ) ) ;
#5810 = PRESENTATION_LAYER_ASSIGNMENT (  '', '', ( #10445 ) ) ;
#5811 = CARTESIAN_POINT ( 'NONE',  ( 1.749999999999999334, -0.7500000000000008882, -3.000000000000000000 ) ) ;
#5812 = AXIS2_PLACEMENT_3D ( 'NONE', #6058, #9339, #1910 ) ;
#5813 = CARTESIAN_POINT ( 'NONE',  ( 0.05028734007654758753, 0.04176669832180623931, -0.9899999999999999911 ) ) ;
#5814 = CYLINDRICAL_SURFACE ( 'NONE', #7020, 0.1000000000000000056 ) ;
#5815 = ORIENTED_EDGE ( 'NONE', *, *, #3225, .F. ) ;
#5816 =( LENGTH_UNIT ( ) NAMED_UNIT ( * ) SI_UNIT ( .MILLI., .METRE. ) );
#5817 = CIRCLE ( 'NONE', #10450, 0.8500000000000000888 ) ;
#5818 = AXIS2_PLACEMENT_3D ( 'NONE', #42, #3357, #6674 ) ;
#5819 = ADVANCED_FACE ( 'NONE', ( #3881 ), #810, .T. ) ;
#5820 = CIRCLE ( 'NONE', #1128, 0.5500000000000001554 ) ;
#5821 = COLOUR_RGB ( '',0.7921568627450980005, 0.8196078431372548767, 0.9333333333333333481 ) ;
#5822 = COLOUR_RGB ( '',0.9882352941176471006, 0.7372549019607843590, 0.5176470588235293491 ) ;
#5823 = PRESENTATION_STYLE_ASSIGNMENT (( #2490 ) ) ;
#5824 = FACE_OUTER_BOUND ( 'NONE', #6704, .T. ) ;
#5825 = MECHANICAL_DESIGN_GEOMETRIC_PRESENTATION_REPRESENTATION (  '', ( #7217 ), #3037 ) ;
#5826 = FACE_OUTER_BOUND ( 'NONE', #2778, .T. ) ;
#5827 = EDGE_LOOP ( 'NONE', ( #6317, #2832, #2744, #2354 ) ) ;
#5828 = CARTESIAN_POINT ( 'NONE',  ( -0.09605412333808657777, 0.03140084466326965168, -1.000000000000000000 ) ) ;
#5829 = AXIS2_PLACEMENT_3D ( 'NONE', #30, #3342, #6653 ) ;
#5830 = MECHANICAL_DESIGN_GEOMETRIC_PRESENTATION_REPRESENTATION (  '', ( #4441 ), #8601 ) ;
#5831 = DIRECTION ( 'NONE',  ( -1.517445394471977106E-32, 1.224646799147353207E-16, -1.000000000000000000 ) ) ;
#5832 = ORIENTED_EDGE ( 'NONE', *, *, #1236, .F. ) ;
#5833 = FACE_OUTER_BOUND ( 'NONE', #2733, .T. ) ;
#5834 = AXIS2_PLACEMENT_3D ( 'NONE', #4790, #8099, #648 ) ;
#5835 =( GEOMETRIC_REPRESENTATION_CONTEXT ( 3 ) GLOBAL_UNCERTAINTY_ASSIGNED_CONTEXT ( ( #6848 ) ) GLOBAL_UNIT_ASSIGNED_CONTEXT ( ( #6726, #5909, #5085 ) ) REPRESENTATION_CONTEXT ( 'NONE', 'WORKASPACE' ) );
#5836 = DIRECTION ( 'NONE',  ( 0.0000000000000000000, 0.0000000000000000000, 1.000000000000000000 ) ) ;
#5837 = EDGE_CURVE ( 'NONE', #9695, #9752, #7202, .T. ) ;
#5838 = ORIENTED_EDGE ( 'NONE', *, *, #9975, .T. ) ;
#5839 = CARTESIAN_POINT ( 'NONE',  ( -3.499999999999999556, 2.999999999999999556, -3.500000000000000000 ) ) ;
#5840 = COLOUR_RGB ( '',0.7529411764705882248, 0.7529411764705882248, 0.7529411764705882248 ) ;
#5841 =( NAMED_UNIT ( * ) SI_UNIT ( $, .STERADIAN. ) SOLID_ANGLE_UNIT ( ) );
#5842 = PRESENTATION_LAYER_ASSIGNMENT (  '', '', ( #10482 ) ) ;
#5843 = FACE_OUTER_BOUND ( 'NONE', #8828, .T. ) ;
#5844 = STYLED_ITEM ( 'NONE', ( #8293 ), #8619 ) ;
#5845 = COLOUR_RGB ( '',0.7529411764705882248, 0.7529411764705882248, 0.7529411764705882248 ) ;
#5846 = AXIS2_PLACEMENT_3D ( 'NONE', #5795, #9090, #1669 ) ;
#5847 = LINE ( 'NONE', #6752, #2154 ) ;
#5848 = EDGE_LOOP ( 'NONE', ( #7403, #3906, #4698, #4384 ) ) ;
#5849 = VERTEX_POINT ( 'NONE', #3992 ) ;
#5850 = FILL_AREA_STYLE_COLOUR ( '', #3196 ) ;
#5851 = AXIS2_PLACEMENT_3D ( 'NONE', #2140, #5473, #8778 ) ;
#5852 =( GEOMETRIC_REPRESENTATION_CONTEXT ( 3 ) GLOBAL_UNCERTAINTY_ASSIGNED_CONTEXT ( ( #8817 ) ) GLOBAL_UNIT_ASSIGNED_CONTEXT ( ( #9015, #8218, #7410 ) ) REPRESENTATION_CONTEXT ( 'NONE', 'WORKASPACE' ) );
#5853 = CARTESIAN_POINT ( 'NONE',  ( -0.3499999999999997002, -0.6500000000000001332, -2.000000000000000000 ) ) ;
#5854 = PRESENTATION_LAYER_ASSIGNMENT (  '', '', ( #10494 ) ) ;
#5855 = MECHANICAL_DESIGN_GEOMETRIC_PRESENTATION_REPRESENTATION (  '', ( #4473 ), #8629 ) ;
#5856 = EDGE_CURVE ( 'NONE', #1352, #3651, #7298, .T. ) ;
#5857 = SURFACE_STYLE_USAGE ( .BOTH. , #2530 ) ;
#5858 = DIRECTION ( 'NONE',  ( -0.0000000000000000000, -0.0000000000000000000, 1.000000000000000000 ) ) ;
#5859 =( NAMED_UNIT ( * ) SI_UNIT ( $, .STERADIAN. ) SOLID_ANGLE_UNIT ( ) );
#5860 = CARTESIAN_POINT ( 'NONE',  ( 1.450000000000000178, 1.500000000000000444, -2.000000000000000000 ) ) ;
#5861 = SURFACE_STYLE_FILL_AREA ( #2534 ) ;
#5862 = SURFACE_STYLE_FILL_AREA ( #2535 ) ;
#5863 = PRESENTATION_LAYER_ASSIGNMENT (  '', '', ( #10498 ) ) ;
#5864 =( NAMED_UNIT ( * ) PLANE_ANGLE_UNIT ( ) SI_UNIT ( $, .RADIAN. ) );
#5865 = VERTEX_POINT ( 'NONE', #6484 ) ;
#5866 = CARTESIAN_POINT ( 'NONE',  ( -0.2321313675925906483, 0.03824268134967959837, -1.000000000000000222 ) ) ;
#5867 =( NAMED_UNIT ( * ) SI_UNIT ( $, .STERADIAN. ) SOLID_ANGLE_UNIT ( ) );
#5868 = CARTESIAN_POINT ( 'NONE',  ( -0.3974186560519732958, 0.1991262353145079600, -0.9900000000000002132 ) ) ;
#5869 = FACE_OUTER_BOUND ( 'NONE', #180, .T. ) ;
#5870 = EDGE_LOOP ( 'NONE', ( #454, #1978, #3285, #7417 ) ) ;
#5871 = SURFACE_STYLE_FILL_AREA ( #2545 ) ;
#5872 = AXIS2_PLACEMENT_3D ( 'NONE', #8085, #630, #3964 ) ;
#5873 = LINE ( 'NONE', #9157, #1126 ) ;
#5874 = CARTESIAN_POINT ( 'NONE',  ( 0.05559941797663486840, 0.2021704889007301664, -1.000000000000000000 ) ) ;
#5875 = EDGE_CURVE ( 'NONE', #10326, #2487, #3595, .T. ) ;
#5876 = EDGE_LOOP ( 'NONE', ( #1581, #2292, #10194, #6919 ) ) ;
#5877 = CARTESIAN_POINT ( 'NONE',  ( -1.249999999999999556, 2.200000000000000622, -2.000000000000000000 ) ) ;
#5878 = CARTESIAN_POINT ( 'NONE',  ( 0.1879979810009854146, 0.1801817485643921191, -1.000000000000000000 ) ) ;
#5879 =( NAMED_UNIT ( * ) PLANE_ANGLE_UNIT ( ) SI_UNIT ( $, .RADIAN. ) );
#5880 = ORIENTED_EDGE ( 'NONE', *, *, #2972, .F. ) ;
#5881 = CARTESIAN_POINT ( 'NONE',  ( -0.2233830370538947008, 0.05844406325176196293, -0.9900000000000004352 ) ) ;
#5882 = EDGE_CURVE ( 'NONE', #1908, #7928, #4983, .T. ) ;
#5883 = CARTESIAN_POINT ( 'NONE',  ( -0.04999999999999967665, -1.500000000000000444, -2.000000000000000000 ) ) ;
#5884 = SURFACE_SIDE_STYLE ('',( #2565 ) ) ;
#5885 = UNCERTAINTY_MEASURE_WITH_UNIT (LENGTH_MEASURE( 1.000000000000000082E-05 ), #3283, 'distance_accuracy_value', 'NONE');
#5886 = CARTESIAN_POINT ( 'NONE',  ( -1.249999999999999556, 1.500000000000000444, -2.000000000000000000 ) ) ;
#5887 = CARTESIAN_POINT ( 'NONE',  ( -1.750000000000000222, 1.500000000000000000, -1.500000000000000000 ) ) ;
#5888 = ORIENTED_EDGE ( 'NONE', *, *, #1100, .T. ) ;
#5889 = CARTESIAN_POINT ( 'NONE',  ( 0.1737105313819977404, 0.05591331471808033693, -1.000000000000000222 ) ) ;
#5890 = SURFACE_STYLE_FILL_AREA ( #2572 ) ;
#5891 = ADVANCED_FACE ( 'NONE', ( #8174 ), #1161, .T. ) ;
#5892 =( NAMED_UNIT ( * ) PLANE_ANGLE_UNIT ( ) SI_UNIT ( $, .RADIAN. ) );
#5893 = ORIENTED_EDGE ( 'NONE', *, *, #4833, .F. ) ;
#5894 = ORIENTED_EDGE ( 'NONE', *, *, #7033, .F. ) ;
#5895 = ADVANCED_FACE ( 'NONE', ( #717 ), #1651, .F. ) ;
#5896 = CARTESIAN_POINT ( 'NONE',  ( -0.2691592989289213755, 0.1364086192517518781, -1.000000000000000000 ) ) ;
#5897 = PLANE ( 'NONE',  #5664 ) ;
#5898 = CARTESIAN_POINT ( 'NONE',  ( 1.750000000000000222, 2.999999999999998668, -3.500000000000000000 ) ) ;
#5899 = CARTESIAN_POINT ( 'NONE',  ( -0.2478618671199166457, 0.1904567724635353176, -0.9900000000000004352 ) ) ;
#5900 = DIRECTION ( 'NONE',  ( -1.000000000000000000, 0.0000000000000000000, 0.0000000000000000000 ) ) ;
#5901 = SURFACE_STYLE_USAGE ( .BOTH. , #2584 ) ;
#5902 = PRESENTATION_LAYER_ASSIGNMENT (  '', '', ( #9173 ) ) ;
#5903 = FILL_AREA_STYLE_COLOUR ( '', #4601 ) ;
#5904 = EDGE_CURVE ( 'NONE', #4523, #6323, #8627, .T. ) ;
#5905 = ORIENTED_EDGE ( 'NONE', *, *, #641, .T. ) ;
#5906 = FILL_AREA_STYLE_COLOUR ( '', #9075 ) ;
#5907 = PRESENTATION_STYLE_ASSIGNMENT (( #2590 ) ) ;
#5908 = FILL_AREA_STYLE_COLOUR ( '', #585 ) ;
#5909 =( NAMED_UNIT ( * ) PLANE_ANGLE_UNIT ( ) SI_UNIT ( $, .RADIAN. ) );
#5910 = ORIENTED_EDGE ( 'NONE', *, *, #990, .T. ) ;
#5911 = SURFACE_STYLE_USAGE ( .BOTH. , #2594 ) ;
#5912 = CARTESIAN_POINT ( 'NONE',  ( 0.06835231242753610215, 0.03384840532427133702, -0.9900000000000002132 ) ) ;
#5913 = CARTESIAN_POINT ( 'NONE',  ( 0.09501380437856553340, 0.2118567414220507150, -0.9900000000000002132 ) ) ;
#5914 = FACE_OUTER_BOUND ( 'NONE', #5144, .T. ) ;
#5915 = ORIENTED_EDGE ( 'NONE', *, *, #6131, .F. ) ;
#5916 = DIRECTION ( 'NONE',  ( 0.3393303772748785807, 0.9406672605435402179, 0.0000000000000000000 ) ) ;
#5917 = DIRECTION ( 'NONE',  ( 0.0000000000000000000, 1.000000000000000000, 0.0000000000000000000 ) ) ;
#5918 =( LENGTH_UNIT ( ) NAMED_UNIT ( * ) SI_UNIT ( .MILLI., .METRE. ) );
#5919 = CARTESIAN_POINT ( 'NONE',  ( 0.1377567573239772414, 0.2267391302264110120, -0.9899999999999995470 ) ) ;
#5920 = CARTESIAN_POINT ( 'NONE',  ( -0.1902995501673548084, 0.05335206417546477231, -1.000000000000000000 ) ) ;
#5921 = VERTEX_POINT ( 'NONE', #3332 ) ;
#5922 = DIRECTION ( 'NONE',  ( 0.0000000000000000000, 0.0000000000000000000, -1.000000000000000000 ) ) ;
#5923 = CARTESIAN_POINT ( 'NONE',  ( -0.2692248550454036105, 0.1333444422242452687, -0.9899999999999999911 ) ) ;
#5924 = SURFACE_STYLE_USAGE ( .BOTH. , #2611 ) ;
#5925 = CARTESIAN_POINT ( 'NONE',  ( -1.549999999999999600, -1.500000000000000444, -2.000000000000000000 ) ) ;
#5926 = EDGE_CURVE ( 'NONE', #3651, #5921, #6638, .T. ) ;
#5927 = LINE ( 'NONE', #9212, #8532 ) ;
#5928 = CARTESIAN_POINT ( 'NONE',  ( 0.8500000000000004219, -2.200000000000000622, -2.000000000000000000 ) ) ;
#5929 = VERTEX_POINT ( 'NONE', #5839 ) ;
#5930 = CARTESIAN_POINT ( 'NONE',  ( 0.8500000000000003109, 1.500000000000000444, -2.000000000000000000 ) ) ;
#5931 = FACE_OUTER_BOUND ( 'NONE', #3236, .T. ) ;
#5932 = CARTESIAN_POINT ( 'NONE',  ( -1.749999999999999778, 1.500000000000000000, -2.000000000000000000 ) ) ;
#5933 = ORIENTED_EDGE ( 'NONE', *, *, #4089, .F. ) ;
#5934 = ORIENTED_EDGE ( 'NONE', *, *, #10283, .T. ) ;
#5935 = SURFACE_SIDE_STYLE ('',( #2625 ) ) ;
#5936 = CARTESIAN_POINT ( 'NONE',  ( -0.2156481664232352269, 0.2069223038424727046, -1.000000000000000222 ) ) ;
#5937 = EDGE_CURVE ( 'NONE', #3050, #6438, #5327, .T. ) ;
#5938 =( LENGTH_UNIT ( ) NAMED_UNIT ( * ) SI_UNIT ( .MILLI., .METRE. ) );
#5939 = DIRECTION ( 'NONE',  ( 2.168404344971009115E-16, 1.000000000000000000, -0.0000000000000000000 ) ) ;
#5940 = CARTESIAN_POINT ( 'NONE',  ( -0.2846123901817131929, 0.1826219205927762657, -0.9999999999999997780 ) ) ;
#5941 = B_SPLINE_SURFACE_WITH_KNOTS ( 'NONE', 2, 1, ( 
 ( #3130, #1555 ),
 ( #4880, #8186 ),
 ( #730, #4056 ) ),
 .UNSPECIFIED., .F., .F., .F.,
 ( 3, 3 ),
 ( 2, 2 ),
 ( 0.0000000000000000000, 1.000000000000000000 ),
 ( 0.0000000000000000000, 1.000000000000000000 ),
 .UNSPECIFIED. ) ;
#5942 = EDGE_CURVE ( 'NONE', #2002, #2810, #2860, .T. ) ;
#5943 = LINE ( 'NONE', #9239, #8079 ) ;
#5944 = DIRECTION ( 'NONE',  ( -1.000000000000000000, 0.0000000000000000000, 0.0000000000000000000 ) ) ;
#5945 = PRESENTATION_LAYER_ASSIGNMENT (  '', '', ( #10620 ) ) ;
#5946 = PRESENTATION_STYLE_ASSIGNMENT (( #2632 ) ) ;
#5947 = STYLED_ITEM ( 'NONE', ( #4542 ), #847 ) ;
#5948 = PRESENTATION_STYLE_ASSIGNMENT (( #2634 ) ) ;
#5949 = ORIENTED_EDGE ( 'NONE', *, *, #3974, .T. ) ;
#5950 = LINE ( 'NONE', #9248, #9448 ) ;
#5951 = STYLED_ITEM ( 'NONE', ( #1239 ), #6622 ) ;
#5952 = FACE_OUTER_BOUND ( 'NONE', #7468, .T. ) ;
#5953 = COLOUR_RGB ( '',0.9882352941176471006, 0.7372549019607843590, 0.5176470588235293491 ) ;
#5954 = ORIENTED_EDGE ( 'NONE', *, *, #162, .F. ) ;
#5955 = STYLED_ITEM ( 'NONE', ( #6898 ), #3209 ) ;
#5956 = CARTESIAN_POINT ( 'NONE',  ( -0.2129626771372212790, 0.2299385754818580874, -0.9900000000000002132 ) ) ;
#5957 = EDGE_CURVE ( 'NONE', #7409, #5604, #6710, .T. ) ;
#5958 = CARTESIAN_POINT ( 'NONE',  ( 0.1053178278814256713, 0.02896182027302574707, -1.000000000000000000 ) ) ;
#5959 = VECTOR ( 'NONE', #1505, 1000.000000000000000 ) ;
#5960 = ORIENTED_EDGE ( 'NONE', *, *, #7205, .T. ) ;
#5961 = LINE ( 'NONE', #9263, #5690 ) ;
#5962 = STYLED_ITEM ( 'NONE', ( #8031 ), #7616 ) ;
#5963 =( NAMED_UNIT ( * ) PLANE_ANGLE_UNIT ( ) SI_UNIT ( $, .RADIAN. ) );
#5964 = PRESENTATION_LAYER_ASSIGNMENT (  '', '', ( #10605 ) ) ;
#5965 = ORIENTED_EDGE ( 'NONE', *, *, #8148, .F. ) ;
#5966 = CARTESIAN_POINT ( 'NONE',  ( -3.550000000000000266, 2.249999999999999556, -3.500000000000000000 ) ) ;
#5967 = CLOSED_SHELL ( 'NONE', ( #6758, #1768, #676, #566 ) ) ;
#5968 =( GEOMETRIC_REPRESENTATION_CONTEXT ( 3 ) GLOBAL_UNCERTAINTY_ASSIGNED_CONTEXT ( ( #2839 ) ) GLOBAL_UNIT_ASSIGNED_CONTEXT ( ( #6658, #5864, #5038 ) ) REPRESENTATION_CONTEXT ( 'NONE', 'WORKASPACE' ) );
#5969 = MECHANICAL_DESIGN_GEOMETRIC_PRESENTATION_REPRESENTATION (  '', ( #5955 ), #10521 ) ;
#5970 = CARTESIAN_POINT ( 'NONE',  ( -0.3965906279341450680, 0.1958682730698337315, -1.000000000000000000 ) ) ;
#5971 = SURFACE_STYLE_FILL_AREA ( #2649 ) ;
#5972 = AXIS2_PLACEMENT_3D ( 'NONE', #7186, #8114, #657 ) ;
#5973 = TOROIDAL_SURFACE ( 'NONE', #1291, 0.7000000000000002887, 0.1499999999999999667 ) ;
#5974 = COLOUR_RGB ( '',0.9882352941176471006, 0.7372549019607843590, 0.5176470588235293491 ) ;
#5975 = CARTESIAN_POINT ( 'NONE',  ( 0.01126294983264515548, 0.2314008446632696836, -1.000000000000000000 ) ) ;
#5976 = CARTESIAN_POINT ( 'NONE',  ( -0.2641707444161756624, 0.09971045485637461403, -1.000000000000000222 ) ) ;
#5977 = ORIENTED_EDGE ( 'NONE', *, *, #8374, .F. ) ;
#5978 = PRESENTATION_STYLE_ASSIGNMENT (( #2654 ) ) ;
#5979 = AXIS2_PLACEMENT_3D ( 'NONE', #1614, #4946, #8264 ) ;
#5980 = COLOUR_RGB ( '',1.000000000000000000, 1.000000000000000000, 1.000000000000000000 ) ;
#5981 = VECTOR ( 'NONE', #5237, 1000.000000000000000 ) ;
#5982 = UNCERTAINTY_MEASURE_WITH_UNIT (LENGTH_MEASURE( 1.000000000000000082E-05 ), #6948, 'distance_accuracy_value', 'NONE');
#5983 = PRESENTATION_STYLE_ASSIGNMENT (( #2656 ) ) ;
#5984 = CARTESIAN_POINT ( 'NONE',  ( -1.750000000000000222, 2.249999999999999556, -3.000000000000000000 ) ) ;
#5985 =( NAMED_UNIT ( * ) PLANE_ANGLE_UNIT ( ) SI_UNIT ( $, .RADIAN. ) );
#5986 = FILL_AREA_STYLE ('',( #2662 ) ) ;
#5987 = UNCERTAINTY_MEASURE_WITH_UNIT (LENGTH_MEASURE( 1.000000000000000082E-05 ), #6496, 'distance_accuracy_value', 'NONE');
#5988 = STYLED_ITEM ( 'NONE', ( #3126 ), #10507 ) ;
#5989 =( LENGTH_UNIT ( ) NAMED_UNIT ( * ) SI_UNIT ( .MILLI., .METRE. ) );
#5990 = STYLED_ITEM ( 'NONE', ( #6736 ), #8030 ) ;
#5991 = AXIS2_PLACEMENT_3D ( 'NONE', #3025, #639, #3970 ) ;
#5992 = PRESENTATION_LAYER_ASSIGNMENT (  '', '', ( #10640 ) ) ;
#5993 = ORIENTED_EDGE ( 'NONE', *, *, #9843, .F. ) ;
#5994 = PRESENTATION_STYLE_ASSIGNMENT (( #2664 ) ) ;
#5995 = CARTESIAN_POINT ( 'NONE',  ( 0.1129130463856885813, 0.2105941417218607503, -0.9899999999999999911 ) ) ;
#5996 = EDGE_CURVE ( 'NONE', #3274, #7697, #8107, .T. ) ;
#5997 = CARTESIAN_POINT ( 'NONE',  ( 0.05028734007654758753, 0.2259130397852208705, -0.9899999999999999911 ) ) ;
#5998 = VECTOR ( 'NONE', #7643, 1000.000000000000000 ) ;
#5999 =( NAMED_UNIT ( * ) PLANE_ANGLE_UNIT ( ) SI_UNIT ( $, .RADIAN. ) );
#6000 = EDGE_CURVE ( 'NONE', #9020, #8577, #5122, .T. ) ;
#6001 =( LENGTH_UNIT ( ) NAMED_UNIT ( * ) SI_UNIT ( .MILLI., .METRE. ) );
#6002 = ORIENTED_EDGE ( 'NONE', *, *, #7482, .F. ) ;
#6003 = ORIENTED_EDGE ( 'NONE', *, *, #7013, .T. ) ;
#6004 = VECTOR ( 'NONE', #1559, 1000.000000000000000 ) ;
#6005 = COLOUR_RGB ( '',0.7921568627450980005, 0.8196078431372548767, 0.9333333333333333481 ) ;
#6006 = DIRECTION ( 'NONE',  ( -1.517445394471977106E-32, -1.224646799147353207E-16, 1.000000000000000000 ) ) ;
#6007 = DIRECTION ( 'NONE',  ( -1.000000000000000000, -1.239088197126291063E-16, 0.0000000000000000000 ) ) ;
#6008 = SURFACE_STYLE_FILL_AREA ( #2681 ) ;
#6009 = MECHANICAL_DESIGN_GEOMETRIC_PRESENTATION_REPRESENTATION (  '', ( #7395 ), #3228 ) ;
#6010 = SURFACE_STYLE_USAGE ( .BOTH. , #2683 ) ;
#6011 = MECHANICAL_DESIGN_GEOMETRIC_PRESENTATION_REPRESENTATION (  '', ( #4645 ), #8782 ) ;
#6012 = CARTESIAN_POINT ( 'NONE',  ( 1.150000000000000133, 1.500000000000000444, -2.000000000000000000 ) ) ;
#6013 = VECTOR ( 'NONE', #2305, 999.9999999999998863 ) ;
#6014 = DIRECTION ( 'NONE',  ( 1.971276677246371026E-16, -1.000000000000000000, 0.0000000000000000000 ) ) ;
#6015 = PRESENTATION_STYLE_ASSIGNMENT (( #2687 ) ) ;
#6016 = ADVANCED_FACE ( 'NONE', ( #4312 ), #7618, .T. ) ;
#6017 = CARTESIAN_POINT ( 'NONE',  ( 0.09712423032045001958, 0.2118886495413184468, -1.000000000000000222 ) ) ;
#6018 = SURFACE_SIDE_STYLE ('',( #2689 ) ) ;
#6019 = EDGE_LOOP ( 'NONE', ( #10056, #12, #4715, #9603 ) ) ;
#6020 = DIRECTION ( 'NONE',  ( -1.000000000000000000, -1.239088197126291063E-16, 0.0000000000000000000 ) ) ;
#6021 = COLOUR_RGB ( '',0.9882352941176471006, 0.7372549019607843590, 0.5176470588235293491 ) ;
#6022 = CARTESIAN_POINT ( 'NONE',  ( -0.9499999999999995115, -1.500000000000000444, -2.000000000000000000 ) ) ;
#6023 =( GEOMETRIC_REPRESENTATION_CONTEXT ( 3 ) GLOBAL_UNCERTAINTY_ASSIGNED_CONTEXT ( ( #6093 ) ) GLOBAL_UNIT_ASSIGNED_CONTEXT ( ( #3779, #2939, #2116 ) ) REPRESENTATION_CONTEXT ( 'NONE', 'WORKASPACE' ) );
#6024 = PRESENTATION_LAYER_ASSIGNMENT (  '', '', ( #10665 ) ) ;
#6025 =( NAMED_UNIT ( * ) PLANE_ANGLE_UNIT ( ) SI_UNIT ( $, .RADIAN. ) );
#6026 = VERTEX_POINT ( 'NONE', #5226 ) ;
#6027 = CARTESIAN_POINT ( 'NONE',  ( -0.2958181851004157981, 0.1446304887311025689, -0.9899999999999999911 ) ) ;
#6028 = CARTESIAN_POINT ( 'NONE',  ( 0.1647418249454270789, 0.09004219581918125603, -1.000000000000000000 ) ) ;
#6029 = SURFACE_STYLE_FILL_AREA ( #2701 ) ;
#6030 = VERTEX_POINT ( 'NONE', #8536 ) ;
#6031 = MECHANICAL_DESIGN_GEOMETRIC_PRESENTATION_REPRESENTATION (  '', ( #4660 ), #8796 ) ;
#6032 =( LENGTH_UNIT ( ) NAMED_UNIT ( * ) SI_UNIT ( .MILLI., .METRE. ) );
#6033 = EDGE_CURVE ( 'NONE', #4956, #9611, #5681, .T. ) ;
#6034 = AXIS2_PLACEMENT_3D ( 'NONE', #2003, #5332, #8650 ) ;
#6035 = STYLED_ITEM ( 'NONE', ( #7891 ), #5182 ) ;
#6036 = LINE ( 'NONE', #9317, #9422 ) ;
#6037 = VERTEX_POINT ( 'NONE', #283 ) ;
#6038 = ADVANCED_FACE ( 'NONE', ( #3610 ), #6912, .F. ) ;
#6039 = AXIS2_PLACEMENT_3D ( 'NONE', #7568, #134, #3448 ) ;
#6040 =( GEOMETRIC_REPRESENTATION_CONTEXT ( 3 ) GLOBAL_UNCERTAINTY_ASSIGNED_CONTEXT ( ( #9557 ) ) GLOBAL_UNIT_ASSIGNED_CONTEXT ( ( #1194, #373, #10276 ) ) REPRESENTATION_CONTEXT ( 'NONE', 'WORKASPACE' ) );
#6041 = FILL_AREA_STYLE_COLOUR ( '', #5691 ) ;
#6042 = SURFACE_STYLE_USAGE ( .BOTH. , #2714 ) ;
#6043 = ORIENTED_EDGE ( 'NONE', *, *, #1236, .T. ) ;
#6044 = CARTESIAN_POINT ( 'NONE',  ( 3.549999999999998934, -2.250000000000001332, -3.000000000000000000 ) ) ;
#6045 = CARTESIAN_POINT ( 'NONE',  ( 0.05028734007654758753, 0.2259130397852208705, -0.9899999999999999911 ) ) ;
#6046 = DIRECTION ( 'NONE',  ( 0.0000000000000000000, -0.0000000000000000000, -1.000000000000000000 ) ) ;
#6047 = SURFACE_STYLE_FILL_AREA ( #2719 ) ;
#6048 = VECTOR ( 'NONE', #7599, 1000.000000000000000 ) ;
#6049 = EDGE_CURVE ( 'NONE', #7705, #8006, #4532, .T. ) ;
#6050 = FILL_AREA_STYLE_COLOUR ( '', #928 ) ;
#6051 =( NAMED_UNIT ( * ) SI_UNIT ( $, .STERADIAN. ) SOLID_ANGLE_UNIT ( ) );
#6052 = DIRECTION ( 'NONE',  ( -1.239088197126291063E-16, 1.000000000000000000, 0.0000000000000000000 ) ) ;
#6053 = CARTESIAN_POINT ( 'NONE',  ( 3.549999999999999378, 0.7499999999999986677, -3.000000000000000000 ) ) ;
#6054 = CARTESIAN_POINT ( 'NONE',  ( 0.1720344185326924402, 0.1383716636180050696, -0.9899999999999999911 ) ) ;
#6055 =( LENGTH_UNIT ( ) NAMED_UNIT ( * ) SI_UNIT ( .MILLI., .METRE. ) );
#6056 = VERTEX_POINT ( 'NONE', #3710 ) ;
#6057 = DIRECTION ( 'NONE',  ( -1.445602896647339410E-16, -1.000000000000000000, 0.0000000000000000000 ) ) ;
#6058 = CARTESIAN_POINT ( 'NONE',  ( 1.150000000000000133, -0.8000000000000001554, -2.000000000000000000 ) ) ;
#6059 = ORIENTED_EDGE ( 'NONE', *, *, #3248, .F. ) ;
#6060 = ORIENTED_EDGE ( 'NONE', *, *, #6805, .T. ) ;
#6061 = FACE_OUTER_BOUND ( 'NONE', #3154, .T. ) ;
#6062 = DIRECTION ( 'NONE',  ( -1.000000000000000000, 0.0000000000000000000, 0.0000000000000000000 ) ) ;
#6063 = ORIENTED_EDGE ( 'NONE', *, *, #4521, .T. ) ;
#6064 = CARTESIAN_POINT ( 'NONE',  ( -0.6499999999999995781, -1.500000000000000444, -2.000000000000000000 ) ) ;
#6065 = COLOUR_RGB ( '',0.9882352941176471006, 0.7372549019607843590, 0.5176470588235293491 ) ;
#6066 = DIRECTION ( 'NONE',  ( 0.0000000000000000000, -1.000000000000000000, 0.0000000000000000000 ) ) ;
#6067 = CARTESIAN_POINT ( 'NONE',  ( 0.1401742421788720050, 0.1993912428881668142, -0.9899999999999999911 ) ) ;
#6068 =( LENGTH_UNIT ( ) NAMED_UNIT ( * ) SI_UNIT ( .MILLI., .METRE. ) );
#6069 = ORIENTED_EDGE ( 'NONE', *, *, #5170, .F. ) ;
#6070 = FILL_AREA_STYLE ('',( #2745 ) ) ;
#6071 = CARTESIAN_POINT ( 'NONE',  ( 0.07264504724056942975, 0.2087458745867040444, -0.9899999999999995470 ) ) ;
#6072 = CARTESIAN_POINT ( 'NONE',  ( 1.150000000000000133, 2.350000000000000533, -2.000000000000000000 ) ) ;
#6073 = SURFACE_STYLE_FILL_AREA ( #2749 ) ;
#6074 = EDGE_CURVE ( 'NONE', #8480, #7693, #7024, .T. ) ;
#6075 = ORIENTED_EDGE ( 'NONE', *, *, #44, .T. ) ;
#6076 = SURFACE_STYLE_USAGE ( .BOTH. , #2751 ) ;
#6077 = UNCERTAINTY_MEASURE_WITH_UNIT (LENGTH_MEASURE( 1.000000000000000082E-05 ), #6081, 'distance_accuracy_value', 'NONE');
#6078 = CARTESIAN_POINT ( 'NONE',  ( 0.1302108107965832817, 0.05607361744322267305, -0.9900000000000004352 ) ) ;
#6079 = VERTEX_POINT ( 'NONE', #6226 ) ;
#6080 = LINE ( 'NONE', #9362, #1865 ) ;
#6081 =( LENGTH_UNIT ( ) NAMED_UNIT ( * ) SI_UNIT ( .MILLI., .METRE. ) );
#6082 = ORIENTED_EDGE ( 'NONE', *, *, #2617, .F. ) ;
#6083 = DIRECTION ( 'NONE',  ( 1.000000000000000000, 0.0000000000000000000, 0.0000000000000000000 ) ) ;
#6084 = DIRECTION ( 'NONE',  ( 1.000000000000000000, 2.168404344971008868E-16, 0.0000000000000000000 ) ) ;
#6085 = DIRECTION ( 'NONE',  ( -1.000000000000000000, 1.239088197126291063E-16, 0.0000000000000000000 ) ) ;
#6086 =( GEOMETRIC_REPRESENTATION_CONTEXT ( 3 ) GLOBAL_UNCERTAINTY_ASSIGNED_CONTEXT ( ( #666 ) ) GLOBAL_UNIT_ASSIGNED_CONTEXT ( ( #2108, #1305, #490 ) ) REPRESENTATION_CONTEXT ( 'NONE', 'WORKASPACE' ) );
#6087 = FACE_OUTER_BOUND ( 'NONE', #2069, .T. ) ;
#6088 = ADVANCED_FACE ( 'NONE', ( #9507 ), #2067, .F. ) ;
#6089 = VERTEX_POINT ( 'NONE', #10393 ) ;
#6090 = CARTESIAN_POINT ( 'NONE',  ( 0.3185800230033769553, 0.2314008446632696836, -1.000000000000000000 ) ) ;
#6091 = DIRECTION ( 'NONE',  ( 1.445602896647339163E-16, 1.000000000000000000, 0.0000000000000000000 ) ) ;
#6092 = EDGE_CURVE ( 'NONE', #6799, #6394, #2983, .T. ) ;
#6093 = UNCERTAINTY_MEASURE_WITH_UNIT (LENGTH_MEASURE( 1.000000000000000082E-05 ), #3779, 'distance_accuracy_value', 'NONE');
#6094 = SURFACE_STYLE_USAGE ( .BOTH. , #2767 ) ;
#6095 = SURFACE_STYLE_USAGE ( .BOTH. , #2768 ) ;
#6096 = UNCERTAINTY_MEASURE_WITH_UNIT (LENGTH_MEASURE( 1.000000000000000082E-05 ), #1011, 'distance_accuracy_value', 'NONE');
#6097 = SURFACE_STYLE_FILL_AREA ( #2770 ) ;
#6098 = FILL_AREA_STYLE_COLOUR ( '', #4280 ) ;
#6099 = ADVANCED_FACE ( 'NONE', ( #2184 ), #5512, .F. ) ;
#6100 = LINE ( 'NONE', #9382, #3348 ) ;
#6101 = ORIENTED_EDGE ( 'NONE', *, *, #1433, .T. ) ;
#6102 = FACE_OUTER_BOUND ( 'NONE', #8723, .T. ) ;
#6103 = UNCERTAINTY_MEASURE_WITH_UNIT (LENGTH_MEASURE( 1.000000000000000082E-05 ), #6245, 'distance_accuracy_value', 'NONE');
#6104 =( LENGTH_UNIT ( ) NAMED_UNIT ( * ) SI_UNIT ( .MILLI., .METRE. ) );
#6105 = ORIENTED_EDGE ( 'NONE', *, *, #1153, .T. ) ;
#6106 = ORIENTED_EDGE ( 'NONE', *, *, #3493, .T. ) ;
#6107 =( NAMED_UNIT ( * ) PLANE_ANGLE_UNIT ( ) SI_UNIT ( $, .RADIAN. ) );
#6108 = CARTESIAN_POINT ( 'NONE',  ( -0.3499999999999996447, -1.500000000000000444, -2.000000000000000000 ) ) ;
#6109 = CARTESIAN_POINT ( 'NONE',  ( 0.2161409986131329897, 0.03140084466326965168, -0.9899999999999999911 ) ) ;
#6110 = UNCERTAINTY_MEASURE_WITH_UNIT (LENGTH_MEASURE( 1.000000000000000082E-05 ), #4225, 'distance_accuracy_value', 'NONE');
#6111 = DIRECTION ( 'NONE',  ( 1.000000000000000000, 0.0000000000000000000, 0.0000000000000000000 ) ) ;
#6112 = FILL_AREA_STYLE ('',( #2782 ) ) ;
#6113 = ORIENTED_EDGE ( 'NONE', *, *, #5068, .F. ) ;
#6114 = DIRECTION ( 'NONE',  ( -1.000000000000000000, -1.239088197126291063E-16, 0.0000000000000000000 ) ) ;
#6115 = SURFACE_STYLE_FILL_AREA ( #2787 ) ;
#6116 = CARTESIAN_POINT ( 'NONE',  ( 0.1671725893414270081, 0.1632861400088746751, -1.000000000000000444 ) ) ;
#6117 = DIRECTION ( 'NONE',  ( -1.239088197126291063E-16, 1.000000000000000000, 0.0000000000000000000 ) ) ;
#6118 = CARTESIAN_POINT ( 'NONE',  ( -0.2610031965160497514, 0.1734074089451305423, -0.9900000000000002132 ) ) ;
#6119 = ORIENTED_EDGE ( 'NONE', *, *, #6746, .F. ) ;
#6120 =( NAMED_UNIT ( * ) SI_UNIT ( $, .STERADIAN. ) SOLID_ANGLE_UNIT ( ) );
#6121 = PRESENTATION_STYLE_ASSIGNMENT (( #2792 ) ) ;
#6122 = CARTESIAN_POINT ( 'NONE',  ( 1.749999999999999334, -0.7500000000000008882, -3.000000000000000000 ) ) ;
#6123 = ORIENTED_EDGE ( 'NONE', *, *, #2030, .F. ) ;
#6124 = CARTESIAN_POINT ( 'NONE',  ( -0.04999999999999958644, 2.350000000000000533, -2.000000000000000000 ) ) ;
#6125 = SURFACE_STYLE_USAGE ( .BOTH. , #2799 ) ;
#6126 = DIRECTION ( 'NONE',  ( -4.336808689942017736E-16, 1.000000000000000000, 0.0000000000000000000 ) ) ;
#6127 = CARTESIAN_POINT ( 'NONE',  ( 0.06568349557904785974, 0.2308359603311041786, -1.000000000000000000 ) ) ;
#6128 = LINE ( 'NONE', #9417, #10347 ) ;
#6129 = ORIENTED_EDGE ( 'NONE', *, *, #6049, .F. ) ;
#6130 = COLOUR_RGB ( '',0.7529411764705882248, 0.7529411764705882248, 0.7529411764705882248 ) ;
#6131 = EDGE_CURVE ( 'NONE', #9872, #4704, #8003, .T. ) ;
#6132 = CARTESIAN_POINT ( 'NONE',  ( 0.1520628723530736692, 0.03935412135655053101, -0.9899999999999995470 ) ) ;
#6133 = STYLED_ITEM ( 'NONE', ( #522 ), #713 ) ;
#6134 = VECTOR ( 'NONE', #844, 1000.000000000000000 ) ;
#6135 =( NAMED_UNIT ( * ) PLANE_ANGLE_UNIT ( ) SI_UNIT ( $, .RADIAN. ) );
#6136 = STYLED_ITEM ( 'NONE', ( #5219 ), #9673 ) ;
#6137 = SURFACE_SIDE_STYLE ('',( #2808 ) ) ;
#6138 = CARTESIAN_POINT ( 'NONE',  ( 0.1704550229052183008, 0.2047507433046989178, -1.000000000000000222 ) ) ;
#6139 = VERTEX_POINT ( 'NONE', #7187 ) ;
#6140 = PRESENTATION_LAYER_ASSIGNMENT (  '', '', ( #56 ) ) ;
#6141 = SURFACE_STYLE_USAGE ( .BOTH. , #2811 ) ;
#6142 = TOROIDAL_SURFACE ( 'NONE', #1451, 0.7000000000000002887, 0.1499999999999999667 ) ;
#6143 = DIRECTION ( 'NONE',  ( -0.0000000000000000000, -0.0000000000000000000, -1.000000000000000000 ) ) ;
#6144 = CLOSED_SHELL ( 'NONE', ( #700, #5495, #8346, #9313, #9225, #4444, #2224, #8380, #6099, #307, #5171, #1223, #2752, #5895 ) ) ;
#6145 = CIRCLE ( 'NONE', #2300, 0.5000000000000000000 ) ;
#6146 = CARTESIAN_POINT ( 'NONE',  ( -0.3862980257771109760, 0.2314008446632696836, -0.9899999999999999911 ) ) ;
#6147 = EDGE_CURVE ( 'NONE', #3050, #5257, #6894, .T. ) ;
#6148 = PRESENTATION_LAYER_ASSIGNMENT (  '', '', ( #63 ) ) ;
#6149 = AXIS2_PLACEMENT_3D ( 'NONE', #1024, #4332, #7637 ) ;
#6150 = COLOUR_RGB ( '',0.9882352941176471006, 0.7372549019607843590, 0.5176470588235293491 ) ;
#6151 = SURFACE_SIDE_STYLE ('',( #2819 ) ) ;
#6152 =( GEOMETRIC_REPRESENTATION_CONTEXT ( 3 ) GLOBAL_UNCERTAINTY_ASSIGNED_CONTEXT ( ( #1217 ) ) GLOBAL_UNIT_ASSIGNED_CONTEXT ( ( #5581, #4762, #3950 ) ) REPRESENTATION_CONTEXT ( 'NONE', 'WORKASPACE' ) );
#6153 = TOROIDAL_SURFACE ( 'NONE', #71, 0.7000000000000002887, 0.1499999999999999667 ) ;
#6154 = DIRECTION ( 'NONE',  ( -0.0000000000000000000, 0.0000000000000000000, -1.000000000000000000 ) ) ;
#6155 = CARTESIAN_POINT ( 'NONE',  ( -0.4023213106060914424, 0.1937841774075503010, -1.000000000000000000 ) ) ;
#6156 = CIRCLE ( 'NONE', #1468, 0.5000000000000000000 ) ;
#6157 = VECTOR ( 'NONE', #929, 1000.000000000000000 ) ;
#6158 = PRESENTATION_LAYER_ASSIGNMENT (  '', '', ( #77 ) ) ;
#6159 = MECHANICAL_DESIGN_GEOMETRIC_PRESENTATION_REPRESENTATION (  '', ( #4780 ), #8917 ) ;
#6160 = FILL_AREA_STYLE ('',( #2826 ) ) ;
#6161 = EDGE_LOOP ( 'NONE', ( #6971, #7842, #10090, #619 ) ) ;
#6162 =( NAMED_UNIT ( * ) PLANE_ANGLE_UNIT ( ) SI_UNIT ( $, .RADIAN. ) );
#6163 = CARTESIAN_POINT ( 'NONE',  ( -0.04999999999999960726, -2.050000000000000711, -2.000000000000000000 ) ) ;
#6164 = VERTEX_POINT ( 'NONE', #9660 ) ;
#6165 = EDGE_LOOP ( 'NONE', ( #5413, #6697, #2575, #3303 ) ) ;
#6166 = CIRCLE ( 'NONE', #82, 0.1499999999999999667 ) ;
#6167 = FACE_OUTER_BOUND ( 'NONE', #6183, .T. ) ;
#6168 = PLANE ( 'NONE',  #276 ) ;
#6169 = LINE ( 'NONE', #7517, #9117 ) ;
#6170 = MECHANICAL_DESIGN_GEOMETRIC_PRESENTATION_REPRESENTATION (  '', ( #4786 ), #8923 ) ;
#6171 = CIRCLE ( 'NONE', #1478, 0.5000000000000000000 ) ;
#6172 = EDGE_CURVE ( 'NONE', #2402, #5921, #2239, .T. ) ;
#6173 = DIRECTION ( 'NONE',  ( 1.445602896647339163E-16, 1.000000000000000000, -0.0000000000000000000 ) ) ;
#6174 = CARTESIAN_POINT ( 'NONE',  ( -0.3986029190387171406, 0.2055864223031864668, -0.9899999999999997691 ) ) ;
#6175 =( NAMED_UNIT ( * ) SI_UNIT ( $, .STERADIAN. ) SOLID_ANGLE_UNIT ( ) );
#6176 = SURFACE_SIDE_STYLE ('',( #2844 ) ) ;
#6177 = VECTOR ( 'NONE', #5422, 1000.000000000000000 ) ;
#6178 = VECTOR ( 'NONE', #4374, 1000.000000000000000 ) ;
#6179 = PRESENTATION_LAYER_ASSIGNMENT (  '', '', ( #97 ) ) ;
#6180 = PLANE ( 'NONE',  #689 ) ;
#6181 = SURFACE_STYLE_USAGE ( .BOTH. , #2849 ) ;
#6182 = CARTESIAN_POINT ( 'NONE',  ( -0.2298116273558140354, 0.2021116079220241779, -0.9999999999999997780 ) ) ;
#6183 = EDGE_LOOP ( 'NONE', ( #8922, #4283, #3235, #2182 ) ) ;
#6184 = CARTESIAN_POINT ( 'NONE',  ( 0.01126294983264515548, 0.03140084466326965168, -1.000000000000000000 ) ) ;
#6185 = CARTESIAN_POINT ( 'NONE',  ( 3.500000000000000444, 2.999999999999999556, -3.500000000000000000 ) ) ;
#6186 = CIRCLE ( 'NONE', #101, 0.1499999999999999667 ) ;
#6187 = EDGE_CURVE ( 'NONE', #4391, #3621, #1422, .T. ) ;
#6188 = DIRECTION ( 'NONE',  ( 0.0000000000000000000, 0.0000000000000000000, -1.000000000000000000 ) ) ;
#6189 = DIRECTION ( 'NONE',  ( -1.000000000000000000, 0.0000000000000000000, 0.0000000000000000000 ) ) ;
#6190 = MANIFOLD_SOLID_BREP ( '阵列(线性)3[2]', #6833 ) ;
#6191 = CARTESIAN_POINT ( 'NONE',  ( 0.06168146004027592888, 0.05804986260159333139, -0.9999999999999997780 ) ) ;
#6192 = PRESENTATION_LAYER_ASSIGNMENT (  '', '', ( #106 ) ) ;
#6193 = PRESENTATION_LAYER_ASSIGNMENT (  '', '', ( #107 ) ) ;
#6194 = ORIENTED_EDGE ( 'NONE', *, *, #2151, .T. ) ;
#6195 = CARTESIAN_POINT ( 'NONE',  ( -0.2418374979550184656, 0.2212451368651409678, -1.000000000000000000 ) ) ;
#6196 = UNCERTAINTY_MEASURE_WITH_UNIT (LENGTH_MEASURE( 1.000000000000000082E-05 ), #4930, 'distance_accuracy_value', 'NONE');
#6197 = PRESENTATION_STYLE_ASSIGNMENT (( #2865 ) ) ;
#6198 = CIRCLE ( 'NONE', #109, 0.1499999999999999667 ) ;
#6199 = SURFACE_STYLE_USAGE ( .BOTH. , #2867 ) ;
#6200 = PRESENTATION_STYLE_ASSIGNMENT (( #2868 ) ) ;
#6201 = DIRECTION ( 'NONE',  ( 0.0000000000000000000, 0.0000000000000000000, -1.000000000000000000 ) ) ;
#6202 = EDGE_LOOP ( 'NONE', ( #5349, #2644, #6105, #10171 ) ) ;
#6203 = FILL_AREA_STYLE_COLOUR ( '', #10596 ) ;
#6204 = COLOUR_RGB ( '',0.9882352941176471006, 0.7372549019607843590, 0.5176470588235293491 ) ;
#6205 = CARTESIAN_POINT ( 'NONE',  ( 0.1892947274890143805, 0.07875362061927657087, -1.000000000000000000 ) ) ;
#6206 = AXIS2_PLACEMENT_3D ( 'NONE', #8450, #1003, #4313 ) ;
#6207 = CARTESIAN_POINT ( 'NONE',  ( -0.04999999999999969746, -1.500000000000000444, -2.000000000000000000 ) ) ;
#6208 = DIRECTION ( 'NONE',  ( -0.0000000000000000000, -0.0000000000000000000, -1.000000000000000000 ) ) ;
#6209 = PRESENTATION_LAYER_ASSIGNMENT (  '', '', ( #122 ) ) ;
#6210 = CARTESIAN_POINT ( 'NONE',  ( -1.549999999999999600, -1.500000000000000444, -2.000000000000000000 ) ) ;
#6211 = AXIS2_PLACEMENT_3D ( 'NONE', #872, #4192, #7498 ) ;
#6212 = PRESENTATION_LAYER_ASSIGNMENT (  '', '', ( #125 ) ) ;
#6213 = VERTEX_POINT ( 'NONE', #7145 ) ;
#6214 = DIRECTION ( 'NONE',  ( 0.0000000000000000000, -0.0000000000000000000, 1.000000000000000000 ) ) ;
#6215 = FILL_AREA_STYLE ('',( #2880 ) ) ;
#6216 =( LENGTH_UNIT ( ) NAMED_UNIT ( * ) SI_UNIT ( .MILLI., .METRE. ) );
#6217 = UNCERTAINTY_MEASURE_WITH_UNIT (LENGTH_MEASURE( 1.000000000000000082E-05 ), #7836, 'distance_accuracy_value', 'NONE');
#6218 = AXIS2_PLACEMENT_3D ( 'NONE', #9774, #2358, #5685 ) ;
#6219 = MECHANICAL_DESIGN_GEOMETRIC_PRESENTATION_REPRESENTATION (  '', ( #4824 ), #8965 ) ;
#6220 = ADVANCED_FACE ( 'NONE', ( #10406 ), #601, .T. ) ;
#6221 = PRESENTATION_STYLE_ASSIGNMENT (( #2883 ) ) ;
#6222 = CARTESIAN_POINT ( 'NONE',  ( 0.1830725980383426099, 0.1890021161431773011, -0.9899999999999999911 ) ) ;
#6223 = FACE_OUTER_BOUND ( 'NONE', #2101, .T. ) ;
#6224 = ADVANCED_FACE ( 'NONE', ( #8068 ), #613, .T. ) ;
#6225 = FILL_AREA_STYLE_COLOUR ( '', #4765 ) ;
#6226 = CARTESIAN_POINT ( 'NONE',  ( 0.3185800230033769553, 0.03140084466326965168, -1.000000000000000000 ) ) ;
#6227 = PRESENTATION_LAYER_ASSIGNMENT (  '', '', ( #142 ) ) ;
#6228 = CYLINDRICAL_SURFACE ( 'NONE', #2715, 0.1000000000000000056 ) ;
#6229 =( NAMED_UNIT ( * ) SI_UNIT ( $, .STERADIAN. ) SOLID_ANGLE_UNIT ( ) );
#6230 = EDGE_LOOP ( 'NONE', ( #7252, #5472, #9215, #9223 ) ) ;
#6231 = CARTESIAN_POINT ( 'NONE',  ( -1.650000000000000355, -3.000000000000000444, -1.000000000000000000 ) ) ;
#6232 = UNCERTAINTY_MEASURE_WITH_UNIT (LENGTH_MEASURE( 1.000000000000000082E-05 ), #2512, 'distance_accuracy_value', 'NONE');
#6233 = SURFACE_SIDE_STYLE ('',( #2896 ) ) ;
#6234 = EDGE_LOOP ( 'NONE', ( #3103, #8712, #6343, #10249, #5009, #4802, #8483, #5234, #8129, #4647, #7435, #827 ) ) ;
#6235 = ORIENTED_EDGE ( 'NONE', *, *, #5136, .T. ) ;
#6236 = UNCERTAINTY_MEASURE_WITH_UNIT (LENGTH_MEASURE( 1.000000000000000082E-05 ), #9567, 'distance_accuracy_value', 'NONE');
#6237 = CARTESIAN_POINT ( 'NONE',  ( -0.09117607455759875468, 0.2094496251510745422, -0.9899999999999999911 ) ) ;
#6238 = ADVANCED_FACE ( 'NONE', ( #8975 ), #1544, .T. ) ;
#6239 = DIRECTION ( 'NONE',  ( 1.000000000000000000, 0.0000000000000000000, 0.0000000000000000000 ) ) ;
#6240 = CARTESIAN_POINT ( 'NONE',  ( -0.3399565623624768995, 0.03140084466326965168, -0.9899999999999999911 ) ) ;
#6241 = EDGE_CURVE ( 'NONE', #6261, #1838, #3789, .T. ) ;
#6242 = CARTESIAN_POINT ( 'NONE',  ( 0.2500000000000004441, 0.9500000000000000666, -2.000000000000000000 ) ) ;
#6243 = ORIENTED_EDGE ( 'NONE', *, *, #4963, .T. ) ;
#6244 = SURFACE_SIDE_STYLE ('',( #2914 ) ) ;
#6245 =( LENGTH_UNIT ( ) NAMED_UNIT ( * ) SI_UNIT ( .MILLI., .METRE. ) );
#6246 =( LENGTH_UNIT ( ) NAMED_UNIT ( * ) SI_UNIT ( .MILLI., .METRE. ) );
#6247 = FILL_AREA_STYLE_COLOUR ( '', #7055 ) ;
#6248 = CARTESIAN_POINT ( 'NONE',  ( -0.9499999999999995115, -2.200000000000000622, -2.000000000000000000 ) ) ;
#6249 = VERTEX_POINT ( 'NONE', #9074 ) ;
#6250 = CARTESIAN_POINT ( 'NONE',  ( -0.2888044350399307514, 0.1739616130221148249, -0.9900000000000002132 ) ) ;
#6251 = CARTESIAN_POINT ( 'NONE',  ( 1.749999999999999556, -1.500000000000000000, -2.000000000000000000 ) ) ;
#6252 = CARTESIAN_POINT ( 'NONE',  ( -3.550000000000000266, -0.7500000000000002220, -3.000000000000000000 ) ) ;
#6253 = CARTESIAN_POINT ( 'NONE',  ( 0.0000000000000000000, -1.500000000000000000, -2.000000000000000000 ) ) ;
#6254 = SURFACE_SIDE_STYLE ('',( #2921 ) ) ;
#6255 = ORIENTED_EDGE ( 'NONE', *, *, #3824, .T. ) ;
#6256 = CARTESIAN_POINT ( 'NONE',  ( -0.2960541233380866166, 0.1339160885657086908, -0.9899999999999999911 ) ) ;
#6257 = DIRECTION ( 'NONE',  ( 0.0000000000000000000, -1.000000000000000000, 0.0000000000000000000 ) ) ;
#6258 = DIRECTION ( 'NONE',  ( -1.000000000000000000, -1.239088197126291063E-16, 0.0000000000000000000 ) ) ;
#6259 = SURFACE_SIDE_STYLE ('',( #2926 ) ) ;
#6260 = CARTESIAN_POINT ( 'NONE',  ( 1.749999999999999112, -2.250000000000000888, -3.500000000000000000 ) ) ;
#6261 = VERTEX_POINT ( 'NONE', #1654 ) ;
#6262 = LINE ( 'NONE', #9543, #3200 ) ;
#6263 =( NAMED_UNIT ( * ) SI_UNIT ( $, .STERADIAN. ) SOLID_ANGLE_UNIT ( ) );
#6264 = ORIENTED_EDGE ( 'NONE', *, *, #8793, .T. ) ;
#6265 = MECHANICAL_DESIGN_GEOMETRIC_PRESENTATION_REPRESENTATION (  '', ( #4869 ), #3835 ) ;
#6266 = FACE_OUTER_BOUND ( 'NONE', #1160, .T. ) ;
#6267 = CARTESIAN_POINT ( 'NONE',  ( 3.549999999999999378, -0.7500000000000011102, -3.000000000000000000 ) ) ;
#6268 = CARTESIAN_POINT ( 'NONE',  ( 1.450000000000000178, -2.200000000000000622, -2.000000000000000000 ) ) ;
#6269 = LINE ( 'NONE', #9551, #8177 ) ;
#6270 =( NAMED_UNIT ( * ) PLANE_ANGLE_UNIT ( ) SI_UNIT ( $, .RADIAN. ) );
#6271 = VECTOR ( 'NONE', #9574, 1000.000000000000000 ) ;
#6272 = FILL_AREA_STYLE ('',( #2940 ) ) ;
#6273 = ORIENTED_EDGE ( 'NONE', *, *, #2567, .F. ) ;
#6274 = EDGE_LOOP ( 'NONE', ( #7505, #3395, #799, #1931 ) ) ;
#6275 = VERTEX_POINT ( 'NONE', #4974 ) ;
#6276 = EDGE_CURVE ( 'NONE', #8988, #6669, #2382, .T. ) ;
#6277 = CARTESIAN_POINT ( 'NONE',  ( 0.1721829956187173605, 0.1263424571826519960, -0.9999999999999997780 ) ) ;
#6278 = SURFACE_SIDE_STYLE ('',( #2948 ) ) ;
#6279 = SURFACE_SIDE_STYLE ('',( #2950 ) ) ;
#6280 = SURFACE_SIDE_STYLE ('',( #2951 ) ) ;
#6281 =( LENGTH_UNIT ( ) NAMED_UNIT ( * ) SI_UNIT ( .MILLI., .METRE. ) );
#6282 = CARTESIAN_POINT ( 'NONE',  ( 0.5500000000000004885, -2.350000000000000533, -2.000000000000000000 ) ) ;
#6283 = CARTESIAN_POINT ( 'NONE',  ( 0.2500000000000003331, -0.6500000000000001332, -2.000000000000000000 ) ) ;
#6284 = EDGE_CURVE ( 'NONE', #387, #6945, #7465, .T. ) ;
#6285 = EDGE_LOOP ( 'NONE', ( #3111, #4674, #8447, #5128 ) ) ;
#6286 = SURFACE_SIDE_STYLE ('',( #2956 ) ) ;
#6287 = DIRECTION ( 'NONE',  ( -1.239088197126291063E-16, -1.000000000000000000, 0.0000000000000000000 ) ) ;
#6288 =( LENGTH_UNIT ( ) NAMED_UNIT ( * ) SI_UNIT ( .MILLI., .METRE. ) );
#6289 = EDGE_CURVE ( 'NONE', #8816, #9717, #9816, .T. ) ;
#6290 = ORIENTED_EDGE ( 'NONE', *, *, #10594, .F. ) ;
#6291 = CARTESIAN_POINT ( 'NONE',  ( -0.1619077818746719744, 0.2094496251510745422, -0.9899999999999999911 ) ) ;
#6292 =( LENGTH_UNIT ( ) NAMED_UNIT ( * ) SI_UNIT ( .MILLI., .METRE. ) );
#6293 =( LENGTH_UNIT ( ) NAMED_UNIT ( * ) SI_UNIT ( .MILLI., .METRE. ) );
#6294 = CARTESIAN_POINT ( 'NONE',  ( 0.01126294983264515548, 0.2314008446632696836, -0.9899999999999999911 ) ) ;
#6295 =( LENGTH_UNIT ( ) NAMED_UNIT ( * ) SI_UNIT ( .MILLI., .METRE. ) );
#6296 = ORIENTED_EDGE ( 'NONE', *, *, #9890, .F. ) ;
#6297 = CARTESIAN_POINT ( 'NONE',  ( -3.550000000000000266, -0.7500000000000002220, -3.500000000000000000 ) ) ;
#6298 =( NAMED_UNIT ( * ) PLANE_ANGLE_UNIT ( ) SI_UNIT ( $, .RADIAN. ) );
#6299 = CARTESIAN_POINT ( 'NONE',  ( -0.3106882696795499887, 0.03140084466326965168, -0.9899999999999999911 ) ) ;
#6300 = ADVANCED_FACE ( 'NONE', ( #5843 ), #9136, .F. ) ;
#6301 = EDGE_CURVE ( 'NONE', #159, #7035, #1355, .T. ) ;
#6302 = AXIS2_PLACEMENT_3D ( 'NONE', #8288, #833, #4151 ) ;
#6303 = DIRECTION ( 'NONE',  ( 0.0000000000000000000, 1.000000000000000000, 0.0000000000000000000 ) ) ;
#6304 = SURFACE_STYLE_FILL_AREA ( #2973 ) ;
#6305 = CARTESIAN_POINT ( 'NONE',  ( 0.09502751673227119444, 0.2338232001663918536, -0.9999999999999997780 ) ) ;
#6306 = AXIS2_PLACEMENT_3D ( 'NONE', #4929, #8245, #798 ) ;
#6307 = DIRECTION ( 'NONE',  ( 0.0000000000000000000, 0.0000000000000000000, 1.000000000000000000 ) ) ;
#6308 = SURFACE_STYLE_USAGE ( .BOTH. , #2976 ) ;
#6309 = ORIENTED_EDGE ( 'NONE', *, *, #4372, .F. ) ;
#6310 = UNCERTAINTY_MEASURE_WITH_UNIT (LENGTH_MEASURE( 1.000000000000000082E-05 ), #1578, 'distance_accuracy_value', 'NONE');
#6311 = AXIS2_PLACEMENT_3D ( 'NONE', #7, #3325, #6629 ) ;
#6312 = SURFACE_STYLE_USAGE ( .BOTH. , #2979 ) ;
#6313 = COLOUR_RGB ( '',0.9882352941176471006, 0.7372549019607843590, 0.5176470588235293491 ) ;
#6314 = ADVANCED_FACE ( 'NONE', ( #5931 ), #9218, .T. ) ;
#6315 = LINE ( 'NONE', #9602, #2212 ) ;
#6316 = COLOUR_RGB ( '',0.2509803921568627416, 0.2509803921568627416, 0.2509803921568627416 ) ;
#6317 = ORIENTED_EDGE ( 'NONE', *, *, #9046, .F. ) ;
#6318 = PRESENTATION_LAYER_ASSIGNMENT (  '', '', ( #1618 ) ) ;
#6319 = CARTESIAN_POINT ( 'NONE',  ( -0.4911760745575987630, 0.03140084466326965168, -0.9899999999999999911 ) ) ;
#6320 = CARTESIAN_POINT ( 'NONE',  ( -3.499999999999999556, 2.999999999999999556, -3.000000000000000000 ) ) ;
#6321 = DIRECTION ( 'NONE',  ( -1.000000000000000000, 1.239088197126291063E-16, 0.0000000000000000000 ) ) ;
#6322 =( NAMED_UNIT ( * ) SI_UNIT ( $, .STERADIAN. ) SOLID_ANGLE_UNIT ( ) );
#6323 = VERTEX_POINT ( 'NONE', #6859 ) ;
#6324 =( GEOMETRIC_REPRESENTATION_CONTEXT ( 3 ) GLOBAL_UNCERTAINTY_ASSIGNED_CONTEXT ( ( #5437 ) ) GLOBAL_UNIT_ASSIGNED_CONTEXT ( ( #4116, #3294, #2464 ) ) REPRESENTATION_CONTEXT ( 'NONE', 'WORKASPACE' ) );
#6325 =( GEOMETRIC_REPRESENTATION_CONTEXT ( 3 ) GLOBAL_UNCERTAINTY_ASSIGNED_CONTEXT ( ( #9124 ) ) GLOBAL_UNIT_ASSIGNED_CONTEXT ( ( #10587, #9796, #8990 ) ) REPRESENTATION_CONTEXT ( 'NONE', 'WORKASPACE' ) );
#6326 = UNCERTAINTY_MEASURE_WITH_UNIT (LENGTH_MEASURE( 1.000000000000000082E-05 ), #1338, 'distance_accuracy_value', 'NONE');
#6327 = SURFACE_SIDE_STYLE ('',( #2986 ) ) ;
#6328 = EDGE_LOOP ( 'NONE', ( #7604, #6881, #10106, #1615, #841, #7133, #9650, #6893, #10356, #1260, #9457, #69 ) ) ;
#6329 = ORIENTED_EDGE ( 'NONE', *, *, #4572, .T. ) ;
#6330 = CLOSED_SHELL ( 'NONE', ( #9354, #5576, #8301, #6300, #6088, #3444, #6999, #8931, #10611, #3542, #2518, #4773, #8258, #4505, #7616, #7119, #4950, #7679, #1963, #9775, #9705, #864, #7717, #7171, #1563, #1699, #9461, #494, #506, #1420, #3379, #6314, #5151, #8215, #8012, #8911, #9028, #518, #315, #2167, #6691, #1358, #6428, #3483, #9319, #5544, #2476, #347, #5386, #2363, #9366, #9163, #3460, #10363, #9497, #1663, #8199, #6781, #5279, #1498, #3209, #3598, #10073, #570, #292 ) ) ;
#6331 = CARTESIAN_POINT ( 'NONE',  ( 0.1236022069861121980, 0.05374865240460126314, -1.000000000000000000 ) ) ;
#6332 = UNCERTAINTY_MEASURE_WITH_UNIT (LENGTH_MEASURE( 1.000000000000000082E-05 ), #4373, 'distance_accuracy_value', 'NONE');
#6333 = AXIS2_PLACEMENT_3D ( 'NONE', #9119, #1698, #5017 ) ;
#6334 = AXIS2_PLACEMENT_3D ( 'NONE', #4859, #8168, #712 ) ;
#6335 = AXIS2_PLACEMENT_3D ( 'NONE', #7153, #10417, #3011 ) ;
#6336 = EDGE_CURVE ( 'NONE', #1345, #2673, #10131, .T. ) ;
#6337 = MECHANICAL_DESIGN_GEOMETRIC_PRESENTATION_REPRESENTATION (  '', ( #4943 ), #9084 ) ;
#6338 = EDGE_CURVE ( 'NONE', #5599, #4598, #9337, .T. ) ;
#6339 = AXIS2_PLACEMENT_3D ( 'NONE', #10698, #3301, #6609 ) ;
#6340 = PRESENTATION_LAYER_ASSIGNMENT (  '', '', ( #1642 ) ) ;
#6341 = FILL_AREA_STYLE ('',( #2996 ) ) ;
#6342 = FACE_OUTER_BOUND ( 'NONE', #192, .T. ) ;
#6343 = ORIENTED_EDGE ( 'NONE', *, *, #990, .F. ) ;
#6344 = AXIS2_PLACEMENT_3D ( 'NONE', #7438, #10707, #3311 ) ;
#6345 = DIRECTION ( 'NONE',  ( 0.0000000000000000000, -0.0000000000000000000, 1.000000000000000000 ) ) ;
#6346 = STYLED_ITEM ( 'NONE', ( #498 ), #7987 ) ;
#6347 =( GEOMETRIC_REPRESENTATION_CONTEXT ( 3 ) GLOBAL_UNCERTAINTY_ASSIGNED_CONTEXT ( ( #135 ) ) GLOBAL_UNIT_ASSIGNED_CONTEXT ( ( #3794, #2949, #2127 ) ) REPRESENTATION_CONTEXT ( 'NONE', 'WORKASPACE' ) );
#6348 = TOROIDAL_SURFACE ( 'NONE', #1649, 0.7000000000000002887, 0.1499999999999999667 ) ;
#6349 = EDGE_LOOP ( 'NONE', ( #1586, #5732, #5645, #2637 ) ) ;
#6350 = CYLINDRICAL_SURFACE ( 'NONE', #3239, 0.5000000000000000000 ) ;
#6351 = CARTESIAN_POINT ( 'NONE',  ( -1.249999999999999556, 0.8000000000000001554, -2.000000000000000000 ) ) ;
#6352 = VECTOR ( 'NONE', #3175, 1000.000000000000000 ) ;
#6353 = LINE ( 'NONE', #9627, #1636 ) ;
#6354 = TOROIDAL_SURFACE ( 'NONE', #1657, 0.7000000000000002887, 0.1499999999999999667 ) ;
#6355 =( LENGTH_UNIT ( ) NAMED_UNIT ( * ) SI_UNIT ( .MILLI., .METRE. ) );
#6356 = EDGE_CURVE ( 'NONE', #6774, #592, #8539, .T. ) ;
#6357 = CIRCLE ( 'NONE', #1659, 0.8500000000000000888 ) ;
#6358 =( GEOMETRIC_REPRESENTATION_CONTEXT ( 3 ) GLOBAL_UNCERTAINTY_ASSIGNED_CONTEXT ( ( #5231 ) ) GLOBAL_UNIT_ASSIGNED_CONTEXT ( ( #6574, #5748, #4935 ) ) REPRESENTATION_CONTEXT ( 'NONE', 'WORKASPACE' ) );
#6359 = LINE ( 'NONE', #9631, #6512 ) ;
#6360 = VECTOR ( 'NONE', #7121, 1000.000000000000000 ) ;
#6361 = LINE ( 'NONE', #9632, #9941 ) ;
#6362 = FILL_AREA_STYLE_COLOUR ( '', #1252 ) ;
#6363 = FACE_OUTER_BOUND ( 'NONE', #4137, .T. ) ;
#6364 = FILL_AREA_STYLE_COLOUR ( '', #10167 ) ;
#6365 = FILL_AREA_STYLE ('',( #3023 ) ) ;
#6366 = CARTESIAN_POINT ( 'NONE',  ( 3.549999999999998934, -2.250000000000001332, -3.000000000000000000 ) ) ;
#6367 = FILL_AREA_STYLE_COLOUR ( '', #9778 ) ;
#6368 = FACE_OUTER_BOUND ( 'NONE', #7489, .T. ) ;
#6369 = COLOUR_RGB ( '',0.2509803921568627416, 0.2509803921568627416, 0.2509803921568627416 ) ;
#6370 =( GEOMETRIC_REPRESENTATION_CONTEXT ( 3 ) GLOBAL_UNCERTAINTY_ASSIGNED_CONTEXT ( ( #8608 ) ) GLOBAL_UNIT_ASSIGNED_CONTEXT ( ( #9677, #8874, #8077 ) ) REPRESENTATION_CONTEXT ( 'NONE', 'WORKASPACE' ) );
#6371 =( GEOMETRIC_REPRESENTATION_CONTEXT ( 3 ) GLOBAL_UNCERTAINTY_ASSIGNED_CONTEXT ( ( #9332 ) ) GLOBAL_UNIT_ASSIGNED_CONTEXT ( ( #3723, #2901, #2076 ) ) REPRESENTATION_CONTEXT ( 'NONE', 'WORKASPACE' ) );
#6372 = LINE ( 'NONE', #9645, #5003 ) ;
#6373 = CARTESIAN_POINT ( 'NONE',  ( 0.2161409986131329897, 0.03140084466326965168, -1.000000000000000000 ) ) ;
#6374 = EDGE_CURVE ( 'NONE', #1730, #4492, #7726, .T. ) ;
#6375 = CARTESIAN_POINT ( 'NONE',  ( 0.05512506691993533658, 0.2278767797689575381, -0.9900000000000002132 ) ) ;
#6376 = TOROIDAL_SURFACE ( 'NONE', #1674, 0.7000000000000002887, 0.1499999999999999667 ) ;
#6377 = PRESENTATION_STYLE_ASSIGNMENT (( #3038 ) ) ;
#6378 = AXIS2_PLACEMENT_3D ( 'NONE', #4864, #8175, #718 ) ;
#6379 = ORIENTED_EDGE ( 'NONE', *, *, #2175, .T. ) ;
#6380 = EDGE_CURVE ( 'NONE', #3891, #8777, #6916, .T. ) ;
#6381 = SURFACE_STYLE_FILL_AREA ( #3045 ) ;
#6382 = COLOUR_RGB ( '',0.9882352941176471006, 0.7372549019607843590, 0.5176470588235293491 ) ;
#6383 = AXIS2_PLACEMENT_3D ( 'NONE', #9702, #2275, #5605 ) ;
#6384 = CARTESIAN_POINT ( 'NONE',  ( -3.458578643762690419, 2.958578643762690419, -2.351814688301901349E-17 ) ) ;
#6385 = ORIENTED_EDGE ( 'NONE', *, *, #9857, .F. ) ;
#6386 = SURFACE_STYLE_FILL_AREA ( #3051 ) ;
#6387 = DIRECTION ( 'NONE',  ( 0.0000000000000000000, 1.000000000000000000, 0.0000000000000000000 ) ) ;
#6388 = CARTESIAN_POINT ( 'NONE',  ( 0.07406760943270329633, 0.05403584981011987781, -0.9899999999999997691 ) ) ;
#6389 = ORIENTED_EDGE ( 'NONE', *, *, #8673, .F. ) ;
#6390 = MECHANICAL_DESIGN_GEOMETRIC_PRESENTATION_REPRESENTATION (  '', ( #4990 ), #9133 ) ;
#6391 = CIRCLE ( 'NONE', #1692, 0.1499999999999999667 ) ;
#6392 = AXIS2_PLACEMENT_3D ( 'NONE', #5559, #8855, #1419 ) ;
#6393 = ADVANCED_FACE ( 'NONE', ( #6102 ), #9384, .F. ) ;
#6394 = VERTEX_POINT ( 'NONE', #7032 ) ;
#6395 = VERTEX_POINT ( 'NONE', #10300 ) ;
#6396 = SURFACE_STYLE_USAGE ( .BOTH. , #3062 ) ;
#6397 = CARTESIAN_POINT ( 'NONE',  ( -0.3994840013868670714, 0.2070106007608306375, -0.9899999999999999911 ) ) ;
#6398 = VECTOR ( 'NONE', #2774, 1000.000000000000000 ) ;
#6399 = CARTESIAN_POINT ( 'NONE',  ( 0.2500000000000005551, 2.350000000000000533, -2.000000000000000000 ) ) ;
#6400 = STYLED_ITEM ( 'NONE', ( #8026 ), #9319 ) ;
#6401 = AXIS2_PLACEMENT_3D ( 'NONE', #5548, #8845, #1409 ) ;
#6402 = SURFACE_STYLE_FILL_AREA ( #3067 ) ;
#6403 =( NAMED_UNIT ( * ) SI_UNIT ( $, .STERADIAN. ) SOLID_ANGLE_UNIT ( ) );
#6404 = FILL_AREA_STYLE_COLOUR ( '', #2485 ) ;
#6405 =( NAMED_UNIT ( * ) PLANE_ANGLE_UNIT ( ) SI_UNIT ( $, .RADIAN. ) );
#6406 = ORIENTED_EDGE ( 'NONE', *, *, #7856, .F. ) ;
#6407 = PRESENTATION_STYLE_ASSIGNMENT (( #3074 ) ) ;
#6408 = VERTEX_POINT ( 'NONE', #2894 ) ;
#6409 = SURFACE_STYLE_FILL_AREA ( #3079 ) ;
#6410 = FILL_AREA_STYLE_COLOUR ( '', #4419 ) ;
#6411 = FACE_OUTER_BOUND ( 'NONE', #4858, .T. ) ;
#6412 = CARTESIAN_POINT ( 'NONE',  ( -3.399999999999999911, -3.000000000000000444, 0.0000000000000000000 ) ) ;
#6413 = SURFACE_STYLE_USAGE ( .BOTH. , #3086 ) ;
#6414 =( NAMED_UNIT ( * ) PLANE_ANGLE_UNIT ( ) SI_UNIT ( $, .RADIAN. ) );
#6415 =( NAMED_UNIT ( * ) SI_UNIT ( $, .STERADIAN. ) SOLID_ANGLE_UNIT ( ) );
#6416 = VERTEX_POINT ( 'NONE', #6231 ) ;
#6417 = EDGE_CURVE ( 'NONE', #3809, #9794, #9510, .T. ) ;
#6418 =( NAMED_UNIT ( * ) PLANE_ANGLE_UNIT ( ) SI_UNIT ( $, .RADIAN. ) );
#6419 = DIRECTION ( 'NONE',  ( 1.000000000000000000, 0.0000000000000000000, -0.0000000000000000000 ) ) ;
#6420 = SURFACE_STYLE_FILL_AREA ( #3093 ) ;
#6421 = SURFACE_SIDE_STYLE ('',( #3094 ) ) ;
#6422 = DIRECTION ( 'NONE',  ( -0.0000000000000000000, -0.0000000000000000000, -1.000000000000000000 ) ) ;
#6423 = CARTESIAN_POINT ( 'NONE',  ( 3.549999999999999378, 2.249999999999998668, -3.500000000000000000 ) ) ;
#6424 = CARTESIAN_POINT ( 'NONE',  ( -0.09117607455759875468, 0.2314008446632696836, -0.9899999999999999911 ) ) ;
#6425 = CARTESIAN_POINT ( 'NONE',  ( -0.2943678630517445050, 0.1119274897903309585, -0.9899999999999993250 ) ) ;
#6426 = ORIENTED_EDGE ( 'NONE', *, *, #9598, .F. ) ;
#6427 = PRODUCT_DEFINITION_CONTEXT ( 'detailed design', #9188, 'design' ) ;
#6428 = ADVANCED_FACE ( 'NONE', ( #8709 ), #1261, .T. ) ;
#6429 = DIRECTION ( 'NONE',  ( 2.168404344971009115E-16, 1.000000000000000000, -0.0000000000000000000 ) ) ;
#6430 = FILL_AREA_STYLE ('',( #3102 ) ) ;
#6431 = ORIENTED_EDGE ( 'NONE', *, *, #5759, .F. ) ;
#6432 = EDGE_CURVE ( 'NONE', #8179, #5668, #9744, .T. ) ;
#6433 = SURFACE_STYLE_USAGE ( .BOTH. , #3105 ) ;
#6434 = CARTESIAN_POINT ( 'NONE',  ( -1.549999999999999600, 0.9500000000000000666, -2.000000000000000000 ) ) ;
#6435 = PLANE ( 'NONE',  #2650 ) ;
#6436 = ORIENTED_EDGE ( 'NONE', *, *, #6880, .F. ) ;
#6437 = UNCERTAINTY_MEASURE_WITH_UNIT (LENGTH_MEASURE( 1.000000000000000082E-05 ), #9556, 'distance_accuracy_value', 'NONE');
#6438 = VERTEX_POINT ( 'NONE', #8956 ) ;
#6439 = VECTOR ( 'NONE', #41, 1000.000000000000000 ) ;
#6440 = LINE ( 'NONE', #4860, #8546 ) ;
#6441 = ADVANCED_FACE ( 'NONE', ( #1526 ), #4847, .F. ) ;
#6442 = SURFACE_STYLE_USAGE ( .BOTH. , #3116 ) ;
#6443 = FILL_AREA_STYLE ('',( #3117 ) ) ;
#6444 = ORIENTED_EDGE ( 'NONE', *, *, #5306, .F. ) ;
#6445 = CARTESIAN_POINT ( 'NONE',  ( -3.550000000000000266, -0.7500000000000002220, -3.000000000000000000 ) ) ;
#6446 = ORIENTED_EDGE ( 'NONE', *, *, #6147, .F. ) ;
#6447 = LINE ( 'NONE', #9718, #1848 ) ;
#6448 = FILL_AREA_STYLE ('',( #1393 ) ) ;
#6449 = CARTESIAN_POINT ( 'NONE',  ( -3.500000000000000444, -3.000000000000000444, -3.500000000000000000 ) ) ;
#6450 = DIRECTION ( 'NONE',  ( -1.000000000000000000, -1.239088197126291063E-16, 0.0000000000000000000 ) ) ;
#6451 =( NAMED_UNIT ( * ) PLANE_ANGLE_UNIT ( ) SI_UNIT ( $, .RADIAN. ) );
#6452 = DIRECTION ( 'NONE',  ( 1.000000000000000000, 0.0000000000000000000, 0.0000000000000000000 ) ) ;
#6453 = CARTESIAN_POINT ( 'NONE',  ( 3.500000000000000444, -3.000000000000000444, -0.09999999999999999167 ) ) ;
#6454 = LINE ( 'NONE', #9729, #6013 ) ;
#6455 = FILL_AREA_STYLE_COLOUR ( '', #4400 ) ;
#6456 = CARTESIAN_POINT ( 'NONE',  ( 0.1254976514978247415, 0.03046438797490597442, -0.9899999999999999911 ) ) ;
#6457 = EDGE_CURVE ( 'NONE', #8069, #6079, #2439, .T. ) ;
#6458 = VERTEX_POINT ( 'NONE', #1616 ) ;
#6459 = SURFACE_STYLE_FILL_AREA ( #3133 ) ;
#6460 = CARTESIAN_POINT ( 'NONE',  ( -3.500000000000000444, -2.250000000000000444, -3.500000000000000000 ) ) ;
#6461 = PRESENTATION_STYLE_ASSIGNMENT (( #3135 ) ) ;
#6462 = ADVANCED_FACE ( 'NONE', ( #4949 ), #8266, .F. ) ;
#6463 = CARTESIAN_POINT ( 'NONE',  ( -0.2888149714630283138, 0.09202152623412254706, -1.000000000000000000 ) ) ;
#6464 = FILL_AREA_STYLE ('',( #3138 ) ) ;
#6465 = CARTESIAN_POINT ( 'NONE',  ( 0.1477723425472985408, 0.06705195505016224577, -0.9899999999999997691 ) ) ;
#6466 = EDGE_CURVE ( 'NONE', #8988, #7431, #1873, .T. ) ;
#6467 = CARTESIAN_POINT ( 'NONE',  ( -0.2007921016242630308, 0.03160585132413151060, -0.9899999999999997691 ) ) ;
#6468 = VERTEX_POINT ( 'NONE', #5050 ) ;
#6469 = DIRECTION ( 'NONE',  ( -0.0000000000000000000, 0.0000000000000000000, -1.000000000000000000 ) ) ;
#6470 =( LENGTH_UNIT ( ) NAMED_UNIT ( * ) SI_UNIT ( .MILLI., .METRE. ) );
#6471 =( NAMED_UNIT ( * ) SI_UNIT ( $, .STERADIAN. ) SOLID_ANGLE_UNIT ( ) );
#6472 = ORIENTED_EDGE ( 'NONE', *, *, #5410, .T. ) ;
#6473 = CARTESIAN_POINT ( 'NONE',  ( -0.01556631846003775181, 0.1435959666144891733, -1.000000000000000000 ) ) ;
#6474 = CARTESIAN_POINT ( 'NONE',  ( -3.500000000000000444, -3.000000000000000444, -0.5000000000000000000 ) ) ;
#6475 = EDGE_CURVE ( 'NONE', #6275, #9291, #8365, .T. ) ;
#6476 = CIRCLE ( 'NONE', #393, 0.1499999999999999667 ) ;
#6477 = ORIENTED_EDGE ( 'NONE', *, *, #1570, .F. ) ;
#6478 = DIRECTION ( 'NONE',  ( 0.0000000000000000000, -1.000000000000000000, 0.0000000000000000000 ) ) ;
#6479 = ORIENTED_EDGE ( 'NONE', *, *, #3232, .T. ) ;
#6480 = DIRECTION ( 'NONE',  ( 0.0000000000000000000, -0.0000000000000000000, 1.000000000000000000 ) ) ;
#6481 = MECHANICAL_DESIGN_GEOMETRIC_PRESENTATION_REPRESENTATION (  '', ( #7867 ), #7185 ) ;
#6482 = CARTESIAN_POINT ( 'NONE',  ( 1.649999999999998357, -3.000000000000000444, -0.5000000000000000000 ) ) ;
#6483 = ORIENTED_EDGE ( 'NONE', *, *, #7442, .F. ) ;
#6484 = CARTESIAN_POINT ( 'NONE',  ( 1.749999999999999778, 2.249999999999999112, -3.000000000000000000 ) ) ;
#6485 = CARTESIAN_POINT ( 'NONE',  ( 3.549999999999999378, -0.7500000000000011102, -3.500000000000000000 ) ) ;
#6486 = AXIS2_PLACEMENT_3D ( 'NONE', #1156, #4483, #7782 ) ;
#6487 = CLOSED_SHELL ( 'NONE', ( #5023, #362, #3498, #7078 ) ) ;
#6488 =( NAMED_UNIT ( * ) SI_UNIT ( $, .STERADIAN. ) SOLID_ANGLE_UNIT ( ) );
#6489 = VERTEX_POINT ( 'NONE', #7544 ) ;
#6490 = PRESENTATION_STYLE_ASSIGNMENT (( #3165 ) ) ;
#6491 = EDGE_CURVE ( 'NONE', #10355, #941, #105, .T. ) ;
#6492 =( LENGTH_UNIT ( ) NAMED_UNIT ( * ) SI_UNIT ( .MILLI., .METRE. ) );
#6493 =( NAMED_UNIT ( * ) SI_UNIT ( $, .STERADIAN. ) SOLID_ANGLE_UNIT ( ) );
#6494 = STYLED_ITEM ( 'NONE', ( #3678 ), #7798 ) ;
#6495 = AXIS2_PLACEMENT_3D ( 'NONE', #7686, #252, #3577 ) ;
#6496 =( LENGTH_UNIT ( ) NAMED_UNIT ( * ) SI_UNIT ( .MILLI., .METRE. ) );
#6497 = LINE ( 'NONE', #9781, #1976 ) ;
#6498 = MECHANICAL_DESIGN_GEOMETRIC_PRESENTATION_REPRESENTATION (  '', ( #7890 ), #3733 ) ;
#6499 = FILL_AREA_STYLE ('',( #3171 ) ) ;
#6500 = DIRECTION ( 'NONE',  ( 0.0000000000000000000, -1.000000000000000000, 0.0000000000000000000 ) ) ;
#6501 = FACE_OUTER_BOUND ( 'NONE', #4262, .T. ) ;
#6502 = CIRCLE ( 'NONE', #1815, 0.5000000000000000000 ) ;
#6503 = PLANE ( 'NONE',  #6306 ) ;
#6504 = CARTESIAN_POINT ( 'NONE',  ( 0.05581854834929898812, 0.06060248027890945827, -0.9900000000000002132 ) ) ;
#6505 =( GEOMETRIC_REPRESENTATION_CONTEXT ( 3 ) GLOBAL_UNCERTAINTY_ASSIGNED_CONTEXT ( ( #9864 ) ) GLOBAL_UNIT_ASSIGNED_CONTEXT ( ( #1379, #553, #10461 ) ) REPRESENTATION_CONTEXT ( 'NONE', 'WORKASPACE' ) );
#6506 = CARTESIAN_POINT ( 'NONE',  ( 0.1988829932977914106, 0.1169113263388524837, -0.9899999999999999911 ) ) ;
#6507 = EDGE_CURVE ( 'NONE', #1352, #2402, #10004, .T. ) ;
#6508 = VERTEX_POINT ( 'NONE', #9201 ) ;
#6509 = SURFACE_STYLE_FILL_AREA ( #3184 ) ;
#6510 = STYLED_ITEM ( 'NONE', ( #9186 ), #2740 ) ;
#6511 = CARTESIAN_POINT ( 'NONE',  ( -0.09605412333808657777, 0.03140084466326965168, -0.9899999999999999911 ) ) ;
#6512 = VECTOR ( 'NONE', #2215, 1000.000000000000000 ) ;
#6513 = MECHANICAL_DESIGN_GEOMETRIC_PRESENTATION_REPRESENTATION (  '', ( #5120 ), #9271 ) ;
#6514 = CARTESIAN_POINT ( 'NONE',  ( -0.9499999999999995115, 0.9500000000000000666, -2.000000000000000000 ) ) ;
#6515 = CARTESIAN_POINT ( 'NONE',  ( -0.2304079144501935683, 0.06145318739358690552, -0.9899999999999993250 ) ) ;
#6516 = CARTESIAN_POINT ( 'NONE',  ( -0.1894611355332085079, 0.03140084466326965168, -1.000000000000000222 ) ) ;
#6517 =( NAMED_UNIT ( * ) SI_UNIT ( $, .STERADIAN. ) SOLID_ANGLE_UNIT ( ) );
#6518 = CARTESIAN_POINT ( 'NONE',  ( -1.649999999999999467, 2.999999999999998668, -1.000000000000000000 ) ) ;
#6519 = DIRECTION ( 'NONE',  ( 1.000000000000000000, -2.409338161078899674E-16, -0.0000000000000000000 ) ) ;
#6520 = ORIENTED_EDGE ( 'NONE', *, *, #5882, .T. ) ;
#6521 = AXIS2_PLACEMENT_3D ( 'NONE', #10315, #2908, #6239 ) ;
#6522 = PRESENTATION_LAYER_ASSIGNMENT (  '', '', ( #442 ) ) ;
#6523 = STYLED_ITEM ( 'NONE', ( #7050 ), #4453 ) ;
#6524 = CARTESIAN_POINT ( 'NONE',  ( 0.8500000000000004219, -2.050000000000000711, -2.000000000000000000 ) ) ;
#6525 = VECTOR ( 'NONE', #5216, 1000.000000000000000 ) ;
#6526 = CARTESIAN_POINT ( 'NONE',  ( -0.08629802577711097322, 0.1435959666144891733, -1.000000000000000000 ) ) ;
#6527 = CARTESIAN_POINT ( 'NONE',  ( 1.749999999999999112, -2.250000000000000888, -3.000000000000000000 ) ) ;
#6528 = CARTESIAN_POINT ( 'NONE',  ( -0.3997613405873458037, 0.2054731259666319199, -1.000000000000000222 ) ) ;
#6529 =( GEOMETRIC_REPRESENTATION_CONTEXT ( 3 ) GLOBAL_UNCERTAINTY_ASSIGNED_CONTEXT ( ( #5220 ) ) GLOBAL_UNIT_ASSIGNED_CONTEXT ( ( #470, #10370, #9572 ) ) REPRESENTATION_CONTEXT ( 'NONE', 'WORKASPACE' ) );
#6530 = TOROIDAL_SURFACE ( 'NONE', #1844, 0.7000000000000002887, 0.1499999999999999667 ) ;
#6531 = ORIENTED_EDGE ( 'NONE', *, *, #2899, .T. ) ;
#6532 = CIRCLE ( 'NONE', #5138, 0.1499999999999999667 ) ;
#6533 = SURFACE_SIDE_STYLE ('',( #3211 ) ) ;
#6534 = SURFACE_STYLE_FILL_AREA ( #3216 ) ;
#6535 = EDGE_LOOP ( 'NONE', ( #784, #4836, #1482, #10412 ) ) ;
#6536 = COLOUR_RGB ( '',0.2509803921568627416, 0.2509803921568627416, 0.2509803921568627416 ) ;
#6537 = UNCERTAINTY_MEASURE_WITH_UNIT (LENGTH_MEASURE( 1.000000000000000082E-05 ), #7207, 'distance_accuracy_value', 'NONE');
#6538 = SURFACE_STYLE_FILL_AREA ( #3218 ) ;
#6539 = ORIENTED_EDGE ( 'NONE', *, *, #10567, .F. ) ;
#6540 = COLOUR_RGB ( '',0.2509803921568627416, 0.2509803921568627416, 0.2509803921568627416 ) ;
#6541 = TOROIDAL_SURFACE ( 'NONE', #1852, 0.7000000000000002887, 0.1499999999999999667 ) ;
#6542 = DIRECTION ( 'NONE',  ( -1.000000000000000000, 1.239088197126291063E-16, 0.0000000000000000000 ) ) ;
#6543 = DIRECTION ( 'NONE',  ( -1.000000000000000000, 1.239088197126291063E-16, 0.0000000000000000000 ) ) ;
#6544 = EDGE_CURVE ( 'NONE', #129, #6508, #1780, .T. ) ;
#6545 = CARTESIAN_POINT ( 'NONE',  ( 1.749999999999999334, -0.7500000000000008882, -3.000000000000000000 ) ) ;
#6546 = UNCERTAINTY_MEASURE_WITH_UNIT (LENGTH_MEASURE( 1.000000000000000082E-05 ), #151, 'distance_accuracy_value', 'NONE');
#6547 = SURFACE_SIDE_STYLE ('',( #3224 ) ) ;
#6548 = ORIENTED_EDGE ( 'NONE', *, *, #6491, .F. ) ;
#6549 = SURFACE_STYLE_USAGE ( .BOTH. , #3227 ) ;
#6550 =( GEOMETRIC_REPRESENTATION_CONTEXT ( 3 ) GLOBAL_UNCERTAINTY_ASSIGNED_CONTEXT ( ( #552 ) ) GLOBAL_UNIT_ASSIGNED_CONTEXT ( ( #4485, #3659, #2825 ) ) REPRESENTATION_CONTEXT ( 'NONE', 'WORKASPACE' ) );
#6551 = LINE ( 'NONE', #9827, #7742 ) ;
#6552 =( GEOMETRIC_REPRESENTATION_CONTEXT ( 3 ) GLOBAL_UNCERTAINTY_ASSIGNED_CONTEXT ( ( #8710 ) ) GLOBAL_UNIT_ASSIGNED_CONTEXT ( ( #9378, #8599, #7784 ) ) REPRESENTATION_CONTEXT ( 'NONE', 'WORKASPACE' ) );
#6553 = SURFACE_STYLE_USAGE ( .BOTH. , #3234 ) ;
#6554 = ORIENTED_EDGE ( 'NONE', *, *, #3757, .F. ) ;
#6555 = ORIENTED_EDGE ( 'NONE', *, *, #7398, .T. ) ;
#6556 = CARTESIAN_POINT ( 'NONE',  ( -1.249999999999999556, -2.200000000000000622, -2.000000000000000000 ) ) ;
#6557 = CARTESIAN_POINT ( 'NONE',  ( 0.5500000000000002665, 0.6500000000000001332, -2.000000000000000000 ) ) ;
#6558 = STYLED_ITEM ( 'NONE', ( #7509 ), #6300 ) ;
#6559 = EDGE_CURVE ( 'NONE', #2755, #6468, #976, .T. ) ;
#6560 = AXIS2_PLACEMENT_3D ( 'NONE', #6895, #10162, #2756 ) ;
#6561 = COLOUR_RGB ( '',0.2509803921568627416, 0.2509803921568627416, 0.2509803921568627416 ) ;
#6562 = LINE ( 'NONE', #8304, #6134 ) ;
#6563 = FACE_OUTER_BOUND ( 'NONE', #9579, .T. ) ;
#6564 = FACE_OUTER_BOUND ( 'NONE', #9665, .T. ) ;
#6565 =( NAMED_UNIT ( * ) SI_UNIT ( $, .STERADIAN. ) SOLID_ANGLE_UNIT ( ) );
#6566 = EDGE_CURVE ( 'NONE', #8229, #1540, #160, .T. ) ;
#6567 =( NAMED_UNIT ( * ) PLANE_ANGLE_UNIT ( ) SI_UNIT ( $, .RADIAN. ) );
#6568 = DIRECTION ( 'NONE',  ( -1.000000000000000000, -2.168404344971008868E-16, -0.0000000000000000000 ) ) ;
#6569 = AXIS2_PLACEMENT_3D ( 'NONE', #6678, #9954, #2552 ) ;
#6570 = SURFACE_STYLE_FILL_AREA ( #3249 ) ;
#6571 = FACE_OUTER_BOUND ( 'NONE', #4706, .T. ) ;
#6572 =( LENGTH_UNIT ( ) NAMED_UNIT ( * ) SI_UNIT ( .MILLI., .METRE. ) );
#6573 = VERTEX_POINT ( 'NONE', #10050 ) ;
#6574 =( LENGTH_UNIT ( ) NAMED_UNIT ( * ) SI_UNIT ( .MILLI., .METRE. ) );
#6575 = DIRECTION ( 'NONE',  ( 1.000000000000000000, 0.0000000000000000000, 0.0000000000000000000 ) ) ;
#6576 = FILL_AREA_STYLE ('',( #3258 ) ) ;
#6577 = CARTESIAN_POINT ( 'NONE',  ( -0.2612092463731296998, 0.09256339698737421628, -0.9999999999999986677 ) ) ;
#6578 = ADVANCED_FACE ( 'NONE', ( #2645 ), #6997, .T. ) ;
#6579 = CARTESIAN_POINT ( 'NONE',  ( 0.1642389937566542946, 0.1706306660555213239, -1.000000000000000000 ) ) ;
#6580 = CARTESIAN_POINT ( 'NONE',  ( -3.499999999999999556, 2.249999999999999556, -3.000000000000000000 ) ) ;
#6581 = CARTESIAN_POINT ( 'NONE',  ( -0.09117607455759875468, 0.2314008446632696836, -0.9899999999999999911 ) ) ;
#6582 = LINE ( 'NONE', #9853, #7367 ) ;
#6583 = ORIENTED_EDGE ( 'NONE', *, *, #8693, .F. ) ;
#6584 = DIRECTION ( 'NONE',  ( -0.0000000000000000000, 0.0000000000000000000, 1.000000000000000000 ) ) ;
#6585 = FILL_AREA_STYLE ('',( #3272 ) ) ;
#6586 = DIRECTION ( 'NONE',  ( 0.0000000000000000000, 1.000000000000000000, 0.0000000000000000000 ) ) ;
#6587 = EDGE_LOOP ( 'NONE', ( #5402, #2653, #2447, #10452 ) ) ;
#6588 = CARTESIAN_POINT ( 'NONE',  ( -0.4131272940697939267, 0.2314008446632696836, -0.9899999999999999911 ) ) ;
#6589 = VERTEX_POINT ( 'NONE', #5966 ) ;
#6590 = VERTEX_POINT ( 'NONE', #6900 ) ;
#6591 = ORIENTED_EDGE ( 'NONE', *, *, #835, .T. ) ;
#6592 = FACE_OUTER_BOUND ( 'NONE', #7664, .T. ) ;
#6593 = DIRECTION ( 'NONE',  ( 0.0000000000000000000, 0.0000000000000000000, 1.000000000000000000 ) ) ;
#6594 = EDGE_CURVE ( 'NONE', #9794, #6037, #10165, .T. ) ;
#6595 = ORIENTED_EDGE ( 'NONE', *, *, #8872, .T. ) ;
#6596 = ORIENTED_EDGE ( 'NONE', *, *, #8881, .F. ) ;
#6597 =( LENGTH_UNIT ( ) NAMED_UNIT ( * ) SI_UNIT ( .MILLI., .METRE. ) );
#6598 = AXIS2_PLACEMENT_3D ( 'NONE', #6210, #9495, #2056 ) ;
#6599 = FILL_AREA_STYLE_COLOUR ( '', #8449 ) ;
#6600 = CARTESIAN_POINT ( 'NONE',  ( -1.750000000000000888, -2.250000000000000444, -3.000000000000000000 ) ) ;
#6601 =( NAMED_UNIT ( * ) PLANE_ANGLE_UNIT ( ) SI_UNIT ( $, .RADIAN. ) );
#6602 = SURFACE_STYLE_FILL_AREA ( #3295 ) ;
#6603 = DIRECTION ( 'NONE',  ( -1.000000000000000000, -1.239088197126291063E-16, 0.0000000000000000000 ) ) ;
#6604 = FACE_OUTER_BOUND ( 'NONE', #9151, .T. ) ;
#6605 = SURFACE_SIDE_STYLE ('',( #3298 ) ) ;
#6606 = SURFACE_STYLE_FILL_AREA ( #3299 ) ;
#6607 = ADVANCED_FACE ( 'NONE', ( #9364 ), #9220, .T. ) ;
#6608 =( NAMED_UNIT ( * ) PLANE_ANGLE_UNIT ( ) SI_UNIT ( $, .RADIAN. ) );
#6609 = DIRECTION ( 'NONE',  ( -1.239088197126291063E-16, -1.000000000000000000, 0.0000000000000000000 ) ) ;
#6610 = EDGE_LOOP ( 'NONE', ( #3336, #10653, #8515, #2941 ) ) ;
#6611 = CARTESIAN_POINT ( 'NONE',  ( -0.2888149714630283138, 0.09202152623412254706, -1.000000000000000000 ) ) ;
#6612 = DIRECTION ( 'NONE',  ( -1.239088197126291063E-16, 1.000000000000000000, 0.0000000000000000000 ) ) ;
#6613 =( NAMED_UNIT ( * ) SI_UNIT ( $, .STERADIAN. ) SOLID_ANGLE_UNIT ( ) );
#6614 = ORIENTED_EDGE ( 'NONE', *, *, #2642, .F. ) ;
#6615 = DIRECTION ( 'NONE',  ( -1.000000000000000000, -1.239088197126291063E-16, 0.0000000000000000000 ) ) ;
#6616 = CARTESIAN_POINT ( 'NONE',  ( -0.9499999999999996225, 0.8000000000000001554, -2.000000000000000000 ) ) ;
#6617 = CARTESIAN_POINT ( 'NONE',  ( 1.450000000000000178, -1.500000000000000444, -2.000000000000000000 ) ) ;
#6618 = CARTESIAN_POINT ( 'NONE',  ( 0.09501380437856553340, 0.2118567414220507150, -1.000000000000000222 ) ) ;
#6619 = DIRECTION ( 'NONE',  ( -1.000000000000000000, 1.239088197126291063E-16, 0.0000000000000000000 ) ) ;
#6620 = ORIENTED_EDGE ( 'NONE', *, *, #5198, .F. ) ;
#6621 = PRESENTATION_STYLE_ASSIGNMENT (( #3317 ) ) ;
#6622 = ADVANCED_FACE ( 'NONE', ( #1936 ), #5443, .T. ) ;
#6623 = SURFACE_STYLE_FILL_AREA ( #3319 ) ;
#6624 = DIRECTION ( 'NONE',  ( 1.275531967630004999E-16, -1.000000000000000000, 0.0000000000000000000 ) ) ;
#6625 =( NAMED_UNIT ( * ) SI_UNIT ( $, .STERADIAN. ) SOLID_ANGLE_UNIT ( ) );
#6626 = CARTESIAN_POINT ( 'NONE',  ( 0.8500000000000001998, 0.8000000000000001554, -2.000000000000000000 ) ) ;
#6627 = ORIENTED_EDGE ( 'NONE', *, *, #9128, .F. ) ;
#6628 = CARTESIAN_POINT ( 'NONE',  ( 0.09732906781930257545, 0.02905551498254395001, -0.9900000000000002132 ) ) ;
#6629 = DIRECTION ( 'NONE',  ( 0.0000000000000000000, 1.000000000000000000, 0.0000000000000000000 ) ) ;
#6630 = ORIENTED_EDGE ( 'NONE', *, *, #7488, .F. ) ;
#6631 = UNCERTAINTY_MEASURE_WITH_UNIT (LENGTH_MEASURE( 1.000000000000000082E-05 ), #1998, 'distance_accuracy_value', 'NONE');
#6632 = CARTESIAN_POINT ( 'NONE',  ( 3.549999999999999378, -0.7500000000000011102, -3.000000000000000000 ) ) ;
#6633 = EDGE_CURVE ( 'NONE', #2558, #10385, #3775, .T. ) ;
#6634 = SURFACE_SIDE_STYLE ('',( #3328 ) ) ;
#6635 = DIRECTION ( 'NONE',  ( 0.0000000000000000000, -1.000000000000000000, 0.0000000000000000000 ) ) ;
#6636 = MECHANICAL_DESIGN_GEOMETRIC_PRESENTATION_REPRESENTATION (  '', ( #8032 ), #3869 ) ;
#6637 = ORIENTED_EDGE ( 'NONE', *, *, #1980, .F. ) ;
#6638 = LINE ( 'NONE', #9919, #9970 ) ;
#6639 =( NAMED_UNIT ( * ) PLANE_ANGLE_UNIT ( ) SI_UNIT ( $, .RADIAN. ) );
#6640 = CARTESIAN_POINT ( 'NONE',  ( 1.450000000000000178, 0.8000000000000001554, -2.000000000000000000 ) ) ;
#6641 = DIRECTION ( 'NONE',  ( 1.000000000000000000, 0.0000000000000000000, 0.0000000000000000000 ) ) ;
#6642 = ORIENTED_EDGE ( 'NONE', *, *, #2563, .T. ) ;
#6643 = EDGE_LOOP ( 'NONE', ( #2762, #1421, #6857, #1026 ) ) ;
#6644 = CARTESIAN_POINT ( 'NONE',  ( -1.649999999999999467, 2.999999999999998668, -0.5000000000000000000 ) ) ;
#6645 =( GEOMETRIC_REPRESENTATION_CONTEXT ( 3 ) GLOBAL_UNCERTAINTY_ASSIGNED_CONTEXT ( ( #3158 ) ) GLOBAL_UNIT_ASSIGNED_CONTEXT ( ( #10415, #9625, #8833 ) ) REPRESENTATION_CONTEXT ( 'NONE', 'WORKASPACE' ) );
#6646 = SURFACE_SIDE_STYLE ('',( #3338 ) ) ;
#6647 = CARTESIAN_POINT ( 'NONE',  ( -3.550000000000000266, 0.7499999999999995559, -3.500000000000000000 ) ) ;
#6648 = EDGE_CURVE ( 'NONE', #8006, #8229, #5712, .T. ) ;
#6649 = STYLED_ITEM ( 'NONE', ( #8249 ), #6758 ) ;
#6650 = FILL_AREA_STYLE ('',( #3340 ) ) ;
#6651 = CLOSED_SHELL ( 'NONE', ( #5768, #2936, #5891, #4728 ) ) ;
#6652 = AXIS2_PLACEMENT_3D ( 'NONE', #2422, #5742, #9032 ) ;
#6653 = DIRECTION ( 'NONE',  ( 0.0000000000000000000, -1.000000000000000000, 0.0000000000000000000 ) ) ;
#6654 =( NAMED_UNIT ( * ) PLANE_ANGLE_UNIT ( ) SI_UNIT ( $, .RADIAN. ) );
#6655 = PLANE ( 'NONE',  #8854 ) ;
#6656 = PLANE ( 'NONE',  #2311 ) ;
#6657 = MECHANICAL_DESIGN_GEOMETRIC_PRESENTATION_REPRESENTATION (  '', ( #5272 ), #9413 ) ;
#6658 =( LENGTH_UNIT ( ) NAMED_UNIT ( * ) SI_UNIT ( .MILLI., .METRE. ) );
#6659 = STYLED_ITEM ( 'NONE', ( #964 ), #7717 ) ;
#6660 = TOROIDAL_SURFACE ( 'NONE', #1968, 0.7000000000000002887, 0.1499999999999999667 ) ;
#6661 = MECHANICAL_DESIGN_GEOMETRIC_PRESENTATION_REPRESENTATION (  '', ( #5274 ), #9418 ) ;
#6662 = ORIENTED_EDGE ( 'NONE', *, *, #8662, .F. ) ;
#6663 = CARTESIAN_POINT ( 'NONE',  ( -0.2415227892850929370, 0.04217011887229213385, -0.9899999999999997691 ) ) ;
#6664 =( NAMED_UNIT ( * ) PLANE_ANGLE_UNIT ( ) SI_UNIT ( $, .RADIAN. ) );
#6665 = CARTESIAN_POINT ( 'NONE',  ( -0.3986029190387171406, 0.2055864223031864668, -0.9999999999999997780 ) ) ;
#6666 = AXIS2_PLACEMENT_3D ( 'NONE', #10409, #3003, #6345 ) ;
#6667 = LINE ( 'NONE', #9944, #275 ) ;
#6668 = EDGE_CURVE ( 'NONE', #3098, #8019, #6816, .T. ) ;
#6669 = VERTEX_POINT ( 'NONE', #8791 ) ;
#6670 = SURFACE_SIDE_STYLE ('',( #3353 ) ) ;
#6671 = PLANE ( 'NONE',  #2610 ) ;
#6672 = MECHANICAL_DESIGN_GEOMETRIC_PRESENTATION_REPRESENTATION (  '', ( #5280 ), #9424 ) ;
#6673 = AXIS2_PLACEMENT_3D ( 'NONE', #4000, #7309, #10574 ) ;
#6674 = DIRECTION ( 'NONE',  ( -1.000000000000000000, 0.0000000000000000000, 0.0000000000000000000 ) ) ;
#6675 = AXIS2_PLACEMENT_3D ( 'NONE', #6969, #10234, #2830 ) ;
#6676 = CARTESIAN_POINT ( 'NONE',  ( 0.05206341720209935187, 0.2001158060908337644, -0.9899999999999999911 ) ) ;
#6677 = ORIENTED_EDGE ( 'NONE', *, *, #8382, .F. ) ;
#6678 = CARTESIAN_POINT ( 'NONE',  ( -1.750000000000000000, -2.000000000000000000, -2.500000000000000000 ) ) ;
#6679 = STYLED_ITEM ( 'NONE', ( #5300 ), #2892 ) ;
#6680 =( GEOMETRIC_REPRESENTATION_CONTEXT ( 3 ) GLOBAL_UNCERTAINTY_ASSIGNED_CONTEXT ( ( #9210 ) ) GLOBAL_UNIT_ASSIGNED_CONTEXT ( ( #4738, #3922, #3099 ) ) REPRESENTATION_CONTEXT ( 'NONE', 'WORKASPACE' ) );
#6681 = STYLED_ITEM ( 'NONE', ( #2874 ), #4334 ) ;
#6682 = AXIS2_PLACEMENT_3D ( 'NONE', #5925, #9211, #1792 ) ;
#6683 = EDGE_CURVE ( 'NONE', #271, #3621, #2560, .T. ) ;
#6684 = CARTESIAN_POINT ( 'NONE',  ( 0.1920499190446972315, 0.1707947206476423951, -0.9900000000000002132 ) ) ;
#6685 =( LENGTH_UNIT ( ) NAMED_UNIT ( * ) SI_UNIT ( .MILLI., .METRE. ) );
#6686 = ORIENTED_EDGE ( 'NONE', *, *, #3092, .T. ) ;
#6687 = SURFACE_STYLE_USAGE ( .BOTH. , #3373 ) ;
#6688 =( GEOMETRIC_REPRESENTATION_CONTEXT ( 3 ) GLOBAL_UNCERTAINTY_ASSIGNED_CONTEXT ( ( #8040 ) ) GLOBAL_UNIT_ASSIGNED_CONTEXT ( ( #2583, #1769, #956 ) ) REPRESENTATION_CONTEXT ( 'NONE', 'WORKASPACE' ) );
#6689 = CARTESIAN_POINT ( 'NONE',  ( -0.1991918501905480809, 0.05354428506074676575, -0.9899999999999999911 ) ) ;
#6690 = VECTOR ( 'NONE', #4569, 1000.000000000000000 ) ;
#6691 = ADVANCED_FACE ( 'NONE', ( #4687 ), #10426, .T. ) ;
#6692 = DIRECTION ( 'NONE',  ( -1.517445394471977106E-32, -1.224646799147353207E-16, 1.000000000000000000 ) ) ;
#6693 = FILL_AREA_STYLE_COLOUR ( '', #3173 ) ;
#6694 = SURFACE_SIDE_STYLE ('',( #3382 ) ) ;
#6695 = CIRCLE ( 'NONE', #2005, 0.8500000000000000888 ) ;
#6696 = CARTESIAN_POINT ( 'NONE',  ( -0.3499999999999996447, 1.500000000000000444, -2.000000000000000000 ) ) ;
#6697 = ORIENTED_EDGE ( 'NONE', *, *, #7089, .F. ) ;
#6698 = CARTESIAN_POINT ( 'NONE',  ( 0.1520628723530736692, 0.03935412135655053101, -0.9999999999999995559 ) ) ;
#6699 = CARTESIAN_POINT ( 'NONE',  ( -1.750000000000000222, 1.000000000000000000, -2.000000000000000000 ) ) ;
#6700 = VECTOR ( 'NONE', #301, 1000.000000000000114 ) ;
#6701 =( LENGTH_UNIT ( ) NAMED_UNIT ( * ) SI_UNIT ( .MILLI., .METRE. ) );
#6702 = PRESENTATION_LAYER_ASSIGNMENT (  '', '', ( #624 ) ) ;
#6703 = VECTOR ( 'NONE', #4435, 1000.000000000000000 ) ;
#6704 = EDGE_LOOP ( 'NONE', ( #9812, #3058, #4618, #5888 ) ) ;
#6705 = ORIENTED_EDGE ( 'NONE', *, *, #9661, .F. ) ;
#6706 =( GEOMETRIC_REPRESENTATION_CONTEXT ( 3 ) GLOBAL_UNCERTAINTY_ASSIGNED_CONTEXT ( ( #7059 ) ) GLOBAL_UNIT_ASSIGNED_CONTEXT ( ( #3734, #2910, #2084 ) ) REPRESENTATION_CONTEXT ( 'NONE', 'WORKASPACE' ) );
#6707 = CARTESIAN_POINT ( 'NONE',  ( -1.750000000000000222, 2.249999999999999556, -3.000000000000000000 ) ) ;
#6708 = DIRECTION ( 'NONE',  ( 0.0000000000000000000, -0.0000000000000000000, 1.000000000000000000 ) ) ;
#6709 = AXIS2_PLACEMENT_3D ( 'NONE', #8675, #1227, #4551 ) ;
#6710 = CIRCLE ( 'NONE', #2019, 0.1499999999999999667 ) ;
#6711 = CARTESIAN_POINT ( 'NONE',  ( -0.2610031965160497514, 0.1734074089451305423, -0.9900000000000002132 ) ) ;
#6712 = CARTESIAN_POINT ( 'NONE',  ( -1.750000000000000888, -2.250000000000000444, -3.500000000000000000 ) ) ;
#6713 = STYLED_ITEM ( 'NONE', ( #825 ), #8858 ) ;
#6714 = VECTOR ( 'NONE', #7563, 1000.000000000000000 ) ;
#6715 =( NAMED_UNIT ( * ) SI_UNIT ( $, .STERADIAN. ) SOLID_ANGLE_UNIT ( ) );
#6716 = FILL_AREA_STYLE ('',( #3406 ) ) ;
#6717 = SURFACE_STYLE_USAGE ( .BOTH. , #3407 ) ;
#6718 = STYLED_ITEM ( 'NONE', ( #9712 ), #6224 ) ;
#6719 = CARTESIAN_POINT ( 'NONE',  ( 1.749999999999999556, -1.000000000000000000, -2.000000000000000000 ) ) ;
#6720 = AXIS2_PLACEMENT_3D ( 'NONE', #4891, #8196, #742 ) ;
#6721 = VECTOR ( 'NONE', #5719, 1000.000000000000000 ) ;
#6722 = VERTEX_POINT ( 'NONE', #8087 ) ;
#6723 = CARTESIAN_POINT ( 'NONE',  ( -0.1894611355332085079, 0.03140084466326965168, -1.000000000000000000 ) ) ;
#6724 = SURFACE_STYLE_FILL_AREA ( #3414 ) ;
#6725 = CARTESIAN_POINT ( 'NONE',  ( -3.550000000000000711, -2.250000000000000444, -3.000000000000000000 ) ) ;
#6726 =( LENGTH_UNIT ( ) NAMED_UNIT ( * ) SI_UNIT ( .MILLI., .METRE. ) );
#6727 = ORIENTED_EDGE ( 'NONE', *, *, #2697, .T. ) ;
#6728 = FILL_AREA_STYLE ('',( #3422 ) ) ;
#6729 = CARTESIAN_POINT ( 'NONE',  ( 0.05594459294603327387, 0.03864412506876828413, -1.000000000000000222 ) ) ;
#6730 = CARTESIAN_POINT ( 'NONE',  ( 0.08463784330745109663, 0.2111454300135160445, -0.9999999999999997780 ) ) ;
#6731 = CARTESIAN_POINT ( 'NONE',  ( 0.2917507547106939492, 0.05335206417546477231, -0.9899999999999999911 ) ) ;
#6732 = ORIENTED_EDGE ( 'NONE', *, *, #7263, .F. ) ;
#6733 = DIRECTION ( 'NONE',  ( 1.000000000000000000, -0.0000000000000000000, -0.0000000000000000000 ) ) ;
#6734 = EDGE_CURVE ( 'NONE', #6030, #4862, #633, .T. ) ;
#6735 = DIRECTION ( 'NONE',  ( -1.000000000000000000, -1.239088197126291063E-16, 0.0000000000000000000 ) ) ;
#6736 = PRESENTATION_STYLE_ASSIGNMENT (( #3432 ) ) ;
#6737 = CARTESIAN_POINT ( 'NONE',  ( 0.1551212005253814752, 0.2175495291664651665, -1.000000000000000222 ) ) ;
#6738 = LINE ( 'NONE', #10008, #3477 ) ;
#6739 = ORIENTED_EDGE ( 'NONE', *, *, #5225, .T. ) ;
#6740 = CARTESIAN_POINT ( 'NONE',  ( -0.2680742036532294259, 0.1155778795211428178, -0.9900000000000002132 ) ) ;
#6741 = FILL_AREA_STYLE ('',( #3439 ) ) ;
#6742 = ADVANCED_FACE ( 'NONE', ( #10540 ), #5941, .T. ) ;
#6743 = UNCERTAINTY_MEASURE_WITH_UNIT (LENGTH_MEASURE( 1.000000000000000082E-05 ), #5392, 'distance_accuracy_value', 'NONE');
#6744 = SURFACE_SIDE_STYLE ('',( #3442 ) ) ;
#6745 = PRESENTATION_LAYER_ASSIGNMENT (  '', '', ( #1382 ) ) ;
#6746 = EDGE_CURVE ( 'NONE', #4106, #2378, #9913, .T. ) ;
#6747 = CARTESIAN_POINT ( 'NONE',  ( 1.150000000000000133, 1.500000000000000444, -2.000000000000000000 ) ) ;
#6748 = CARTESIAN_POINT ( 'NONE',  ( 0.2500000000000005551, 2.200000000000000622, -2.000000000000000000 ) ) ;
#6749 = ORIENTED_EDGE ( 'NONE', *, *, #4493, .T. ) ;
#6750 = CARTESIAN_POINT ( 'NONE',  ( -0.9499999999999996225, 0.8000000000000001554, -2.000000000000000000 ) ) ;
#6751 = CARTESIAN_POINT ( 'NONE',  ( 1.150000000000000133, -2.200000000000000622, -2.000000000000000000 ) ) ;
#6752 = CARTESIAN_POINT ( 'NONE',  ( -0.4025708916307695340, 0.1929862105169281861, -0.9899999999999999911 ) ) ;
#6753 = ORIENTED_EDGE ( 'NONE', *, *, #9144, .T. ) ;
#6754 = ORIENTED_EDGE ( 'NONE', *, *, #7546, .F. ) ;
#6755 = FILL_AREA_STYLE_COLOUR ( '', #6316 ) ;
#6756 = CARTESIAN_POINT ( 'NONE',  ( -0.2362696632611994974, 0.1988232798518640709, -1.000000000000000000 ) ) ;
#6757 = SURFACE_STYLE_USAGE ( .BOTH. , #3456 ) ;
#6758 = ADVANCED_FACE ( 'NONE', ( #6571 ), #6142, .T. ) ;
#6759 = PRESENTATION_STYLE_ASSIGNMENT (( #3457 ) ) ;
#6760 = CARTESIAN_POINT ( 'NONE',  ( -0.2692248550454036105, 0.1333444422242452687, -1.000000000000000000 ) ) ;
#6761 = CARTESIAN_POINT ( 'NONE',  ( -0.2663390988204573095, 0.2050542671435358622, -1.000000000000000000 ) ) ;
#6762 = SURFACE_STYLE_USAGE ( .BOTH. , #3461 ) ;
#6763 = DIRECTION ( 'NONE',  ( -0.9406672605435402179, 0.3393303772748785252, 0.0000000000000000000 ) ) ;
#6764 =( NAMED_UNIT ( * ) SI_UNIT ( $, .STERADIAN. ) SOLID_ANGLE_UNIT ( ) );
#6765 = SURFACE_STYLE_FILL_AREA ( #3463 ) ;
#6766 = CIRCLE ( 'NONE', #4345, 0.8500000000000000888 ) ;
#6767 = SURFACE_STYLE_FILL_AREA ( #3464 ) ;
#6768 = EDGE_LOOP ( 'NONE', ( #201, #6583, #2574, #870 ) ) ;
#6769 = LINE ( 'NONE', #10042, #7229 ) ;
#6770 = VERTEX_POINT ( 'NONE', #9842 ) ;
#6771 = CARTESIAN_POINT ( 'NONE',  ( -0.1915190623624768440, 0.2314008446632696836, -0.9899999999999999911 ) ) ;
#6772 =( NAMED_UNIT ( * ) SI_UNIT ( $, .STERADIAN. ) SOLID_ANGLE_UNIT ( ) );
#6773 = CARTESIAN_POINT ( 'NONE',  ( 0.1026234291547072630, 0.02899342103510433796, -0.9900000000000002132 ) ) ;
#6774 = VERTEX_POINT ( 'NONE', #34 ) ;
#6775 = DIRECTION ( 'NONE',  ( -0.0000000000000000000, -0.0000000000000000000, -1.000000000000000000 ) ) ;
#6776 =( LENGTH_UNIT ( ) NAMED_UNIT ( * ) SI_UNIT ( .MILLI., .METRE. ) );
#6777 = ORIENTED_EDGE ( 'NONE', *, *, #4354, .F. ) ;
#6778 = DIRECTION ( 'NONE',  ( 1.000000000000000000, -1.204669080539449837E-16, 0.0000000000000000000 ) ) ;
#6779 = CARTESIAN_POINT ( 'NONE',  ( -0.3986029190387171406, 0.2055864223031864668, -0.9999999999999997780 ) ) ;
#6780 = LINE ( 'NONE', #5212, #266 ) ;
#6781 = ADVANCED_FACE ( 'NONE', ( #3345 ), #6656, .T. ) ;
#6782 = CARTESIAN_POINT ( 'NONE',  ( 0.09735288885703542727, 0.2338398690535135604, -0.9899999999999999911 ) ) ;
#6783 = CARTESIAN_POINT ( 'NONE',  ( -0.2533284711684884449, 0.07984476921752325929, -1.000000000000000000 ) ) ;
#6784 = ADVANCED_FACE ( 'NONE', ( #4276 ), #3182, .T. ) ;
#6785 = EDGE_LOOP ( 'NONE', ( #3829, #2757, #2073, #1247 ) ) ;
#6786 = SURFACE_STYLE_FILL_AREA ( #3481 ) ;
#6787 = SURFACE_STYLE_USAGE ( .BOTH. , #3482 ) ;
#6788 =( NAMED_UNIT ( * ) SI_UNIT ( $, .STERADIAN. ) SOLID_ANGLE_UNIT ( ) );
#6789 = SURFACE_STYLE_FILL_AREA ( #3486 ) ;
#6790 =( LENGTH_UNIT ( ) NAMED_UNIT ( * ) SI_UNIT ( .MILLI., .METRE. ) );
#6791 = FACE_OUTER_BOUND ( 'NONE', #7617, .T. ) ;
#6792 = PRESENTATION_STYLE_ASSIGNMENT (( #3489 ) ) ;
#6793 = ADVANCED_FACE ( 'NONE', ( #7586 ), #10079, .T. ) ;
#6794 = EDGE_LOOP ( 'NONE', ( #1404, #9947, #285, #8364 ) ) ;
#6795 = SURFACE_STYLE_FILL_AREA ( #3491 ) ;
#6796 = CARTESIAN_POINT ( 'NONE',  ( 0.09712423032045001958, 0.2118886495413184468, -0.9899999999999999911 ) ) ;
#6797 =( LENGTH_UNIT ( ) NAMED_UNIT ( * ) SI_UNIT ( .MILLI., .METRE. ) );
#6798 = PRESENTATION_STYLE_ASSIGNMENT (( #3495 ) ) ;
#6799 = VERTEX_POINT ( 'NONE', #8510 ) ;
#6800 = EDGE_LOOP ( 'NONE', ( #7240, #9844, #5838, #9569 ) ) ;
#6801 = CARTESIAN_POINT ( 'NONE',  ( -0.3956349160210134719, 0.1929862105169281861, -0.9899999999999999911 ) ) ;
#6802 = PRESENTATION_LAYER_ASSIGNMENT (  '', '', ( #8200 ) ) ;
#6803 = CARTESIAN_POINT ( 'NONE',  ( -0.3499999999999997002, 0.8000000000000001554, -2.000000000000000000 ) ) ;
#6804 = FILL_AREA_STYLE ('',( #3500 ) ) ;
#6805 = EDGE_CURVE ( 'NONE', #6249, #10460, #9400, .T. ) ;
#6806 = DIRECTION ( 'NONE',  ( -1.000000000000000000, 0.0000000000000000000, 0.0000000000000000000 ) ) ;
#6807 = CARTESIAN_POINT ( 'NONE',  ( 0.09712423032045001958, 0.2118886495413184468, -0.9899999999999999911 ) ) ;
#6808 = SURFACE_STYLE_FILL_AREA ( #3504 ) ;
#6809 = PRESENTATION_LAYER_ASSIGNMENT (  '', '', ( #2124 ) ) ;
#6810 = EDGE_CURVE ( 'NONE', #2402, #3039, #8624, .T. ) ;
#6811 = STYLED_ITEM ( 'NONE', ( #10190 ), #832 ) ;
#6812 = FILL_AREA_STYLE_COLOUR ( '', #3545 ) ;
#6813 = ORIENTED_EDGE ( 'NONE', *, *, #4089, .T. ) ;
#6814 = CARTESIAN_POINT ( 'NONE',  ( -1.750000000000000222, -1.000000000000000000, -2.000000000000000000 ) ) ;
#6815 = CARTESIAN_POINT ( 'NONE',  ( -1.750000000000000222, 2.249999999999999556, -3.500000000000000000 ) ) ;
#6816 = CIRCLE ( 'NONE', #2133, 0.5500000000000001554 ) ;
#6817 =( LENGTH_UNIT ( ) NAMED_UNIT ( * ) SI_UNIT ( .MILLI., .METRE. ) );
#6818 = AXIS2_PLACEMENT_3D ( 'NONE', #1870, #5186, #8502 ) ;
#6819 = AXIS2_PLACEMENT_3D ( 'NONE', #10035, #2631, #5944 ) ;
#6820 = ORIENTED_EDGE ( 'NONE', *, *, #3044, .F. ) ;
#6821 = CARTESIAN_POINT ( 'NONE',  ( -0.2888044350399307514, 0.1739616130221148249, -0.9900000000000002132 ) ) ;
#6822 = CARTESIAN_POINT ( 'NONE',  ( 0.1675094459832145999, 0.09699439703448757555, -0.9899999999999999911 ) ) ;
#6823 = PLANE ( 'NONE',  #5123 ) ;
#6824 = COLOUR_RGB ( '',0.9882352941176471006, 0.7372549019607843590, 0.5176470588235293491 ) ;
#6825 = ORIENTED_EDGE ( 'NONE', *, *, #4833, .T. ) ;
#6826 = PRESENTATION_STYLE_ASSIGNMENT (( #3519 ) ) ;
#6827 = COLOUR_RGB ( '',0.9882352941176471006, 0.7372549019607843590, 0.5176470588235293491 ) ;
#6828 = AXIS2_PLACEMENT_3D ( 'NONE', #5441, #8753, #1320 ) ;
#6829 = DIRECTION ( 'NONE',  ( -1.239088197126291063E-16, -1.000000000000000000, 0.0000000000000000000 ) ) ;
#6830 = ADVANCED_FACE ( 'NONE', ( #7800 ), #7696, .T. ) ;
#6831 = VECTOR ( 'NONE', #4503, 1000.000000000000000 ) ;
#6832 = ORIENTED_EDGE ( 'NONE', *, *, #3082, .F. ) ;
#6833 = CLOSED_SHELL ( 'NONE', ( #1648, #6958, #96, #8991 ) ) ;
#6834 = SURFACE_STYLE_USAGE ( .BOTH. , #3525 ) ;
#6835 = STYLED_ITEM ( 'NONE', ( #7109 ), #3839 ) ;
#6836 = AXIS2_PLACEMENT_3D ( 'NONE', #7571, #136, #3449 ) ;
#6837 = CARTESIAN_POINT ( 'NONE',  ( -1.750000000000000666, -0.7500000000000004441, -3.000000000000000000 ) ) ;
#6838 = FILL_AREA_STYLE ('',( #3530 ) ) ;
#6839 = EDGE_LOOP ( 'NONE', ( #10398, #10047, #1568, #890 ) ) ;
#6840 = STYLED_ITEM ( 'NONE', ( #7418 ), #570 ) ;
#6841 = CARTESIAN_POINT ( 'NONE',  ( 0.06025980618681303635, 0.2294404446260246144, -0.9899999999999999911 ) ) ;
#6842 = AXIS2_PLACEMENT_3D ( 'NONE', #2230, #5553, #8850 ) ;
#6843 = CARTESIAN_POINT ( 'NONE',  ( -0.3657949769966231668, 0.1094496251510745366, -1.000000000000000000 ) ) ;
#6844 = AXIS2_PLACEMENT_3D ( 'NONE', #587, #3912, #7235 ) ;
#6845 = MECHANICAL_DESIGN_GEOMETRIC_PRESENTATION_REPRESENTATION (  '', ( #5469 ), #9608 ) ;
#6846 = COLOUR_RGB ( '',0.9882352941176471006, 0.7372549019607843590, 0.5176470588235293491 ) ;
#6847 = STYLED_ITEM ( 'NONE', ( #5724 ), #7231 ) ;
#6848 = UNCERTAINTY_MEASURE_WITH_UNIT (LENGTH_MEASURE( 1.000000000000000082E-05 ), #6726, 'distance_accuracy_value', 'NONE');
#6849 = DIRECTION ( 'NONE',  ( -1.239088197126291063E-16, -1.000000000000000000, 0.0000000000000000000 ) ) ;
#6850 =( NAMED_UNIT ( * ) PLANE_ANGLE_UNIT ( ) SI_UNIT ( $, .RADIAN. ) );
#6851 = STYLED_ITEM ( 'NONE', ( #10648 ), #10544 ) ;
#6852 = PRESENTATION_LAYER_ASSIGNMENT (  '', '', ( #786 ) ) ;
#6853 = COLOUR_RGB ( '',0.9882352941176471006, 0.7372549019607843590, 0.5176470588235293491 ) ;
#6854 = VECTOR ( 'NONE', #7866, 1000.000000000000000 ) ;
#6855 = CARTESIAN_POINT ( 'NONE',  ( 0.1671725893414270081, 0.1632861400088746751, -0.9900000000000002132 ) ) ;
#6856 = PRESENTATION_STYLE_ASSIGNMENT (( #3551 ) ) ;
#6857 = ORIENTED_EDGE ( 'NONE', *, *, #878, .F. ) ;
#6858 = COLOUR_RGB ( '',0.7529411764705882248, 0.7529411764705882248, 0.7529411764705882248 ) ;
#6859 = CARTESIAN_POINT ( 'NONE',  ( 0.5500000000000004885, 2.350000000000000533, -2.000000000000000000 ) ) ;
#6860 = CARTESIAN_POINT ( 'NONE',  ( 1.749999999999999778, -2.000000000000000000, -2.500000000000000000 ) ) ;
#6861 = ORIENTED_EDGE ( 'NONE', *, *, #196, .T. ) ;
#6862 = ORIENTED_EDGE ( 'NONE', *, *, #8491, .T. ) ;
#6863 = DIRECTION ( 'NONE',  ( 0.0000000000000000000, 1.000000000000000000, 0.0000000000000000000 ) ) ;
#6864 = EDGE_CURVE ( 'NONE', #6139, #3651, #351, .T. ) ;
#6865 =( GEOMETRIC_REPRESENTATION_CONTEXT ( 3 ) GLOBAL_UNCERTAINTY_ASSIGNED_CONTEXT ( ( #213 ) ) GLOBAL_UNIT_ASSIGNED_CONTEXT ( ( #8253, #7434, #6613 ) ) REPRESENTATION_CONTEXT ( 'NONE', 'WORKASPACE' ) );
#6866 = COLOUR_RGB ( '',0.7921568627450980005, 0.8196078431372548767, 0.9333333333333333481 ) ;
#6867 = SURFACE_SIDE_STYLE ('',( #3558 ) ) ;
#6868 = MECHANICAL_DESIGN_GEOMETRIC_PRESENTATION_REPRESENTATION (  '', ( #8270 ), #4099 ) ;
#6869 = DIRECTION ( 'NONE',  ( -1.445602896647339163E-16, -1.000000000000000000, 0.0000000000000000000 ) ) ;
#6870 =( NAMED_UNIT ( * ) SI_UNIT ( $, .STERADIAN. ) SOLID_ANGLE_UNIT ( ) );
#6871 = ORIENTED_EDGE ( 'NONE', *, *, #4124, .F. ) ;
#6872 = STYLED_ITEM ( 'NONE', ( #4068 ), #5615 ) ;
#6873 = VECTOR ( 'NONE', #9722, 1000.000000000000000 ) ;
#6874 = VECTOR ( 'NONE', #10239, 1000.000000000000000 ) ;
#6875 = LINE ( 'NONE', #10145, #7555 ) ;
#6876 = CARTESIAN_POINT ( 'NONE',  ( 0.1990678278814256574, 0.1276279788096111312, -1.000000000000000000 ) ) ;
#6877 = CARTESIAN_POINT ( 'NONE',  ( 0.1273354912857676269, 0.2064588104196278251, -1.000000000000000444 ) ) ;
#6878 = PRESENTATION_STYLE_ASSIGNMENT (( #3570 ) ) ;
#6879 = AXIS2_PLACEMENT_3D ( 'NONE', #7359, #10641, #3237 ) ;
#6880 = EDGE_CURVE ( 'NONE', #5202, #3055, #4410, .T. ) ;
#6881 = ORIENTED_EDGE ( 'NONE', *, *, #4900, .T. ) ;
#6882 = FACE_OUTER_BOUND ( 'NONE', #4217, .T. ) ;
#6883 = CARTESIAN_POINT ( 'NONE',  ( 0.05559941797663486840, 0.2021704889007301664, -0.9899999999999999911 ) ) ;
#6884 = AXIS2_PLACEMENT_3D ( 'NONE', #8918, #1491, #4815 ) ;
#6885 = MECHANICAL_DESIGN_GEOMETRIC_PRESENTATION_REPRESENTATION (  '', ( #5507 ), #9639 ) ;
#6886 = VECTOR ( 'NONE', #8172, 1000.000000000000000 ) ;
#6887 = CARTESIAN_POINT ( 'NONE',  ( -1.249999999999999556, -1.500000000000000444, -2.000000000000000000 ) ) ;
#6888 = PLANE ( 'NONE',  #7363 ) ;
#6889 = EDGE_CURVE ( 'NONE', #61, #6722, #5800, .T. ) ;
#6890 = VERTEX_POINT ( 'NONE', #6283 ) ;
#6891 = FILL_AREA_STYLE ('',( #3581 ) ) ;
#6892 = CARTESIAN_POINT ( 'NONE',  ( 0.1423091909593303672, 0.06270726298565859613, -1.000000000000000444 ) ) ;
#6893 = ORIENTED_EDGE ( 'NONE', *, *, #3302, .T. ) ;
#6894 = CIRCLE ( 'NONE', #2210, 0.1499999999999999667 ) ;
#6895 = CARTESIAN_POINT ( 'NONE',  ( 1.750000000000000222, 2.999999999999998668, -3.500000000000000000 ) ) ;
#6896 =( GEOMETRIC_REPRESENTATION_CONTEXT ( 3 ) GLOBAL_UNCERTAINTY_ASSIGNED_CONTEXT ( ( #2815 ) ) GLOBAL_UNIT_ASSIGNED_CONTEXT ( ( #7878, #7077, #6263 ) ) REPRESENTATION_CONTEXT ( 'NONE', 'WORKASPACE' ) );
#6897 = VECTOR ( 'NONE', #2980, 1000.000000000000000 ) ;
#6898 = PRESENTATION_STYLE_ASSIGNMENT (( #3587 ) ) ;
#6899 = ORIENTED_EDGE ( 'NONE', *, *, #7344, .T. ) ;
#6900 = CARTESIAN_POINT ( 'NONE',  ( 0.09735288885703542727, 0.2338398690535135604, -0.9899999999999999911 ) ) ;
#6901 = CARTESIAN_POINT ( 'NONE',  ( 0.5500000000000004885, -2.200000000000000622, -2.000000000000000000 ) ) ;
#6902 = CARTESIAN_POINT ( 'NONE',  ( -0.04999999999999967665, 1.500000000000000444, -2.000000000000000000 ) ) ;
#6903 = MECHANICAL_DESIGN_GEOMETRIC_PRESENTATION_REPRESENTATION (  '', ( #5523 ), #9653 ) ;
#6904 = EDGE_CURVE ( 'NONE', #10380, #210, #7192, .T. ) ;
#6905 =( NAMED_UNIT ( * ) SI_UNIT ( $, .STERADIAN. ) SOLID_ANGLE_UNIT ( ) );
#6906 = ORIENTED_EDGE ( 'NONE', *, *, #8136, .T. ) ;
#6907 = CARTESIAN_POINT ( 'NONE',  ( -0.9499999999999995115, 1.500000000000000444, -2.000000000000000000 ) ) ;
#6908 = DIRECTION ( 'NONE',  ( -1.000000000000000000, 0.0000000000000000000, 0.0000000000000000000 ) ) ;
#6909 = FILL_AREA_STYLE ('',( #3606 ) ) ;
#6910 = FILL_AREA_STYLE ('',( #3607 ) ) ;
#6911 = SURFACE_STYLE_USAGE ( .BOTH. , #3609 ) ;
#6912 = PLANE ( 'NONE',  #1856 ) ;
#6913 = CARTESIAN_POINT ( 'NONE',  ( -0.4025708916307694230, 0.1929862105169281861, -1.000000000000000000 ) ) ;
#6914 = CARTESIAN_POINT ( 'NONE',  ( 0.0000000000000000000, 0.0000000000000000000, -0.5000000000000000000 ) ) ;
#6915 = VERTEX_POINT ( 'NONE', #8774 ) ;
#6916 = LINE ( 'NONE', #10185, #6398 ) ;
#6917 = PRESENTATION_STYLE_ASSIGNMENT (( #3619 ) ) ;
#6918 = EDGE_LOOP ( 'NONE', ( #10462, #2703, #4948, #8384, #9164 ) ) ;
#6919 = ORIENTED_EDGE ( 'NONE', *, *, #5198, .T. ) ;
#6920 =( LENGTH_UNIT ( ) NAMED_UNIT ( * ) SI_UNIT ( .MILLI., .METRE. ) );
#6921 = DIRECTION ( 'NONE',  ( -1.000000000000000000, -1.239088197126291063E-16, 0.0000000000000000000 ) ) ;
#6922 = SURFACE_STYLE_USAGE ( .BOTH. , #3623 ) ;
#6923 = DIRECTION ( 'NONE',  ( -1.084202172485504434E-16, -1.000000000000000000, 0.0000000000000000000 ) ) ;
#6924 = FACE_OUTER_BOUND ( 'NONE', #4856, .T. ) ;
#6925 = ORIENTED_EDGE ( 'NONE', *, *, #3290, .T. ) ;
#6926 = CARTESIAN_POINT ( 'NONE',  ( -0.1350785135819890237, 0.2314008446632696836, -1.000000000000000000 ) ) ;
#6927 = EDGE_CURVE ( 'NONE', #5624, #9291, #1343, .T. ) ;
#6928 = CARTESIAN_POINT ( 'NONE',  ( -0.3499999999999996447, -1.500000000000000444, -2.000000000000000000 ) ) ;
#6929 = CARTESIAN_POINT ( 'NONE',  ( 0.1642389937566542946, 0.1706306660555213239, -0.9899999999999999911 ) ) ;
#6930 = CARTESIAN_POINT ( 'NONE',  ( -0.2663794647228267531, 0.1590567915938213839, -0.9999999999999995559 ) ) ;
#6931 = ORIENTED_EDGE ( 'NONE', *, *, #6559, .T. ) ;
#6932 =( NAMED_UNIT ( * ) PLANE_ANGLE_UNIT ( ) SI_UNIT ( $, .RADIAN. ) );
#6933 = SURFACE_STYLE_FILL_AREA ( #3635 ) ;
#6934 = DIRECTION ( 'NONE',  ( -1.000000000000000000, -1.239088197126291063E-16, 0.0000000000000000000 ) ) ;
#6935 = SURFACE_SIDE_STYLE ('',( #3637 ) ) ;
#6936 = VERTEX_POINT ( 'NONE', #516 ) ;
#6937 =( NAMED_UNIT ( * ) SI_UNIT ( $, .STERADIAN. ) SOLID_ANGLE_UNIT ( ) );
#6938 = UNCERTAINTY_MEASURE_WITH_UNIT (LENGTH_MEASURE( 1.000000000000000082E-05 ), #623, 'distance_accuracy_value', 'NONE');
#6939 = EDGE_CURVE ( 'NONE', #1760, #1389, #3842, .T. ) ;
#6940 = CARTESIAN_POINT ( 'NONE',  ( 0.1016211815399622465, 0.05091303978522087464, -0.9899999999999999911 ) ) ;
#6941 = FILL_AREA_STYLE ('',( #3641 ) ) ;
#6942 = DIRECTION ( 'NONE',  ( -0.0000000000000000000, -0.0000000000000000000, -1.000000000000000000 ) ) ;
#6943 = CARTESIAN_POINT ( 'NONE',  ( 0.08382793516893767560, 0.2333825783002973497, -1.000000000000000000 ) ) ;
#6944 = CARTESIAN_POINT ( 'NONE',  ( 0.2917507547106939492, 0.2314008446632696836, -0.9899999999999999911 ) ) ;
#6945 = VERTEX_POINT ( 'NONE', #3000 ) ;
#6946 = CARTESIAN_POINT ( 'NONE',  ( 0.1348809068538395495, 0.03259089095425485305, -1.000000000000000222 ) ) ;
#6947 = SURFACE_SIDE_STYLE ('',( #3647 ) ) ;
#6948 =( LENGTH_UNIT ( ) NAMED_UNIT ( * ) SI_UNIT ( .MILLI., .METRE. ) );
#6949 = FILL_AREA_STYLE_COLOUR ( '', #6561 ) ;
#6950 = CARTESIAN_POINT ( 'NONE',  ( 0.1879979810009854146, 0.1801817485643921191, -1.000000000000000000 ) ) ;
#6951 = ORIENTED_EDGE ( 'NONE', *, *, #8017, .T. ) ;
#6952 = FILL_AREA_STYLE ('',( #3652 ) ) ;
#6953 = SURFACE_STYLE_USAGE ( .BOTH. , #3653 ) ;
#6954 = PRESENTATION_LAYER_ASSIGNMENT (  '', '', ( #7806 ) ) ;
#6955 = DIRECTION ( 'NONE',  ( 0.0000000000000000000, -0.0000000000000000000, 1.000000000000000000 ) ) ;
#6956 = AXIS2_PLACEMENT_3D ( 'NONE', #1597, #4927, #8240 ) ;
#6957 = CARTESIAN_POINT ( 'NONE',  ( 0.8500000000000004219, 2.050000000000000711, -2.000000000000000000 ) ) ;
#6958 = ADVANCED_FACE ( 'NONE', ( #6342 ), #4769, .T. ) ;
#6959 = UNCERTAINTY_MEASURE_WITH_UNIT (LENGTH_MEASURE( 1.000000000000000082E-05 ), #10174, 'distance_accuracy_value', 'NONE');
#6960 =( NAMED_UNIT ( * ) SI_UNIT ( $, .STERADIAN. ) SOLID_ANGLE_UNIT ( ) );
#6961 = FILL_AREA_STYLE_COLOUR ( '', #1794 ) ;
#6962 = AXIS2_PLACEMENT_3D ( 'NONE', #1085, #4413, #7718 ) ;
#6963 =( NAMED_UNIT ( * ) SI_UNIT ( $, .STERADIAN. ) SOLID_ANGLE_UNIT ( ) );
#6964 = FACE_OUTER_BOUND ( 'NONE', #6918, .T. ) ;
#6965 = ORIENTED_EDGE ( 'NONE', *, *, #2817, .T. ) ;
#6966 =( LENGTH_UNIT ( ) NAMED_UNIT ( * ) SI_UNIT ( .MILLI., .METRE. ) );
#6967 = ADVANCED_FACE ( 'NONE', ( #9619 ), #938, .T. ) ;
#6968 = UNCERTAINTY_MEASURE_WITH_UNIT (LENGTH_MEASURE( 1.000000000000000082E-05 ), #9229, 'distance_accuracy_value', 'NONE');
#6969 = CARTESIAN_POINT ( 'NONE',  ( -0.3657949769966231668, 0.1094496251510745366, -0.9899999999999999911 ) ) ;
#6970 = ORIENTED_EDGE ( 'NONE', *, *, #8306, .F. ) ;
#6971 = ORIENTED_EDGE ( 'NONE', *, *, #3019, .F. ) ;
#6972 = DIRECTION ( 'NONE',  ( -1.239088197126291063E-16, 1.000000000000000000, 0.0000000000000000000 ) ) ;
#6973 = CARTESIAN_POINT ( 'NONE',  ( 0.2917507547106939492, 0.2314008446632696836, -0.9899999999999999911 ) ) ;
#6974 = CARTESIAN_POINT ( 'NONE',  ( 3.549999999999999378, 0.7499999999999986677, -3.000000000000000000 ) ) ;
#6975 = DIRECTION ( 'NONE',  ( -0.0000000000000000000, -0.0000000000000000000, -1.000000000000000000 ) ) ;
#6976 =( NAMED_UNIT ( * ) PLANE_ANGLE_UNIT ( ) SI_UNIT ( $, .RADIAN. ) );
#6977 = VECTOR ( 'NONE', #7982, 1000.000000000000000 ) ;
#6978 = FILL_AREA_STYLE_COLOUR ( '', #6204 ) ;
#6979 = CARTESIAN_POINT ( 'NONE',  ( 0.1722385595887427345, 0.1292666983218062615, -1.000000000000000222 ) ) ;
#6980 = FILL_AREA_STYLE ('',( #3673 ) ) ;
#6981 = CARTESIAN_POINT ( 'NONE',  ( -0.2362696632611994974, 0.1988232798518640709, -0.9899999999999999911 ) ) ;
#6982 = ORIENTED_EDGE ( 'NONE', *, *, #5583, .F. ) ;
#6983 = DIRECTION ( 'NONE',  ( 1.204669080539449837E-16, 1.000000000000000000, -0.0000000000000000000 ) ) ;
#6984 = DIRECTION ( 'NONE',  ( -1.445602896647339163E-16, -1.000000000000000000, 0.0000000000000000000 ) ) ;
#6985 = CARTESIAN_POINT ( 'NONE',  ( 0.08061975960342668279, 0.05261450686573036772, -1.000000000000000222 ) ) ;
#6986 = ORIENTED_EDGE ( 'NONE', *, *, #8545, .T. ) ;
#6987 = CARTESIAN_POINT ( 'NONE',  ( -0.2326630711452837563, 0.2249341417741730353, -0.9899999999999999911 ) ) ;
#6988 = SURFACE_STYLE_FILL_AREA ( #3684 ) ;
#6989 =( NAMED_UNIT ( * ) SI_UNIT ( $, .STERADIAN. ) SOLID_ANGLE_UNIT ( ) );
#6990 = FILL_AREA_STYLE ('',( #3685 ) ) ;
#6991 = SURFACE_STYLE_FILL_AREA ( #3686 ) ;
#6992 = CARTESIAN_POINT ( 'NONE',  ( 3.458578643762690863, -2.958578643762690863, -3.069196174125619897E-17 ) ) ;
#6993 = ORIENTED_EDGE ( 'NONE', *, *, #1023, .F. ) ;
#6994 = DIRECTION ( 'NONE',  ( -1.000000000000000000, -1.239088197126291063E-16, 0.0000000000000000000 ) ) ;
#6995 = VECTOR ( 'NONE', #3780, 1000.000000000000000 ) ;
#6996 = CARTESIAN_POINT ( 'NONE',  ( 0.1848830177735998059, 0.07058067309380795795, -0.9899999999999999911 ) ) ;
#6997 = TOROIDAL_SURFACE ( 'NONE', #2297, 0.7000000000000002887, 0.1499999999999999667 ) ;
#6998 = SURFACE_SIDE_STYLE ('',( #3692 ) ) ;
#6999 = ADVANCED_FACE ( 'NONE', ( #10528 ), #721, .T. ) ;
#7000 = CIRCLE ( 'NONE', #921, 0.1499999999999999667 ) ;
#7001 = CIRCLE ( 'NONE', #922, 0.1499999999999999667 ) ;
#7002 = CARTESIAN_POINT ( 'NONE',  ( -0.6499999999999994671, 2.050000000000000711, -2.000000000000000000 ) ) ;
#7003 = CIRCLE ( 'NONE', #2307, 0.1499999999999999667 ) ;
#7004 = CARTESIAN_POINT ( 'NONE',  ( 3.549999999999999378, -0.7500000000000011102, -3.000000000000000000 ) ) ;
#7005 = VERTEX_POINT ( 'NONE', #9076 ) ;
#7006 = STYLED_ITEM ( 'NONE', ( #1084 ), #3598 ) ;
#7007 =( NAMED_UNIT ( * ) SI_UNIT ( $, .STERADIAN. ) SOLID_ANGLE_UNIT ( ) );
#7008 =( GEOMETRIC_REPRESENTATION_CONTEXT ( 3 ) GLOBAL_UNCERTAINTY_ASSIGNED_CONTEXT ( ( #1534 ) ) GLOBAL_UNIT_ASSIGNED_CONTEXT ( ( #4216, #3409, #2586 ) ) REPRESENTATION_CONTEXT ( 'NONE', 'WORKASPACE' ) );
#7009 = FACE_OUTER_BOUND ( 'NONE', #3682, .T. ) ;
#7010 = MECHANICAL_DESIGN_GEOMETRIC_PRESENTATION_REPRESENTATION (  '', ( #2834 ), #4936 ) ;
#7011 = PRESENTATION_STYLE_ASSIGNMENT (( #3699 ) ) ;
#7012 = VECTOR ( 'NONE', #9604, 1000.000000000000000 ) ;
#7013 = EDGE_CURVE ( 'NONE', #6945, #10278, #1655, .T. ) ;
#7014 =( GEOMETRIC_REPRESENTATION_CONTEXT ( 3 ) GLOBAL_UNCERTAINTY_ASSIGNED_CONTEXT ( ( #7501 ) ) GLOBAL_UNIT_ASSIGNED_CONTEXT ( ( #3575, #2747, #1927 ) ) REPRESENTATION_CONTEXT ( 'NONE', 'WORKASPACE' ) );
#7015 = PRESENTATION_LAYER_ASSIGNMENT (  '', '', ( #937 ) ) ;
#7016 = AXIS2_PLACEMENT_3D ( 'NONE', #1545, #4866, #8178 ) ;
#7017 = SURFACE_STYLE_FILL_AREA ( #3702 ) ;
#7018 =( GEOMETRIC_REPRESENTATION_CONTEXT ( 3 ) GLOBAL_UNCERTAINTY_ASSIGNED_CONTEXT ( ( #7099 ) ) GLOBAL_UNIT_ASSIGNED_CONTEXT ( ( #5687, #4868, #4046 ) ) REPRESENTATION_CONTEXT ( 'NONE', 'WORKASPACE' ) );
#7019 = CARTESIAN_POINT ( 'NONE',  ( 0.1952318559125586772, 0.1608285421117535974, -0.9899999999999995470 ) ) ;
#7020 = AXIS2_PLACEMENT_3D ( 'NONE', #4230, #7542, #103 ) ;
#7021 = CARTESIAN_POINT ( 'NONE',  ( 3.549999999999999378, 0.7499999999999986677, -3.000000000000000000 ) ) ;
#7022 = EDGE_CURVE ( 'NONE', #10303, #6799, #839, .T. ) ;
#7023 = CARTESIAN_POINT ( 'NONE',  ( -0.3994840013868670714, 0.2070106007608306375, -0.9999999999999997780 ) ) ;
#7024 = LINE ( 'NONE', #10296, #3252 ) ;
#7025 = PRESENTATION_LAYER_ASSIGNMENT (  '', '', ( #946 ) ) ;
#7026 = DIRECTION ( 'NONE',  ( 0.0000000000000000000, -1.000000000000000000, 0.0000000000000000000 ) ) ;
#7027 = VECTOR ( 'NONE', #9279, 1000.000000000000000 ) ;
#7028 = CIRCLE ( 'NONE', #2332, 0.1499999999999999667 ) ;
#7029 = COLOUR_RGB ( '',0.9882352941176471006, 0.7372549019607843590, 0.5176470588235293491 ) ;
#7030 =( NAMED_UNIT ( * ) PLANE_ANGLE_UNIT ( ) SI_UNIT ( $, .RADIAN. ) );
#7031 = ORIENTED_EDGE ( 'NONE', *, *, #1885, .T. ) ;
#7032 = CARTESIAN_POINT ( 'NONE',  ( -3.500000000000000444, -2.250000000000000444, -3.000000000000000000 ) ) ;
#7033 = EDGE_CURVE ( 'NONE', #823, #4033, #4607, .T. ) ;
#7034 = FILL_AREA_STYLE_COLOUR ( '', #9426 ) ;
#7035 = VERTEX_POINT ( 'NONE', #9923 ) ;
#7036 = ORIENTED_EDGE ( 'NONE', *, *, #9942, .T. ) ;
#7037 = TOROIDAL_SURFACE ( 'NONE', #954, 0.7000000000000002887, 0.1499999999999999667 ) ;
#7038 = PRESENTATION_LAYER_ASSIGNMENT (  '', '', ( #957 ) ) ;
#7039 =( GEOMETRIC_REPRESENTATION_CONTEXT ( 3 ) GLOBAL_UNCERTAINTY_ASSIGNED_CONTEXT ( ( #1434 ) ) GLOBAL_UNIT_ASSIGNED_CONTEXT ( ( #7120, #6298, #5491 ) ) REPRESENTATION_CONTEXT ( 'NONE', 'WORKASPACE' ) );
#7040 = AXIS2_PLACEMENT_3D ( 'NONE', #980, #4294, #7601 ) ;
#7041 = CARTESIAN_POINT ( 'NONE',  ( -0.01556631846003775181, 0.1216447471022940596, -1.000000000000000000 ) ) ;
#7042 = CARTESIAN_POINT ( 'NONE',  ( 3.499999999999999556, -3.000000000000000444, -0.5000000000000000000 ) ) ;
#7043 = DIRECTION ( 'NONE',  ( 0.0000000000000000000, 0.0000000000000000000, 1.000000000000000000 ) ) ;
#7044 = STYLED_ITEM ( 'NONE', ( #3670 ), #5763 ) ;
#7045 = MECHANICAL_DESIGN_GEOMETRIC_PRESENTATION_REPRESENTATION (  '', ( #5660 ), #9784 ) ;
#7046 =( NAMED_UNIT ( * ) SI_UNIT ( $, .STERADIAN. ) SOLID_ANGLE_UNIT ( ) );
#7047 = CARTESIAN_POINT ( 'NONE',  ( -0.1942525883354721261, 0.2093910263172557018, -0.9999999999999995559 ) ) ;
#7048 = ORIENTED_EDGE ( 'NONE', *, *, #10168, .T. ) ;
#7049 = FILL_AREA_STYLE_COLOUR ( '', #628 ) ;
#7050 = PRESENTATION_STYLE_ASSIGNMENT (( #3741 ) ) ;
#7051 = COLOUR_RGB ( '',1.000000000000000000, 1.000000000000000000, 1.000000000000000000 ) ;
#7052 = PRESENTATION_STYLE_ASSIGNMENT (( #3742 ) ) ;
#7053 = DIRECTION ( 'NONE',  ( 1.000000000000000000, 0.0000000000000000000, 0.0000000000000000000 ) ) ;
#7054 = LINE ( 'NONE', #10325, #4071 ) ;
#7055 = COLOUR_RGB ( '',0.2509803921568627416, 0.2509803921568627416, 0.2509803921568627416 ) ;
#7056 = STYLED_ITEM ( 'NONE', ( #10030 ), #4649 ) ;
#7057 = ORIENTED_EDGE ( 'NONE', *, *, #5048, .T. ) ;
#7058 = CARTESIAN_POINT ( 'NONE',  ( -0.2794031781139801329, 0.1906757015133652977, -1.000000000000000222 ) ) ;
#7059 = UNCERTAINTY_MEASURE_WITH_UNIT (LENGTH_MEASURE( 1.000000000000000082E-05 ), #3734, 'distance_accuracy_value', 'NONE');
#7060 = DIRECTION ( 'NONE',  ( 0.0000000000000000000, 1.000000000000000000, 0.0000000000000000000 ) ) ;
#7061 =( NAMED_UNIT ( * ) SI_UNIT ( $, .STERADIAN. ) SOLID_ANGLE_UNIT ( ) );
#7062 = FILL_AREA_STYLE_COLOUR ( '', #6065 ) ;
#7063 = EDGE_LOOP ( 'NONE', ( #3445, #6754, #3346, #1985 ) ) ;
#7064 = AXIS2_PLACEMENT_3D ( 'NONE', #5408, #8716, #1269 ) ;
#7065 = CARTESIAN_POINT ( 'NONE',  ( 0.1990053181830648832, 0.1240036856702400464, -1.000000000000000000 ) ) ;
#7066 = STYLED_ITEM ( 'NONE', ( #2128 ), #4895 ) ;
#7067 = DIRECTION ( 'NONE',  ( 0.0000000000000000000, 1.000000000000000000, 0.0000000000000000000 ) ) ;
#7068 = B_SPLINE_CURVE_WITH_KNOTS ( 'NONE', 3,
 ( #9481, #2043, #5367, #8678, #1231, #4554, #7854 ),
 .UNSPECIFIED., .F., .F.,
 ( 4, 1, 1, 1, 4 ),
 ( 0.0000000000000000000, 0.1744817153170503676, 0.3982857591281118714, 0.6738978473986658724, 0.9999999999999998890 ),
 .UNSPECIFIED. ) ;
#7069 = FILL_AREA_STYLE_COLOUR ( '', #1999 ) ;
#7070 = COLOUR_RGB ( '',0.2509803921568627416, 0.2509803921568627416, 0.2509803921568627416 ) ;
#7071 = CARTESIAN_POINT ( 'NONE',  ( 0.1053178278814256713, 0.02896182027302574707, -0.9899999999999999911 ) ) ;
#7072 = SURFACE_SIDE_STYLE ('',( #3764 ) ) ;
#7073 = COLOUR_RGB ( '',0.7529411764705882248, 0.7529411764705882248, 0.7529411764705882248 ) ;
#7074 = ORIENTED_EDGE ( 'NONE', *, *, #4358, .F. ) ;
#7075 = LINE ( 'NONE', #10341, #7893 ) ;
#7076 = SURFACE_STYLE_USAGE ( .BOTH. , #3767 ) ;
#7077 =( NAMED_UNIT ( * ) PLANE_ANGLE_UNIT ( ) SI_UNIT ( $, .RADIAN. ) );
#7078 = ADVANCED_FACE ( 'NONE', ( #2521 ), #765, .T. ) ;
#7079 = ORIENTED_EDGE ( 'NONE', *, *, #4101, .T. ) ;
#7080 = UNCERTAINTY_MEASURE_WITH_UNIT (LENGTH_MEASURE( 1.000000000000000082E-05 ), #4406, 'distance_accuracy_value', 'NONE');
#7081 = AXIS2_PLACEMENT_3D ( 'NONE', #10687, #3287, #6593 ) ;
#7082 = DIRECTION ( 'NONE',  ( -1.517445394471977106E-32, 1.224646799147353207E-16, -1.000000000000000000 ) ) ;
#7083 = STYLED_ITEM ( 'NONE', ( #6826 ), #9225 ) ;
#7084 = PRESENTATION_LAYER_ASSIGNMENT (  '', '', ( #1005 ) ) ;
#7085 = CARTESIAN_POINT ( 'NONE',  ( -0.1619077818746719744, 0.05335206417546477231, -1.000000000000000000 ) ) ;
#7086 = CARTESIAN_POINT ( 'NONE',  ( 0.1009651242509781860, 0.2337558240508229579, -0.9899999999999999911 ) ) ;
#7087 =( LENGTH_UNIT ( ) NAMED_UNIT ( * ) SI_UNIT ( .MILLI., .METRE. ) );
#7088 = STYLED_ITEM ( 'NONE', ( #6621 ), #6462 ) ;
#7089 = EDGE_CURVE ( 'NONE', #3720, #8696, #5847, .T. ) ;
#7090 = FACE_OUTER_BOUND ( 'NONE', #2413, .T. ) ;
#7091 = ORIENTED_EDGE ( 'NONE', *, *, #5555, .F. ) ;
#7092 = SURFACE_STYLE_USAGE ( .BOTH. , #3783 ) ;
#7093 = UNCERTAINTY_MEASURE_WITH_UNIT (LENGTH_MEASURE( 1.000000000000000082E-05 ), #8272, 'distance_accuracy_value', 'NONE');
#7094 = VERTEX_POINT ( 'NONE', #2622 ) ;
#7095 = ORIENTED_EDGE ( 'NONE', *, *, #10132, .T. ) ;
#7096 = EDGE_CURVE ( 'NONE', #5029, #4492, #8235, .T. ) ;
#7097 = DIRECTION ( 'NONE',  ( 0.0000000000000000000, 0.0000000000000000000, 1.000000000000000000 ) ) ;
#7098 = FILL_AREA_STYLE_COLOUR ( '', #5076 ) ;
#7099 = UNCERTAINTY_MEASURE_WITH_UNIT (LENGTH_MEASURE( 1.000000000000000082E-05 ), #5687, 'distance_accuracy_value', 'NONE');
#7100 = FILL_AREA_STYLE_COLOUR ( '', #986 ) ;
#7101 = FILL_AREA_STYLE_COLOUR ( '', #3774 ) ;
#7102 = DIRECTION ( 'NONE',  ( -1.000000000000000000, 1.239088197126291063E-16, 0.0000000000000000000 ) ) ;
#7103 = CARTESIAN_POINT ( 'NONE',  ( -1.549999999999999600, -1.500000000000000444, -2.000000000000000000 ) ) ;
#7104 = SURFACE_STYLE_USAGE ( .BOTH. , #3799 ) ;
#7105 = ADVANCED_FACE ( 'NONE', ( #5126 ), #8454, .F. ) ;
#7106 = EDGE_CURVE ( 'NONE', #4189, #5062, #10446, .T. ) ;
#7107 = ORIENTED_EDGE ( 'NONE', *, *, #3341, .T. ) ;
#7108 = FILL_AREA_STYLE_COLOUR ( '', #6005 ) ;
#7109 = PRESENTATION_STYLE_ASSIGNMENT (( #3802 ) ) ;
#7110 = PRESENTATION_LAYER_ASSIGNMENT (  '', '', ( #3630 ) ) ;
#7111 = ORIENTED_EDGE ( 'NONE', *, *, #4818, .F. ) ;
#7112 = CARTESIAN_POINT ( 'NONE',  ( -0.2960541233380866166, 0.1339160885657086908, -0.9899999999999999911 ) ) ;
#7113 = PRESENTATION_STYLE_ASSIGNMENT (( #3805 ) ) ;
#7114 = PRESENTATION_STYLE_ASSIGNMENT (( #3806 ) ) ;
#7115 = DIRECTION ( 'NONE',  ( -1.000000000000000000, 1.239088197126291063E-16, 0.0000000000000000000 ) ) ;
#7116 = PRESENTATION_STYLE_ASSIGNMENT (( #3808 ) ) ;
#7117 = ORIENTED_EDGE ( 'NONE', *, *, #8521, .F. ) ;
#7118 = CARTESIAN_POINT ( 'NONE',  ( 3.549999999999998934, -2.250000000000001332, -3.500000000000000000 ) ) ;
#7119 = ADVANCED_FACE ( 'NONE', ( #5232 ), #8540, .T. ) ;
#7120 =( LENGTH_UNIT ( ) NAMED_UNIT ( * ) SI_UNIT ( .MILLI., .METRE. ) );
#7121 = DIRECTION ( 'NONE',  ( 0.0000000000000000000, 0.0000000000000000000, -1.000000000000000000 ) ) ;
#7122 = ORIENTED_EDGE ( 'NONE', *, *, #19, .F. ) ;
#7123 = CARTESIAN_POINT ( 'NONE',  ( -3.550000000000000711, -2.250000000000000444, -3.000000000000000000 ) ) ;
#7124 = DIRECTION ( 'NONE',  ( 9.856383386231855129E-17, -1.000000000000000000, 0.0000000000000000000 ) ) ;
#7125 = FILL_AREA_STYLE ('',( #3817 ) ) ;
#7126 = VERTEX_POINT ( 'NONE', #6163 ) ;
#7127 = VECTOR ( 'NONE', #9003, 1000.000000000000000 ) ;
#7128 = EDGE_CURVE ( 'NONE', #3331, #1000, #1977, .T. ) ;
#7129 = EDGE_CURVE ( 'NONE', #6408, #3933, #8659, .T. ) ;
#7130 = FILL_AREA_STYLE ('',( #3821 ) ) ;
#7131 = SURFACE_STYLE_USAGE ( .BOTH. , #3822 ) ;
#7132 = DIRECTION ( 'NONE',  ( -1.239088197126291063E-16, -1.000000000000000000, 0.0000000000000000000 ) ) ;
#7133 = ORIENTED_EDGE ( 'NONE', *, *, #8306, .T. ) ;
#7134 =( GEOMETRIC_REPRESENTATION_CONTEXT ( 3 ) GLOBAL_UNCERTAINTY_ASSIGNED_CONTEXT ( ( #1964 ) ) GLOBAL_UNIT_ASSIGNED_CONTEXT ( ( #6355, #5536, #4723 ) ) REPRESENTATION_CONTEXT ( 'NONE', 'WORKASPACE' ) );
#7135 = CARTESIAN_POINT ( 'NONE',  ( 0.05028734007654758753, 0.2259130397852208705, -0.9899999999999999911 ) ) ;
#7136 = DIRECTION ( 'NONE',  ( 0.0000000000000000000, 0.0000000000000000000, -1.000000000000000000 ) ) ;
#7137 = CARTESIAN_POINT ( 'NONE',  ( -0.3994840013868670714, 0.2070106007608306375, -1.000000000000000000 ) ) ;
#7138 =( NAMED_UNIT ( * ) PLANE_ANGLE_UNIT ( ) SI_UNIT ( $, .RADIAN. ) );
#7139 = ORIENTED_EDGE ( 'NONE', *, *, #4282, .F. ) ;
#7140 = FILL_AREA_STYLE_COLOUR ( '', #7029 ) ;
#7141 = ORIENTED_EDGE ( 'NONE', *, *, #8279, .T. ) ;
#7142 = VERTEX_POINT ( 'NONE', #7840 ) ;
#7143 = CARTESIAN_POINT ( 'NONE',  ( 0.1423091909593303672, 0.06270726298565859613, -1.000000000000000444 ) ) ;
#7144 = ADVANCED_FACE ( 'NONE', ( #390 ), #4248, .T. ) ;
#7145 = CARTESIAN_POINT ( 'NONE',  ( -0.6499999999999995781, -0.9500000000000000666, -2.000000000000000000 ) ) ;
#7146 = CARTESIAN_POINT ( 'NONE',  ( 0.1722385595887427345, 0.1292666983218062615, -0.9899999999999999911 ) ) ;
#7147 = ORIENTED_EDGE ( 'NONE', *, *, #7659, .T. ) ;
#7148 = ORIENTED_EDGE ( 'NONE', *, *, #10449, .T. ) ;
#7149 = CARTESIAN_POINT ( 'NONE',  ( -3.550000000000000266, 2.249999999999999556, -3.000000000000000000 ) ) ;
#7150 = EDGE_CURVE ( 'NONE', #7184, #4106, #5642, .T. ) ;
#7151 = AXIS2_PLACEMENT_3D ( 'NONE', #8445, #998, #4309 ) ;
#7152 = DIRECTION ( 'NONE',  ( -1.000000000000000000, 0.0000000000000000000, 0.0000000000000000000 ) ) ;
#7153 = CARTESIAN_POINT ( 'NONE',  ( 3.682907857171534349, -1.500000000000001110, -3.500000000000000000 ) ) ;
#7154 = ORIENTED_EDGE ( 'NONE', *, *, #3644, .T. ) ;
#7155 = PRESENTATION_STYLE_ASSIGNMENT (( #3848 ) ) ;
#7156 = UNCERTAINTY_MEASURE_WITH_UNIT (LENGTH_MEASURE( 1.000000000000000082E-05 ), #280, 'distance_accuracy_value', 'NONE');
#7157 = ADVANCED_FACE ( 'NONE', ( #508 ), #1817, .T. ) ;
#7158 = CARTESIAN_POINT ( 'NONE',  ( -3.499999999999999556, 2.999999999999999556, -3.500000000000000000 ) ) ;
#7159 = LINE ( 'NONE', #10421, #5299 ) ;
#7160 = DIRECTION ( 'NONE',  ( -0.0000000000000000000, -0.0000000000000000000, -1.000000000000000000 ) ) ;
#7161 = CARTESIAN_POINT ( 'NONE',  ( 3.499999999999999556, -3.000000000000000444, -3.500000000000000000 ) ) ;
#7162 = DIRECTION ( 'NONE',  ( -0.0000000000000000000, -0.0000000000000000000, 1.000000000000000000 ) ) ;
#7163 = CARTESIAN_POINT ( 'NONE',  ( 3.400000000000000799, 2.899999999999999911, 0.0000000000000000000 ) ) ;
#7164 = CARTESIAN_POINT ( 'NONE',  ( -0.3499999999999996447, 1.500000000000000444, -2.000000000000000000 ) ) ;
#7165 = CARTESIAN_POINT ( 'NONE',  ( -0.1894611355332085079, 0.03140084466326965168, -1.000000000000000000 ) ) ;
#7166 = CARTESIAN_POINT ( 'NONE',  ( -3.499999999999999556, -3.000000000000000444, -0.1000000000000000056 ) ) ;
#7167 = SURFACE_SIDE_STYLE ('',( #3855 ) ) ;
#7168 = COLOUR_RGB ( '',0.9882352941176471006, 0.7372549019607843590, 0.5176470588235293491 ) ;
#7169 = DIRECTION ( 'NONE',  ( 1.000000000000000000, 0.0000000000000000000, -0.0000000000000000000 ) ) ;
#7170 = DIRECTION ( 'NONE',  ( -1.000000000000000000, 1.204669080539449590E-16, -0.0000000000000000000 ) ) ;
#7171 = ADVANCED_FACE ( 'NONE', ( #3831 ), #4748, .T. ) ;
#7172 = CARTESIAN_POINT ( 'NONE',  ( 0.06568349557904785974, 0.2308359603311041786, -1.000000000000000000 ) ) ;
#7173 = AXIS2_PLACEMENT_3D ( 'NONE', #5997, #9287, #1867 ) ;
#7174 = SURFACE_STYLE_FILL_AREA ( #3861 ) ;
#7175 =( NAMED_UNIT ( * ) SI_UNIT ( $, .STERADIAN. ) SOLID_ANGLE_UNIT ( ) );
#7176 = ORIENTED_EDGE ( 'NONE', *, *, #1447, .T. ) ;
#7177 = STYLED_ITEM ( 'NONE', ( #4921 ), #748 ) ;
#7178 = MECHANICAL_DESIGN_GEOMETRIC_PRESENTATION_REPRESENTATION (  '', ( #8556 ), #4393 ) ;
#7179 = UNCERTAINTY_MEASURE_WITH_UNIT (LENGTH_MEASURE( 1.000000000000000082E-05 ), #8416, 'distance_accuracy_value', 'NONE');
#7180 = PLANE ( 'NONE',  #7547 ) ;
#7181 = AXIS2_PLACEMENT_3D ( 'NONE', #5883, #9167, #1744 ) ;
#7182 =( NAMED_UNIT ( * ) SI_UNIT ( $, .STERADIAN. ) SOLID_ANGLE_UNIT ( ) );
#7183 = AXIS2_PLACEMENT_3D ( 'NONE', #8016, #561, #3886 ) ;
#7184 = VERTEX_POINT ( 'NONE', #2345 ) ;
#7185 =( GEOMETRIC_REPRESENTATION_CONTEXT ( 3 ) GLOBAL_UNCERTAINTY_ASSIGNED_CONTEXT ( ( #4036 ) ) GLOBAL_UNIT_ASSIGNED_CONTEXT ( ( #924, #119, #10014 ) ) REPRESENTATION_CONTEXT ( 'NONE', 'WORKASPACE' ) );
#7186 = CARTESIAN_POINT ( 'NONE',  ( 1.150000000000000133, -1.500000000000000444, -2.000000000000000000 ) ) ;
#7187 = CARTESIAN_POINT ( 'NONE',  ( -0.4911760745575987630, 0.03140084466326965168, -1.000000000000000000 ) ) ;
#7188 = CARTESIAN_POINT ( 'NONE',  ( 0.08742180535978995304, 0.05164886300272470560, -1.000000000000000000 ) ) ;
#7189 = ORIENTED_EDGE ( 'NONE', *, *, #4161, .F. ) ;
#7190 = PRESENTATION_LAYER_ASSIGNMENT (  '', '', ( #1106 ) ) ;
#7191 = STYLED_ITEM ( 'NONE', ( #654 ), #3712 ) ;
#7192 = CIRCLE ( 'NONE', #2496, 0.8500000000000003109 ) ;
#7193 = UNCERTAINTY_MEASURE_WITH_UNIT (LENGTH_MEASURE( 1.000000000000000082E-05 ), #10350, 'distance_accuracy_value', 'NONE');
#7194 = ORIENTED_EDGE ( 'NONE', *, *, #117, .T. ) ;
#7195 = ORIENTED_EDGE ( 'NONE', *, *, #10129, .T. ) ;
#7196 = FILL_AREA_STYLE ('',( #3876 ) ) ;
#7197 = CARTESIAN_POINT ( 'NONE',  ( 1.150000000000000133, 1.500000000000000444, -2.000000000000000000 ) ) ;
#7198 = SURFACE_STYLE_USAGE ( .BOTH. , #3879 ) ;
#7199 = UNCERTAINTY_MEASURE_WITH_UNIT (LENGTH_MEASURE( 1.000000000000000082E-05 ), #8685, 'distance_accuracy_value', 'NONE');
#7200 = CARTESIAN_POINT ( 'NONE',  ( 0.5500000000000003775, 1.500000000000000444, -2.000000000000000000 ) ) ;
#7201 = STYLED_ITEM ( 'NONE', ( #6917 ), #7119 ) ;
#7202 = LINE ( 'NONE', #8123, #2200 ) ;
#7203 = TOROIDAL_SURFACE ( 'NONE', #1125, 0.7000000000000002887, 0.1499999999999999667 ) ;
#7204 =( NAMED_UNIT ( * ) PLANE_ANGLE_UNIT ( ) SI_UNIT ( $, .RADIAN. ) );
#7205 = EDGE_CURVE ( 'NONE', #5686, #6395, #5671, .T. ) ;
#7206 = CARTESIAN_POINT ( 'NONE',  ( 1.750000000000000222, 2.999999999999998668, -0.5000000000000000000 ) ) ;
#7207 =( LENGTH_UNIT ( ) NAMED_UNIT ( * ) SI_UNIT ( .MILLI., .METRE. ) );
#7208 = EDGE_LOOP ( 'NONE', ( #3781, #9318, #5353, #7822 ) ) ;
#7209 = VECTOR ( 'NONE', #4226, 1000.000000000000000 ) ;
#7210 = SURFACE_STYLE_FILL_AREA ( #3889 ) ;
#7211 = COLOUR_RGB ( '',0.7921568627450980005, 0.8196078431372548767, 0.9333333333333333481 ) ;
#7212 = PRESENTATION_LAYER_ASSIGNMENT (  '', '', ( #1129 ) ) ;
#7213 = PRESENTATION_LAYER_ASSIGNMENT (  '', '', ( #1131 ) ) ;
#7214 = EDGE_LOOP ( 'NONE', ( #9101, #4458, #43, #4316 ) ) ;
#7215 = SURFACE_STYLE_USAGE ( .BOTH. , #3893 ) ;
#7216 = PLANE ( 'NONE',  #2299 ) ;
#7217 = STYLED_ITEM ( 'NONE', ( #9682 ), #2633 ) ;
#7218 = CARTESIAN_POINT ( 'NONE',  ( -0.1619077818746719744, 0.05335206417546477231, -0.9900000000000340750 ) ) ;
#7219 = COLOUR_RGB ( '',0.7529411764705882248, 0.7529411764705882248, 0.7529411764705882248 ) ;
#7220 = CARTESIAN_POINT ( 'NONE',  ( 0.0000000000000000000, -2.900000000000000799, -0.1000000000000000056 ) ) ;
#7221 = DIRECTION ( 'NONE',  ( 0.0000000000000000000, 0.0000000000000000000, -1.000000000000000000 ) ) ;
#7222 = FILL_AREA_STYLE ('',( #3901 ) ) ;
#7223 =( LENGTH_UNIT ( ) NAMED_UNIT ( * ) SI_UNIT ( .MILLI., .METRE. ) );
#7224 = EDGE_CURVE ( 'NONE', #9611, #3098, #10102, .T. ) ;
#7225 =( NAMED_UNIT ( * ) PLANE_ANGLE_UNIT ( ) SI_UNIT ( $, .RADIAN. ) );
#7226 = VECTOR ( 'NONE', #1462, 1000.000000000000000 ) ;
#7227 = ORIENTED_EDGE ( 'NONE', *, *, #5270, .T. ) ;
#7228 =( LENGTH_UNIT ( ) NAMED_UNIT ( * ) SI_UNIT ( .MILLI., .METRE. ) );
#7229 = VECTOR ( 'NONE', #2636, 1000.000000000000000 ) ;
#7230 = AXIS2_PLACEMENT_3D ( 'NONE', #8978, #1547, #4871 ) ;
#7231 = ADVANCED_FACE ( 'NONE', ( #4032 ), #6348, .T. ) ;
#7232 = VECTOR ( 'NONE', #7791, 1000.000000000000000 ) ;
#7233 = PLANE ( 'NONE',  #8781 ) ;
#7234 = FILL_AREA_STYLE_COLOUR ( '', #7476 ) ;
#7235 = DIRECTION ( 'NONE',  ( -1.000000000000000000, 0.0000000000000000000, 0.0000000000000000000 ) ) ;
#7236 = CARTESIAN_POINT ( 'NONE',  ( 0.2500000000000005551, 2.200000000000000622, -2.000000000000000000 ) ) ;
#7237 = MECHANICAL_DESIGN_GEOMETRIC_PRESENTATION_REPRESENTATION (  '', ( #5844 ), #9961 ) ;
#7238 = PRESENTATION_LAYER_ASSIGNMENT (  '', '', ( #1155 ) ) ;
#7239 = CARTESIAN_POINT ( 'NONE',  ( -0.2960541233380866166, 0.1339160885657086908, -0.9899999999999999911 ) ) ;
#7240 = ORIENTED_EDGE ( 'NONE', *, *, #2642, .T. ) ;
#7241 = EDGE_CURVE ( 'NONE', #10395, #104, #7714, .T. ) ;
#7242 = AXIS2_PLACEMENT_3D ( 'NONE', #2452, #5776, #9067 ) ;
#7243 = DIRECTION ( 'NONE',  ( -1.275531967630004752E-16, -1.000000000000000000, 0.0000000000000000000 ) ) ;
#7244 = FACE_OUTER_BOUND ( 'NONE', #8775, .T. ) ;
#7245 = ORIENTED_EDGE ( 'NONE', *, *, #4559, .F. ) ;
#7246 = FILL_AREA_STYLE ('',( #3930 ) ) ;
#7247 = DIRECTION ( 'NONE',  ( 0.0000000000000000000, 0.0000000000000000000, 1.000000000000000000 ) ) ;
#7248 = CARTESIAN_POINT ( 'NONE',  ( 0.05028734007654758753, 0.06371791783400136688, -0.9899999999999999911 ) ) ;
#7249 = ORIENTED_EDGE ( 'NONE', *, *, #7977, .F. ) ;
#7250 =( GEOMETRIC_REPRESENTATION_CONTEXT ( 3 ) GLOBAL_UNCERTAINTY_ASSIGNED_CONTEXT ( ( #9439 ) ) GLOBAL_UNIT_ASSIGNED_CONTEXT ( ( #5552, #4735, #3915 ) ) REPRESENTATION_CONTEXT ( 'NONE', 'WORKASPACE' ) );
#7251 = SURFACE_SIDE_STYLE ('',( #3936 ) ) ;
#7252 = ORIENTED_EDGE ( 'NONE', *, *, #1518, .F. ) ;
#7253 =( NAMED_UNIT ( * ) SI_UNIT ( $, .STERADIAN. ) SOLID_ANGLE_UNIT ( ) );
#7254 = SURFACE_SIDE_STYLE ('',( #3939 ) ) ;
#7255 = AXIS2_PLACEMENT_3D ( 'NONE', #7838, #388, #3715 ) ;
#7256 = AXIS2_PLACEMENT_3D ( 'NONE', #7270, #10538, #3128 ) ;
#7257 = FILL_AREA_STYLE ('',( #3947 ) ) ;
#7258 = DIRECTION ( 'NONE',  ( -1.239088197126291063E-16, -1.000000000000000000, 0.0000000000000000000 ) ) ;
#7259 = EDGE_LOOP ( 'NONE', ( #7074, #651, #4105, #5721 ) ) ;
#7260 = EDGE_LOOP ( 'NONE', ( #1021, #3803, #5723, #7117 ) ) ;
#7261 = DIRECTION ( 'NONE',  ( 0.0000000000000000000, 0.0000000000000000000, 1.000000000000000000 ) ) ;
#7262 = DIRECTION ( 'NONE',  ( -0.0000000000000000000, 0.0000000000000000000, -1.000000000000000000 ) ) ;
#7263 = EDGE_CURVE ( 'NONE', #9559, #10343, #4147, .T. ) ;
#7264 = DIRECTION ( 'NONE',  ( -0.9407669869669988971, 0.3390537954853693470, 0.0000000000000000000 ) ) ;
#7265 =( LENGTH_UNIT ( ) NAMED_UNIT ( * ) SI_UNIT ( .MILLI., .METRE. ) );
#7266 = UNCERTAINTY_MEASURE_WITH_UNIT (LENGTH_MEASURE( 1.000000000000000082E-05 ), #3362, 'distance_accuracy_value', 'NONE');
#7267 = SURFACE_SIDE_STYLE ('',( #3961 ) ) ;
#7268 =( NAMED_UNIT ( * ) SI_UNIT ( $, .STERADIAN. ) SOLID_ANGLE_UNIT ( ) );
#7269 = DIRECTION ( 'NONE',  ( 0.0000000000000000000, -1.000000000000000000, 0.0000000000000000000 ) ) ;
#7270 = CARTESIAN_POINT ( 'NONE',  ( 0.5500000000000002665, 0.8000000000000001554, -2.000000000000000000 ) ) ;
#7271 = LINE ( 'NONE', #10539, #3071 ) ;
#7272 = DIRECTION ( 'NONE',  ( -0.0000000000000000000, -0.0000000000000000000, 1.000000000000000000 ) ) ;
#7273 = CARTESIAN_POINT ( 'NONE',  ( 0.1053178278814256713, 0.02896182027302574707, -0.9899999999999999911 ) ) ;
#7274 = EDGE_LOOP ( 'NONE', ( #8471, #1098, #473, #9815 ) ) ;
#7275 = FACE_OUTER_BOUND ( 'NONE', #7730, .T. ) ;
#7276 = LINE ( 'NONE', #10545, #752 ) ;
#7277 = SURFACE_STYLE_FILL_AREA ( #3972 ) ;
#7278 = EDGE_CURVE ( 'NONE', #918, #2398, #3327, .T. ) ;
#7279 = CARTESIAN_POINT ( 'NONE',  ( -0.2958150187781501406, 0.1227339288060766559, -1.000000000000000222 ) ) ;
#7280 = FACE_OUTER_BOUND ( 'NONE', #517, .T. ) ;
#7281 = CARTESIAN_POINT ( 'NONE',  ( 0.1613986357282784501, 0.08353952764844731205, -0.9899999999999997691 ) ) ;
#7282 = CARTESIAN_POINT ( 'NONE',  ( -0.2321313675925906483, 0.03824268134967959837, -0.9900000000000002132 ) ) ;
#7283 = VERTEX_POINT ( 'NONE', #2507 ) ;
#7284 = PRESENTATION_STYLE_ASSIGNMENT (( #3981 ) ) ;
#7285 =( NAMED_UNIT ( * ) PLANE_ANGLE_UNIT ( ) SI_UNIT ( $, .RADIAN. ) );
#7286 = ORIENTED_EDGE ( 'NONE', *, *, #3365, .T. ) ;
#7287 = LINE ( 'NONE', #10561, #1288 ) ;
#7288 = CARTESIAN_POINT ( 'NONE',  ( 1.450000000000000178, 0.9500000000000000666, -2.000000000000000000 ) ) ;
#7289 = ADVANCED_FACE ( 'NONE', ( #5833 ), #9125, .F. ) ;
#7290 = MECHANICAL_DESIGN_GEOMETRIC_PRESENTATION_REPRESENTATION (  '', ( #9173 ), #2947 ) ;
#7291 = ORIENTED_EDGE ( 'NONE', *, *, #8717, .F. ) ;
#7292 = UNCERTAINTY_MEASURE_WITH_UNIT (LENGTH_MEASURE( 1.000000000000000082E-05 ), #417, 'distance_accuracy_value', 'NONE');
#7293 = ORIENTED_EDGE ( 'NONE', *, *, #5882, .F. ) ;
#7294 = SURFACE_STYLE_USAGE ( .BOTH. , #3988 ) ;
#7295 =( GEOMETRIC_REPRESENTATION_CONTEXT ( 3 ) GLOBAL_UNCERTAINTY_ASSIGNED_CONTEXT ( ( #6110 ) ) GLOBAL_UNIT_ASSIGNED_CONTEXT ( ( #4225, #3421, #2593 ) ) REPRESENTATION_CONTEXT ( 'NONE', 'WORKASPACE' ) );
#7296 = UNCERTAINTY_MEASURE_WITH_UNIT (LENGTH_MEASURE( 1.000000000000000082E-05 ), #8596, 'distance_accuracy_value', 'NONE');
#7297 = DIRECTION ( 'NONE',  ( -0.3363908276654491436, 0.9417224702971433992, 0.0000000000000000000 ) ) ;
#7298 = LINE ( 'NONE', #10568, #8285 ) ;
#7299 = CARTESIAN_POINT ( 'NONE',  ( -0.0000000000000000000, 1.500000000000000000, -1.500000000000000000 ) ) ;
#7300 = ADVANCED_FACE ( 'NONE', ( #877 ), #603, .T. ) ;
#7301 =( NAMED_UNIT ( * ) SI_UNIT ( $, .STERADIAN. ) SOLID_ANGLE_UNIT ( ) );
#7302 = DIRECTION ( 'NONE',  ( 0.0000000000000000000, -1.000000000000000000, 0.0000000000000000000 ) ) ;
#7303 =( NAMED_UNIT ( * ) PLANE_ANGLE_UNIT ( ) SI_UNIT ( $, .RADIAN. ) );
#7304 = ORIENTED_EDGE ( 'NONE', *, *, #5740, .T. ) ;
#7305 = SURFACE_STYLE_FILL_AREA ( #3996 ) ;
#7306 = PRESENTATION_STYLE_ASSIGNMENT (( #3998 ) ) ;
#7307 =( NAMED_UNIT ( * ) PLANE_ANGLE_UNIT ( ) SI_UNIT ( $, .RADIAN. ) );
#7308 = PRESENTATION_STYLE_ASSIGNMENT (( #3999 ) ) ;
#7309 = DIRECTION ( 'NONE',  ( -0.0000000000000000000, 0.0000000000000000000, -1.000000000000000000 ) ) ;
#7310 = SURFACE_SIDE_STYLE ('',( #4001 ) ) ;
#7311 = FACE_OUTER_BOUND ( 'NONE', #2045, .T. ) ;
#7312 = LINE ( 'NONE', #10579, #6352 ) ;
#7313 = FACE_BOUND ( 'NONE', #2732, .T. ) ;
#7314 = CARTESIAN_POINT ( 'NONE',  ( 0.07406760943270329633, 0.05403584981011987781, -0.9899999999999997691 ) ) ;
#7315 = CARTESIAN_POINT ( 'NONE',  ( 0.1928745317889363209, 0.08748266555673742118, -0.9899999999999999911 ) ) ;
#7316 = ORIENTED_EDGE ( 'NONE', *, *, #851, .T. ) ;
#7317 = CARTESIAN_POINT ( 'NONE',  ( -0.2960541233380866166, 0.1339160885657086908, -0.9899999999999999911 ) ) ;
#7318 = LINE ( 'NONE', #10589, #5499 ) ;
#7319 = CARTESIAN_POINT ( 'NONE',  ( -0.2158225345278200202, 0.05617396428662670138, -0.9999999999999988898 ) ) ;
#7320 = CARTESIAN_POINT ( 'NONE',  ( -0.2117637137313404805, 0.03300153504580745356, -1.000000000000000222 ) ) ;
#7321 =( NAMED_UNIT ( * ) PLANE_ANGLE_UNIT ( ) SI_UNIT ( $, .RADIAN. ) );
#7322 = DIRECTION ( 'NONE',  ( -1.000000000000000000, 1.239088197126291063E-16, 0.0000000000000000000 ) ) ;
#7323 = DIRECTION ( 'NONE',  ( -1.000000000000000000, 0.0000000000000000000, 0.0000000000000000000 ) ) ;
#7324 = VERTEX_POINT ( 'NONE', #4196 ) ;
#7325 = SURFACE_SIDE_STYLE ('',( #4020 ) ) ;
#7326 = EDGE_CURVE ( 'NONE', #5257, #711, #1990, .T. ) ;
#7327 = CARTESIAN_POINT ( 'NONE',  ( 0.01126294983264515548, 0.03140084466326965168, -0.9899999999999999911 ) ) ;
#7328 = DIRECTION ( 'NONE',  ( -1.000000000000000000, -1.239088197126291063E-16, 0.0000000000000000000 ) ) ;
#7329 = CARTESIAN_POINT ( 'NONE',  ( 1.150000000000000133, 2.200000000000000622, -2.000000000000000000 ) ) ;
#7330 = CARTESIAN_POINT ( 'NONE',  ( -0.4017515972255387147, 0.1956056797249307311, -1.000000000000000444 ) ) ;
#7331 = ORIENTED_EDGE ( 'NONE', *, *, #2775, .F. ) ;
#7332 = FILL_AREA_STYLE_COLOUR ( '', #4067 ) ;
#7333 = AXIS2_PLACEMENT_3D ( 'NONE', #8089, #635, #3968 ) ;
#7334 = VECTOR ( 'NONE', #6173, 1000.000000000000000 ) ;
#7335 = PLANE ( 'NONE',  #3528 ) ;
#7336 = ORIENTED_EDGE ( 'NONE', *, *, #3974, .F. ) ;
#7337 = ADVANCED_FACE ( 'NONE', ( #4307 ), #8927, .T. ) ;
#7338 = CARTESIAN_POINT ( 'NONE',  ( 0.5500000000000002665, -0.8000000000000001554, -2.000000000000000000 ) ) ;
#7339 = ORIENTED_EDGE ( 'NONE', *, *, #6633, .T. ) ;
#7340 =( GEOMETRIC_REPRESENTATION_CONTEXT ( 3 ) GLOBAL_UNCERTAINTY_ASSIGNED_CONTEXT ( ( #8700 ) ) GLOBAL_UNIT_ASSIGNED_CONTEXT ( ( #3985, #3147, #2342 ) ) REPRESENTATION_CONTEXT ( 'NONE', 'WORKASPACE' ) );
#7341 = MECHANICAL_DESIGN_GEOMETRIC_PRESENTATION_REPRESENTATION (  '', ( #5951 ), #10067 ) ;
#7342 = DIRECTION ( 'NONE',  ( 0.0000000000000000000, 0.0000000000000000000, 1.000000000000000000 ) ) ;
#7343 = AXIS2_PLACEMENT_3D ( 'NONE', #227, #3557, #6863 ) ;
#7344 = EDGE_CURVE ( 'NONE', #6079, #10025, #7610, .T. ) ;
#7345 = DIRECTION ( 'NONE',  ( -0.0000000000000000000, -0.0000000000000000000, 1.000000000000000000 ) ) ;
#7346 = FILL_AREA_STYLE_COLOUR ( '', #2201 ) ;
#7347 = ORIENTED_EDGE ( 'NONE', *, *, #5996, .F. ) ;
#7348 = FILL_AREA_STYLE ('',( #4040 ) ) ;
#7349 = STYLED_ITEM ( 'NONE', ( #3170 ), #9734 ) ;
#7350 = CARTESIAN_POINT ( 'NONE',  ( -0.3106882696795499887, 0.03140084466326965168, -0.9899999999999999911 ) ) ;
#7351 = MECHANICAL_DESIGN_GEOMETRIC_PRESENTATION_REPRESENTATION (  '', ( #5962 ), #10077 ) ;
#7352 = AXIS2_PLACEMENT_3D ( 'NONE', #2063, #5393, #8701 ) ;
#7353 = SURFACE_STYLE_USAGE ( .BOTH. , #4042 ) ;
#7354 = VECTOR ( 'NONE', #10091, 1000.000000000000000 ) ;
#7355 = FILL_AREA_STYLE ('',( #4043 ) ) ;
#7356 = EDGE_LOOP ( 'NONE', ( #8211, #8928, #2783, #10188 ) ) ;
#7357 = ORIENTED_EDGE ( 'NONE', *, *, #217, .F. ) ;
#7358 = AXIS2_PLACEMENT_3D ( 'NONE', #1179, #4507, #7803 ) ;
#7359 = CARTESIAN_POINT ( 'NONE',  ( 3.400000000000000799, 0.0000000000000000000, -0.1000000000000000056 ) ) ;
#7360 = CARTESIAN_POINT ( 'NONE',  ( -0.9499999999999995115, -2.200000000000000622, -2.000000000000000000 ) ) ;
#7361 = VECTOR ( 'NONE', #5666, 1000.000000000000000 ) ;
#7362 = VECTOR ( 'NONE', #9668, 1000.000000000000000 ) ;
#7363 = AXIS2_PLACEMENT_3D ( 'NONE', #5311, #8631, #1182 ) ;
#7364 = CARTESIAN_POINT ( 'NONE',  ( 0.0000000000000000000, 0.0000000000000000000, -3.500000000000000000 ) ) ;
#7365 = PRESENTATION_LAYER_ASSIGNMENT (  '', '', ( #1294 ) ) ;
#7366 = CARTESIAN_POINT ( 'NONE',  ( 0.05028734007654758753, 0.06371791783400136688, -1.000000000000000000 ) ) ;
#7367 = VECTOR ( 'NONE', #2437, 1000.000000000000000 ) ;
#7368 =( NAMED_UNIT ( * ) PLANE_ANGLE_UNIT ( ) SI_UNIT ( $, .RADIAN. ) );
#7369 = SURFACE_STYLE_USAGE ( .BOTH. , #4052 ) ;
#7370 =( LENGTH_UNIT ( ) NAMED_UNIT ( * ) SI_UNIT ( .MILLI., .METRE. ) );
#7371 = PRESENTATION_LAYER_ASSIGNMENT (  '', '', ( #1301 ) ) ;
#7372 = DIRECTION ( 'NONE',  ( -1.000000000000000000, 1.239088197126291063E-16, 0.0000000000000000000 ) ) ;
#7373 =( GEOMETRIC_REPRESENTATION_CONTEXT ( 3 ) GLOBAL_UNCERTAINTY_ASSIGNED_CONTEXT ( ( #120 ) ) GLOBAL_UNIT_ASSIGNED_CONTEXT ( ( #8594, #7781, #6960 ) ) REPRESENTATION_CONTEXT ( 'NONE', 'WORKASPACE' ) );
#7374 = VECTOR ( 'NONE', #6111, 1000.000000000000000 ) ;
#7375 = PLANE ( 'NONE',  #5846 ) ;
#7376 = CARTESIAN_POINT ( 'NONE',  ( -1.549999999999999600, 2.200000000000000622, -2.000000000000000000 ) ) ;
#7377 = PRESENTATION_STYLE_ASSIGNMENT (( #4057 ) ) ;
#7378 = ORIENTED_EDGE ( 'NONE', *, *, #8531, .T. ) ;
#7379 = PRESENTATION_STYLE_ASSIGNMENT (( #4062 ) ) ;
#7380 = PRESENTATION_LAYER_ASSIGNMENT (  '', '', ( #2684 ) ) ;
#7381 = DIRECTION ( 'NONE',  ( -1.000000000000000000, -1.239088197126291063E-16, 0.0000000000000000000 ) ) ;
#7382 = FACE_OUTER_BOUND ( 'NONE', #9351, .T. ) ;
#7383 = MECHANICAL_DESIGN_GEOMETRIC_PRESENTATION_REPRESENTATION (  '', ( #5988 ), #10108 ) ;
#7384 = MECHANICAL_DESIGN_GEOMETRIC_PRESENTATION_REPRESENTATION (  '', ( #5990 ), #10110 ) ;
#7385 = STYLED_ITEM ( 'NONE', ( #5646 ), #4383 ) ;
#7386 = CARTESIAN_POINT ( 'NONE',  ( -0.2576329443414137055, 0.08591953788914742651, -0.9900000000000006573 ) ) ;
#7387 = CARTESIAN_POINT ( 'NONE',  ( 0.1514293696902025421, 0.1896138649624361516, -1.000000000000000222 ) ) ;
#7388 = LINE ( 'NONE', #10662, #8261 ) ;
#7389 =( GEOMETRIC_REPRESENTATION_CONTEXT ( 3 ) GLOBAL_UNCERTAINTY_ASSIGNED_CONTEXT ( ( #9130 ) ) GLOBAL_UNIT_ASSIGNED_CONTEXT ( ( #3358, #2547, #1734 ) ) REPRESENTATION_CONTEXT ( 'NONE', 'WORKASPACE' ) );
#7390 = CARTESIAN_POINT ( 'NONE',  ( 3.549999999999998934, -2.250000000000001332, -3.500000000000000000 ) ) ;
#7391 = CARTESIAN_POINT ( 'NONE',  ( 0.1026234291547072630, 0.02899342103510433796, -1.000000000000000222 ) ) ;
#7392 = ORIENTED_EDGE ( 'NONE', *, *, #5136, .F. ) ;
#7393 = COLOUR_RGB ( '',0.7529411764705882248, 0.7529411764705882248, 0.7529411764705882248 ) ;
#7394 = PRESENTATION_LAYER_ASSIGNMENT (  '', '', ( #1323 ) ) ;
#7395 = STYLED_ITEM ( 'NONE', ( #10565 ), #2232 ) ;
#7396 = FACE_OUTER_BOUND ( 'NONE', #8573, .T. ) ;
#7397 = DIRECTION ( 'NONE',  ( 0.0000000000000000000, -1.000000000000000000, 0.0000000000000000000 ) ) ;
#7398 = EDGE_CURVE ( 'NONE', #3621, #290, #9202, .T. ) ;
#7399 =( GEOMETRIC_REPRESENTATION_CONTEXT ( 3 ) GLOBAL_UNCERTAINTY_ASSIGNED_CONTEXT ( ( #2829 ) ) GLOBAL_UNIT_ASSIGNED_CONTEXT ( ( #10140, #9343, #8544 ) ) REPRESENTATION_CONTEXT ( 'NONE', 'WORKASPACE' ) );
#7400 = EDGE_LOOP ( 'NONE', ( #6446, #9008, #6925, #291 ) ) ;
#7401 = STYLED_ITEM ( 'NONE', ( #5743 ), #3379 ) ;
#7402 = CARTESIAN_POINT ( 'NONE',  ( -0.6499999999999995781, 1.500000000000000444, -2.000000000000000000 ) ) ;
#7403 = ORIENTED_EDGE ( 'NONE', *, *, #8474, .T. ) ;
#7404 = UNCERTAINTY_MEASURE_WITH_UNIT (LENGTH_MEASURE( 1.000000000000000082E-05 ), #6104, 'distance_accuracy_value', 'NONE');
#7405 = VERTEX_POINT ( 'NONE', #8424 ) ;
#7406 = PRESENTATION_LAYER_ASSIGNMENT (  '', '', ( #1339 ) ) ;
#7407 = VECTOR ( 'NONE', #10394, 1000.000000000000000 ) ;
#7408 = EDGE_CURVE ( 'NONE', #5095, #3308, #959, .T. ) ;
#7409 = VERTEX_POINT ( 'NONE', #163 ) ;
#7410 =( NAMED_UNIT ( * ) SI_UNIT ( $, .STERADIAN. ) SOLID_ANGLE_UNIT ( ) );
#7411 = LINE ( 'NONE', #10686, #4464 ) ;
#7412 = COLOUR_RGB ( '',0.9882352941176471006, 0.7372549019607843590, 0.5176470588235293491 ) ;
#7413 = MECHANICAL_DESIGN_GEOMETRIC_PRESENTATION_REPRESENTATION (  '', ( #6035 ), #10143 ) ;
#7414 = EDGE_CURVE ( 'NONE', #2149, #5668, #4535, .T. ) ;
#7415 =( NAMED_UNIT ( * ) SI_UNIT ( $, .STERADIAN. ) SOLID_ANGLE_UNIT ( ) );
#7416 = VERTEX_POINT ( 'NONE', #5161 ) ;
#7417 = ORIENTED_EDGE ( 'NONE', *, *, #4963, .F. ) ;
#7418 = PRESENTATION_STYLE_ASSIGNMENT (( #4107 ) ) ;
#7419 = DIRECTION ( 'NONE',  ( -0.0000000000000000000, -0.0000000000000000000, -1.000000000000000000 ) ) ;
#7420 = CARTESIAN_POINT ( 'NONE',  ( 0.2500000000000004441, -1.500000000000000444, -2.000000000000000000 ) ) ;
#7421 = AXIS2_PLACEMENT_3D ( 'NONE', #6751, #10022, #2621 ) ;
#7422 = VECTOR ( 'NONE', #7870, 1000.000000000000000 ) ;
#7423 =( LENGTH_UNIT ( ) NAMED_UNIT ( * ) SI_UNIT ( .MILLI., .METRE. ) );
#7424 = PLANE ( 'NONE',  #5059 ) ;
#7425 = CARTESIAN_POINT ( 'NONE',  ( 1.150000000000000133, -1.500000000000000444, -2.000000000000000000 ) ) ;
#7426 = FILL_AREA_STYLE_COLOUR ( '', #9916 ) ;
#7427 = COLOUR_RGB ( '',0.9882352941176471006, 0.7372549019607843590, 0.5176470588235293491 ) ;
#7428 = PLANE ( 'NONE',  #7173 ) ;
#7429 = ADVANCED_FACE ( 'NONE', ( #8485 ), #7906, .T. ) ;
#7430 =( LENGTH_UNIT ( ) NAMED_UNIT ( * ) SI_UNIT ( .MILLI., .METRE. ) );
#7431 = VERTEX_POINT ( 'NONE', #1035 ) ;
#7432 = CARTESIAN_POINT ( 'NONE',  ( -0.2920577238350460791, 0.1016880832018772635, -0.9900000000000002132 ) ) ;
#7433 = SURFACE_STYLE_USAGE ( .BOTH. , #4127 ) ;
#7434 =( NAMED_UNIT ( * ) PLANE_ANGLE_UNIT ( ) SI_UNIT ( $, .RADIAN. ) );
#7435 = ORIENTED_EDGE ( 'NONE', *, *, #1484, .F. ) ;
#7436 = CARTESIAN_POINT ( 'NONE',  ( 1.450000000000000178, -1.500000000000000444, -2.000000000000000000 ) ) ;
#7437 = CARTESIAN_POINT ( 'NONE',  ( -0.2691558318413242445, 0.1302679339234467104, -0.9999999999999991118 ) ) ;
#7438 = CARTESIAN_POINT ( 'NONE',  ( 0.2500000000000004441, 1.500000000000000444, -2.000000000000000000 ) ) ;
#7439 = CARTESIAN_POINT ( 'NONE',  ( 0.07857078623940627615, 0.2101821078709532886, -1.000000000000000222 ) ) ;
#7440 = SURFACE_SIDE_STYLE ('',( #4135 ) ) ;
#7441 = DIRECTION ( 'NONE',  ( -1.000000000000000000, 0.0000000000000000000, 0.0000000000000000000 ) ) ;
#7442 = EDGE_CURVE ( 'NONE', #2398, #7483, #1939, .T. ) ;
#7443 = EDGE_LOOP ( 'NONE', ( #4461, #3787, #10340, #3141 ) ) ;
#7444 = SURFACE_STYLE_FILL_AREA ( #4138 ) ;
#7445 = B_SPLINE_CURVE_WITH_KNOTS ( 'NONE', 3,
 ( #6796, #10065, #2666, #5995, #9286, #1864, #5179, #8497, #1046, #4363, #7658, #219, #3548, #6855, #10128, #2726, #6054, #9335, #1906 ),
 .UNSPECIFIED., .F., .F.,
 ( 4, 1, 1, 1, 1, 1, 1, 1, 1, 1, 1, 1, 1, 1, 1, 1, 4 ),
 ( 0.0000000000000000000, 0.06460397028839230671, 0.1267024139629473467, 0.1867568140356183348, 0.2455056873654374860, 0.3036520244499754662, 0.3615030739706254770, 0.4202402229284675772, 0.4800333407766962934, 0.5406781347755160727, 0.6011918063807818458, 0.6623335024774423818, 0.7247395102972318259, 0.7894677361728866805, 0.8565048600438307513, 0.9263120958391901638, 1.000000000000000000 ),
 .UNSPECIFIED. ) ;
#7446 = CARTESIAN_POINT ( 'NONE',  ( -3.500000000000000444, -3.000000000000000444, -3.500000000000000000 ) ) ;
#7447 = DIRECTION ( 'NONE',  ( -1.000000000000000000, 1.239088197126291063E-16, 0.0000000000000000000 ) ) ;
#7448 =( NAMED_UNIT ( * ) PLANE_ANGLE_UNIT ( ) SI_UNIT ( $, .RADIAN. ) );
#7449 = CARTESIAN_POINT ( 'NONE',  ( 3.682907857171534349, -1.500000000000001110, -3.000000000000000000 ) ) ;
#7450 = CIRCLE ( 'NONE', #5715, 0.5500000000000003775 ) ;
#7451 = EDGE_LOOP ( 'NONE', ( #1896, #8217, #1127, #555 ) ) ;
#7452 = CARTESIAN_POINT ( 'NONE',  ( 0.07508563492340845913, 0.03207743541199725712, -0.9899999999999999911 ) ) ;
#7453 = CARTESIAN_POINT ( 'NONE',  ( 0.2500000000000004441, -0.9500000000000000666, -2.000000000000000000 ) ) ;
#7454 = ORIENTED_EDGE ( 'NONE', *, *, #7666, .F. ) ;
#7455 = ADVANCED_FACE ( 'NONE', ( #1140 ), #10111, .T. ) ;
#7456 = CARTESIAN_POINT ( 'NONE',  ( -3.499999999999999556, -3.000000000000000444, -0.5000000000000000000 ) ) ;
#7457 = ORIENTED_EDGE ( 'NONE', *, *, #8680, .T. ) ;
#7458 = EDGE_CURVE ( 'NONE', #9994, #8075, #4467, .T. ) ;
#7459 = FILL_AREA_STYLE_COLOUR ( '', #9930 ) ;
#7460 = CARTESIAN_POINT ( 'NONE',  ( 1.749999999999999778, -1.500000000000000000, -1.500000000000000000 ) ) ;
#7461 = SURFACE_SIDE_STYLE ('',( #4153 ) ) ;
#7462 = EDGE_LOOP ( 'NONE', ( #8802, #7789, #2893, #7919 ) ) ;
#7463 = DIRECTION ( 'NONE',  ( -1.000000000000000000, 1.239088197126291063E-16, 0.0000000000000000000 ) ) ;
#7464 =( LENGTH_UNIT ( ) NAMED_UNIT ( * ) SI_UNIT ( .MILLI., .METRE. ) );
#7465 = LINE ( 'NONE', #18, #3793 ) ;
#7466 = DIRECTION ( 'NONE',  ( 0.0000000000000000000, 0.0000000000000000000, 1.000000000000000000 ) ) ;
#7467 = EDGE_LOOP ( 'NONE', ( #154, #9732, #9453, #6777 ) ) ;
#7468 = EDGE_LOOP ( 'NONE', ( #8250, #831, #5954, #8944 ) ) ;
#7469 = CARTESIAN_POINT ( 'NONE',  ( 0.0000000000000000000, 0.0000000000000000000, -1.000000000000000000 ) ) ;
#7470 = EDGE_CURVE ( 'NONE', #5515, #2274, #1242, .T. ) ;
#7471 = CIRCLE ( 'NONE', #2769, 0.1499999999999999667 ) ;
#7472 = SURFACE_STYLE_USAGE ( .BOTH. , #4160 ) ;
#7473 = FILL_AREA_STYLE_COLOUR ( '', #51 ) ;
#7474 = LINE ( 'NONE', #28, #5640 ) ;
#7475 = FACE_OUTER_BOUND ( 'NONE', #519, .T. ) ;
#7476 = COLOUR_RGB ( '',0.7529411764705882248, 0.7529411764705882248, 0.7529411764705882248 ) ;
#7477 = DIRECTION ( 'NONE',  ( 1.000000000000000000, 0.0000000000000000000, 0.0000000000000000000 ) ) ;
#7478 =( LENGTH_UNIT ( ) NAMED_UNIT ( * ) SI_UNIT ( .MILLI., .METRE. ) );
#7479 = CARTESIAN_POINT ( 'NONE',  ( -0.01556631846003775181, 0.1216447471022940596, -0.9899999999999999911 ) ) ;
#7480 = DIRECTION ( 'NONE',  ( -1.239088197126291063E-16, 1.000000000000000000, 0.0000000000000000000 ) ) ;
#7481 = PRESENTATION_STYLE_ASSIGNMENT (( #4171 ) ) ;
#7482 = EDGE_CURVE ( 'NONE', #8998, #8632, #2176, .T. ) ;
#7483 = VERTEX_POINT ( 'NONE', #10335 ) ;
#7484 = CARTESIAN_POINT ( 'NONE',  ( -0.2586387919931140700, 0.05276234645670267037, -1.000000000000000000 ) ) ;
#7485 =( LENGTH_UNIT ( ) NAMED_UNIT ( * ) SI_UNIT ( .MILLI., .METRE. ) );
#7486 = TOROIDAL_SURFACE ( 'NONE', #3858, 0.7000000000000002887, 0.1499999999999999667 ) ;
#7487 = CARTESIAN_POINT ( 'NONE',  ( -0.3499999999999996447, 1.500000000000000444, -2.000000000000000000 ) ) ;
#7488 = EDGE_CURVE ( 'NONE', #7035, #5062, #3569, .T. ) ;
#7489 = EDGE_LOOP ( 'NONE', ( #9139, #5746, #254, #5447, #1071, #391, #9496, #10506 ) ) ;
#7490 = FILL_AREA_STYLE_COLOUR ( '', #4463 ) ;
#7491 = CARTESIAN_POINT ( 'NONE',  ( 1.749999999999999778, 2.249999999999999112, -3.000000000000000000 ) ) ;
#7492 = DIRECTION ( 'NONE',  ( 0.0000000000000000000, -1.000000000000000000, 0.0000000000000000000 ) ) ;
#7493 = EDGE_LOOP ( 'NONE', ( #3719, #197, #1466, #7195 ) ) ;
#7494 = CARTESIAN_POINT ( 'NONE',  ( 0.1974552275932500156, 0.1502697430207147189, -1.000000000000000666 ) ) ;
#7495 = PRESENTATION_STYLE_ASSIGNMENT (( #4188 ) ) ;
#7496 = EDGE_LOOP ( 'NONE', ( #3148, #4565, #7194, #10104 ) ) ;
#7497 = FILL_AREA_STYLE ('',( #4191 ) ) ;
#7498 = DIRECTION ( 'NONE',  ( 1.000000000000000000, 0.0000000000000000000, -0.0000000000000000000 ) ) ;
#7499 = DIRECTION ( 'NONE',  ( -1.000000000000000000, -1.239088197126291063E-16, 0.0000000000000000000 ) ) ;
#7500 = DIRECTION ( 'NONE',  ( -1.445602896647339163E-16, -1.000000000000000000, 0.0000000000000000000 ) ) ;
#7501 = UNCERTAINTY_MEASURE_WITH_UNIT (LENGTH_MEASURE( 1.000000000000000082E-05 ), #3575, 'distance_accuracy_value', 'NONE');
#7502 = FILL_AREA_STYLE_COLOUR ( '', #5822 ) ;
#7503 = SURFACE_SIDE_STYLE ('',( #4197 ) ) ;
#7504 = MECHANICAL_DESIGN_GEOMETRIC_PRESENTATION_REPRESENTATION (  '', ( #8884 ), #4745 ) ;
#7505 = ORIENTED_EDGE ( 'NONE', *, *, #5210, .F. ) ;
#7506 = CARTESIAN_POINT ( 'NONE',  ( 0.1254976514978247415, 0.03046438797490597442, -1.000000000000000000 ) ) ;
#7507 = CARTESIAN_POINT ( 'NONE',  ( -3.550000000000000266, 2.249999999999999556, -3.000000000000000000 ) ) ;
#7508 = PRESENTATION_LAYER_ASSIGNMENT (  '', '', ( #1440 ) ) ;
#7509 = PRESENTATION_STYLE_ASSIGNMENT (( #4202 ) ) ;
#7510 = STYLED_ITEM ( 'NONE', ( #4342 ), #6578 ) ;
#7511 = ORIENTED_EDGE ( 'NONE', *, *, #2606, .F. ) ;
#7512 = ORIENTED_EDGE ( 'NONE', *, *, #6432, .F. ) ;
#7513 = AXIS2_PLACEMENT_3D ( 'NONE', #10369, #2958, #6287 ) ;
#7514 = DIRECTION ( 'NONE',  ( -0.3536223923290756632, 0.9353882635801357148, 0.0000000000000000000 ) ) ;
#7515 = MECHANICAL_DESIGN_GEOMETRIC_PRESENTATION_REPRESENTATION (  '', ( #6136 ), #10251 ) ;
#7516 = CARTESIAN_POINT ( 'NONE',  ( -0.2680406617320496565, 0.1509993965666568960, -0.9899999999999993250 ) ) ;
#7517 = CARTESIAN_POINT ( 'NONE',  ( -1.750000000000000222, 2.249999999999999556, -3.000000000000000000 ) ) ;
#7518 = COLOUR_RGB ( '',0.7529411764705882248, 0.7529411764705882248, 0.7529411764705882248 ) ;
#7519 =( NAMED_UNIT ( * ) PLANE_ANGLE_UNIT ( ) SI_UNIT ( $, .RADIAN. ) );
#7520 = EDGE_CURVE ( 'NONE', #8856, #8542, #2104, .T. ) ;
#7521 =( GEOMETRIC_REPRESENTATION_CONTEXT ( 3 ) GLOBAL_UNCERTAINTY_ASSIGNED_CONTEXT ( ( #6546 ) ) GLOBAL_UNIT_ASSIGNED_CONTEXT ( ( #151, #10040, #9247 ) ) REPRESENTATION_CONTEXT ( 'NONE', 'WORKASPACE' ) );
#7522 = TOROIDAL_SURFACE ( 'NONE', #1455, 0.7000000000000002887, 0.1499999999999999667 ) ;
#7523 = SURFACE_SIDE_STYLE ('',( #4210 ) ) ;
#7524 = DIRECTION ( 'NONE',  ( -1.239088197126291063E-16, 1.000000000000000000, 0.0000000000000000000 ) ) ;
#7525 = FILL_AREA_STYLE ('',( #4212 ) ) ;
#7526 = CARTESIAN_POINT ( 'NONE',  ( 0.0000000000000000000, 1.500000000000000000, -2.000000000000000000 ) ) ;
#7527 = COLOUR_RGB ( '',0.9882352941176471006, 0.7372549019607843590, 0.5176470588235293491 ) ;
#7528 =( GEOMETRIC_REPRESENTATION_CONTEXT ( 3 ) GLOBAL_UNCERTAINTY_ASSIGNED_CONTEXT ( ( #526 ) ) GLOBAL_UNIT_ASSIGNED_CONTEXT ( ( #10672, #9856, #9047 ) ) REPRESENTATION_CONTEXT ( 'NONE', 'WORKASPACE' ) );
#7529 = PRESENTATION_LAYER_ASSIGNMENT (  '', '', ( #1461 ) ) ;
#7530 = EDGE_LOOP ( 'NONE', ( #1827, #5488, #9323, #4045 ) ) ;
#7531 = CARTESIAN_POINT ( 'NONE',  ( -0.1932892789290100999, 0.03147010573850075876, -0.9899999999999997691 ) ) ;
#7532 = CARTESIAN_POINT ( 'NONE',  ( 1.649999999999999023, 2.999999999999998668, -1.000000000000000000 ) ) ;
#7533 = CARTESIAN_POINT ( 'NONE',  ( -0.3956349160210134719, 0.1929862105169281861, -1.000000000000000000 ) ) ;
#7534 = PRESENTATION_STYLE_ASSIGNMENT (( #4221 ) ) ;
#7535 = CIRCLE ( 'NONE', #2850, 0.5500000000000003775 ) ;
#7536 = EDGE_LOOP ( 'NONE', ( #1601, #10158, #7960, #6899, #9512, #5385 ) ) ;
#7537 = EDGE_CURVE ( 'NONE', #8977, #8818, #1299, .T. ) ;
#7538 = STYLED_ITEM ( 'NONE', ( #2613 ), #7935 ) ;
#7539 = FACE_OUTER_BOUND ( 'NONE', #3419, .T. ) ;
#7540 = CARTESIAN_POINT ( 'NONE',  ( 0.05216401823154544204, 0.04073084838782765199, -0.9899999999999999911 ) ) ;
#7541 = CARTESIAN_POINT ( 'NONE',  ( 0.07857078623940627615, 0.2101821078709532886, -0.9900000000000002132 ) ) ;
#7542 = DIRECTION ( 'NONE',  ( 1.000000000000000000, -0.0000000000000000000, 0.0000000000000000000 ) ) ;
#7543 = ORIENTED_EDGE ( 'NONE', *, *, #5571, .T. ) ;
#7544 = CARTESIAN_POINT ( 'NONE',  ( 1.150000000000000133, 2.050000000000000711, -2.000000000000000000 ) ) ;
#7545 = CIRCLE ( 'NONE', #1473, 0.1499999999999999667 ) ;
#7546 = EDGE_CURVE ( 'NONE', #6026, #8229, #486, .T. ) ;
#7547 = AXIS2_PLACEMENT_3D ( 'NONE', #7327, #10601, #3204 ) ;
#7548 = COLOUR_RGB ( '',0.7921568627450980005, 0.8196078431372548767, 0.9333333333333333481 ) ;
#7549 = SURFACE_STYLE_FILL_AREA ( #4235 ) ;
#7550 = AXIS2_PLACEMENT_3D ( 'NONE', #1235, #4561, #7859 ) ;
#7551 = CARTESIAN_POINT ( 'NONE',  ( 0.1630794319606998499, 0.2115854446049459936, -0.9899999999999999911 ) ) ;
#7552 = CARTESIAN_POINT ( 'NONE',  ( 1.749999999999999778, 2.000000000000000000, -2.500000000000000000 ) ) ;
#7553 = ORIENTED_EDGE ( 'NONE', *, *, #3890, .T. ) ;
#7554 =( NAMED_UNIT ( * ) SI_UNIT ( $, .STERADIAN. ) SOLID_ANGLE_UNIT ( ) );
#7555 = VECTOR ( 'NONE', #2741, 1000.000000000000000 ) ;
#7556 = CARTESIAN_POINT ( 'NONE',  ( -0.2612092463731296998, 0.09256339698737421628, -0.9899999999999995470 ) ) ;
#7557 = AXIS2_PLACEMENT_3D ( 'NONE', #2161, #5494, #8795 ) ;
#7558 = VECTOR ( 'NONE', #850, 1000.000000000000000 ) ;
#7559 = FACE_OUTER_BOUND ( 'NONE', #2278, .T. ) ;
#7560 =( GEOMETRIC_REPRESENTATION_CONTEXT ( 3 ) GLOBAL_UNCERTAINTY_ASSIGNED_CONTEXT ( ( #4359 ) ) GLOBAL_UNIT_ASSIGNED_CONTEXT ( ( #9431, #8649, #7824 ) ) REPRESENTATION_CONTEXT ( 'NONE', 'WORKASPACE' ) );
#7561 = CARTESIAN_POINT ( 'NONE',  ( -3.499999999999999556, -3.000000000000000444, -0.09999999999999999167 ) ) ;
#7562 = FILL_AREA_STYLE_COLOUR ( '', #1469 ) ;
#7563 = DIRECTION ( 'NONE',  ( -1.000000000000000000, 0.0000000000000000000, 0.0000000000000000000 ) ) ;
#7564 = EDGE_LOOP ( 'NONE', ( #39, #5229, #9159, #1868 ) ) ;
#7565 = CARTESIAN_POINT ( 'NONE',  ( 0.1988829932977914106, 0.1169113263388524837, -1.000000000000000000 ) ) ;
#7566 = CIRCLE ( 'NONE', #1501, 0.1499999999999999667 ) ;
#7567 = PRESENTATION_LAYER_ASSIGNMENT (  '', '', ( #1503 ) ) ;
#7568 = CARTESIAN_POINT ( 'NONE',  ( -1.649999999999999467, 2.999999999999998668, -1.000000000000000000 ) ) ;
#7569 = CIRCLE ( 'NONE', #2885, 0.1499999999999999667 ) ;
#7570 =( GEOMETRIC_REPRESENTATION_CONTEXT ( 3 ) GLOBAL_UNCERTAINTY_ASSIGNED_CONTEXT ( ( #1209 ) ) GLOBAL_UNIT_ASSIGNED_CONTEXT ( ( #7795, #6976, #6175 ) ) REPRESENTATION_CONTEXT ( 'NONE', 'WORKASPACE' ) );
#7571 = CARTESIAN_POINT ( 'NONE',  ( -0.3499999999999996447, 1.500000000000000444, -2.000000000000000000 ) ) ;
#7572 = ORIENTED_EDGE ( 'NONE', *, *, #10567, .T. ) ;
#7573 = VERTEX_POINT ( 'NONE', #10378 ) ;
#7574 = DIRECTION ( 'NONE',  ( 1.000000000000000000, 0.0000000000000000000, 0.0000000000000000000 ) ) ;
#7575 = CARTESIAN_POINT ( 'NONE',  ( -0.2529105768051770342, 0.1853948579839835575, -0.9999999999999997780 ) ) ;
#7576 = FILL_AREA_STYLE ('',( #4268 ) ) ;
#7577 = SURFACE_STYLE_FILL_AREA ( #4269 ) ;
#7578 = CARTESIAN_POINT ( 'NONE',  ( -0.1998098234363151204, 0.2092766779854143833, -0.9900000000000002132 ) ) ;
#7579 = CARTESIAN_POINT ( 'NONE',  ( -0.2418374979550184656, 0.2212451368651409678, -1.000000000000000000 ) ) ;
#7580 = AXIS2_PLACEMENT_3D ( 'NONE', #9208, #1788, #5107 ) ;
#7581 = EDGE_CURVE ( 'NONE', #35, #1045, #2968, .T. ) ;
#7582 = FILL_AREA_STYLE ('',( #4272 ) ) ;
#7583 =( NAMED_UNIT ( * ) PLANE_ANGLE_UNIT ( ) SI_UNIT ( $, .RADIAN. ) );
#7584 =( NAMED_UNIT ( * ) SI_UNIT ( $, .STERADIAN. ) SOLID_ANGLE_UNIT ( ) );
#7585 = CARTESIAN_POINT ( 'NONE',  ( 0.09712423032045001958, 0.2118886495413184468, -0.9899999999999999911 ) ) ;
#7586 = FACE_OUTER_BOUND ( 'NONE', #4205, .T. ) ;
#7587 = STYLED_ITEM ( 'NONE', ( #10632 ), #6238 ) ;
#7588 = ORIENTED_EDGE ( 'NONE', *, *, #8872, .F. ) ;
#7589 = EDGE_CURVE ( 'NONE', #9174, #271, #2160, .T. ) ;
#7590 = CARTESIAN_POINT ( 'NONE',  ( 1.649999999999998357, -3.000000000000000444, -1.000000000000000000 ) ) ;
#7591 = VERTEX_POINT ( 'NONE', #1362 ) ;
#7592 = CARTESIAN_POINT ( 'NONE',  ( 0.2161409986131329897, 0.05335206417546477231, -1.000000000000000000 ) ) ;
#7593 =( NAMED_UNIT ( * ) PLANE_ANGLE_UNIT ( ) SI_UNIT ( $, .RADIAN. ) );
#7594 = CARTESIAN_POINT ( 'NONE',  ( 0.08957001403307281173, 0.02969011158482646670, -0.9999999999999997780 ) ) ;
#7595 = ORIENTED_EDGE ( 'NONE', *, *, #10027, .T. ) ;
#7596 = CARTESIAN_POINT ( 'NONE',  ( -3.499999999999999556, 2.999999999999999556, -0.09999999999999999167 ) ) ;
#7597 = PRESENTATION_STYLE_ASSIGNMENT (( #4291 ) ) ;
#7598 = ORIENTED_EDGE ( 'NONE', *, *, #9055, .F. ) ;
#7599 = DIRECTION ( 'NONE',  ( -0.0000000000000000000, -0.0000000000000000000, -1.000000000000000000 ) ) ;
#7600 = EDGE_CURVE ( 'NONE', #3765, #6056, #3180, .T. ) ;
#7601 = DIRECTION ( 'NONE',  ( 0.0000000000000000000, -1.000000000000000000, 0.0000000000000000000 ) ) ;
#7602 = CARTESIAN_POINT ( 'NONE',  ( 0.1080514266759573239, 0.2335909487751493818, -1.000000000000000222 ) ) ;
#7603 = CARTESIAN_POINT ( 'NONE',  ( -0.2369538370357162915, 0.06506430708884643199, -1.000000000000000444 ) ) ;
#7604 = ORIENTED_EDGE ( 'NONE', *, *, #2291, .F. ) ;
#7605 = PLANE ( 'NONE',  #9423 ) ;
#7606 = FILL_AREA_STYLE ('',( #4303 ) ) ;
#7607 =( NAMED_UNIT ( * ) PLANE_ANGLE_UNIT ( ) SI_UNIT ( $, .RADIAN. ) );
#7608 = CARTESIAN_POINT ( 'NONE',  ( 0.1254976514978247415, 0.03046438797490597442, -0.9899999999999999911 ) ) ;
#7609 = UNCERTAINTY_MEASURE_WITH_UNIT (LENGTH_MEASURE( 1.000000000000000082E-05 ), #5011, 'distance_accuracy_value', 'NONE');
#7610 = LINE ( 'NONE', #2602, #10285 ) ;
#7611 = EDGE_CURVE ( 'NONE', #9336, #2607, #3854, .T. ) ;
#7612 = PRESENTATION_STYLE_ASSIGNMENT (( #4308 ) ) ;
#7613 = CARTESIAN_POINT ( 'NONE',  ( -0.3499999999999995337, 2.200000000000000622, -2.000000000000000000 ) ) ;
#7614 = UNCERTAINTY_MEASURE_WITH_UNIT (LENGTH_MEASURE( 1.000000000000000082E-05 ), #4985, 'distance_accuracy_value', 'NONE');
#7615 = SURFACE_STYLE_FILL_AREA ( #4310 ) ;
#7616 = ADVANCED_FACE ( 'NONE', ( #3027, #6368 ), #9642, .F. ) ;
#7617 = EDGE_LOOP ( 'NONE', ( #510, #7286, #5363, #9918 ) ) ;
#7618 = PLANE ( 'NONE',  #10320 ) ;
#7619 = LINE ( 'NONE', #178, #1504 ) ;
#7620 = PRESENTATION_STYLE_ASSIGNMENT (( #4314 ) ) ;
#7621 = SURFACE_STYLE_FILL_AREA ( #4315 ) ;
#7622 = ORIENTED_EDGE ( 'NONE', *, *, #5684, .F. ) ;
#7623 = ORIENTED_EDGE ( 'NONE', *, *, #511, .F. ) ;
#7624 = DIRECTION ( 'NONE',  ( -1.000000000000000000, 1.204669080539449590E-16, -0.0000000000000000000 ) ) ;
#7625 =( NAMED_UNIT ( * ) SI_UNIT ( $, .STERADIAN. ) SOLID_ANGLE_UNIT ( ) );
#7626 = SURFACE_STYLE_USAGE ( .BOTH. , #4321 ) ;
#7627 = FACE_OUTER_BOUND ( 'NONE', #5167, .T. ) ;
#7628 = EDGE_CURVE ( 'NONE', #1656, #3987, #7276, .T. ) ;
#7629 =( NAMED_UNIT ( * ) SI_UNIT ( $, .STERADIAN. ) SOLID_ANGLE_UNIT ( ) );
#7630 = DIRECTION ( 'NONE',  ( 1.000000000000000000, 0.0000000000000000000, -0.0000000000000000000 ) ) ;
#7631 = CARTESIAN_POINT ( 'NONE',  ( 3.549999999999999378, -0.7500000000000011102, -3.000000000000000000 ) ) ;
#7632 = PLANE ( 'NONE',  #4587 ) ;
#7633 = DIRECTION ( 'NONE',  ( 0.0000000000000000000, -0.0000000000000000000, 1.000000000000000000 ) ) ;
#7634 = ORIENTED_EDGE ( 'NONE', *, *, #4108, .F. ) ;
#7635 = DIRECTION ( 'NONE',  ( -1.000000000000000000, -1.239088197126291063E-16, 0.0000000000000000000 ) ) ;
#7636 = SURFACE_SIDE_STYLE ('',( #4331 ) ) ;
#7637 = DIRECTION ( 'NONE',  ( 0.0000000000000000000, 0.0000000000000000000, 1.000000000000000000 ) ) ;
#7638 = PRESENTATION_STYLE_ASSIGNMENT (( #4333 ) ) ;
#7639 = STYLED_ITEM ( 'NONE', ( #7155 ), #1604 ) ;
#7640 = ORIENTED_EDGE ( 'NONE', *, *, #6810, .T. ) ;
#7641 = CARTESIAN_POINT ( 'NONE',  ( -0.2733187539321501047, 0.1981866362459673014, -0.9899999999999999911 ) ) ;
#7642 = CARTESIAN_POINT ( 'NONE',  ( 0.1711421631714115932, 0.1122959476393398937, -0.9999999999999997780 ) ) ;
#7643 = DIRECTION ( 'NONE',  ( 0.0000000000000000000, 0.0000000000000000000, -1.000000000000000000 ) ) ;
#7644 = ORIENTED_EDGE ( 'NONE', *, *, #3617, .T. ) ;
#7645 = SURFACE_STYLE_FILL_AREA ( #4340 ) ;
#7646 = ORIENTED_EDGE ( 'NONE', *, *, #6338, .F. ) ;
#7647 = FILL_AREA_STYLE ('',( #4344 ) ) ;
#7648 = LINE ( 'NONE', #207, #10330 ) ;
#7649 = FACE_OUTER_BOUND ( 'NONE', #10689, .T. ) ;
#7650 = VERTEX_POINT ( 'NONE', #6460 ) ;
#7651 =( NAMED_UNIT ( * ) SI_UNIT ( $, .STERADIAN. ) SOLID_ANGLE_UNIT ( ) );
#7652 = ADVANCED_FACE ( 'NONE', ( #9735 ), #1622, .T. ) ;
#7653 = CARTESIAN_POINT ( 'NONE',  ( 0.2161409986131329897, 0.05335206417546477231, -1.000000000000000000 ) ) ;
#7654 = PRESENTATION_LAYER_ASSIGNMENT (  '', '', ( #3669 ) ) ;
#7655 = SURFACE_STYLE_USAGE ( .BOTH. , #4357 ) ;
#7656 =( LENGTH_UNIT ( ) NAMED_UNIT ( * ) SI_UNIT ( .MILLI., .METRE. ) );
#7657 = EDGE_LOOP ( 'NONE', ( #4978, #1557, #3513, #8708 ) ) ;
#7658 = CARTESIAN_POINT ( 'NONE',  ( 0.1563510876453729492, 0.1838212442071268382, -0.9899999999999997691 ) ) ;
#7659 = EDGE_CURVE ( 'NONE', #10233, #5024, #3007, .T. ) ;
#7660 = SURFACE_STYLE_FILL_AREA ( #4364 ) ;
#7661 = ORIENTED_EDGE ( 'NONE', *, *, #3092, .F. ) ;
#7662 = CARTESIAN_POINT ( 'NONE',  ( -0.1619077818746719744, 0.2094496251510745422, -0.9899999999999999911 ) ) ;
#7663 = ORIENTED_EDGE ( 'NONE', *, *, #2629, .F. ) ;
#7664 = EDGE_LOOP ( 'NONE', ( #427, #1263, #8104, #782 ) ) ;
#7665 = DIRECTION ( 'NONE',  ( 0.0000000000000000000, 0.0000000000000000000, -1.000000000000000000 ) ) ;
#7666 = EDGE_CURVE ( 'NONE', #3308, #7409, #4408, .T. ) ;
#7667 = FILL_AREA_STYLE_COLOUR ( '', #4807 ) ;
#7668 = SURFACE_STYLE_USAGE ( .BOTH. , #4371 ) ;
#7669 =( GEOMETRIC_REPRESENTATION_CONTEXT ( 3 ) GLOBAL_UNCERTAINTY_ASSIGNED_CONTEXT ( ( #8822 ) ) GLOBAL_UNIT_ASSIGNED_CONTEXT ( ( #4097, #3284, #2450 ) ) REPRESENTATION_CONTEXT ( 'NONE', 'WORKASPACE' ) );
#7670 =( NAMED_UNIT ( * ) PLANE_ANGLE_UNIT ( ) SI_UNIT ( $, .RADIAN. ) );
#7671 = B_SPLINE_SURFACE_WITH_KNOTS ( 'NONE', 2, 1, ( 
 ( #281, #9443 ),
 ( #2012, #5342 ),
 ( #8653, #1203 ) ),
 .UNSPECIFIED., .F., .F., .F.,
 ( 3, 3 ),
 ( 2, 2 ),
 ( 0.0000000000000000000, 1.000000000000000000 ),
 ( 0.0000000000000000000, 1.000000000000000000 ),
 .UNSPECIFIED. ) ;
#7672 = STYLED_ITEM ( 'NONE', ( #5794 ), #9366 ) ;
#7673 = LINE ( 'NONE', #238, #1486 ) ;
#7674 = CARTESIAN_POINT ( 'NONE',  ( -0.6499999999999994671, 2.200000000000000622, -2.000000000000000000 ) ) ;
#7675 = MECHANICAL_DESIGN_GEOMETRIC_PRESENTATION_REPRESENTATION (  '', ( #9054 ), #4917 ) ;
#7676 = CARTESIAN_POINT ( 'NONE',  ( 0.1203185250220432795, 0.2089155538754065289, -0.9899999999999997691 ) ) ;
#7677 = PRESENTATION_LAYER_ASSIGNMENT (  '', '', ( #2992 ) ) ;
#7678 = SURFACE_STYLE_FILL_AREA ( #4377 ) ;
#7679 = ADVANCED_FACE ( 'NONE', ( #9036 ), #8482, .T. ) ;
#7680 = ORIENTED_EDGE ( 'NONE', *, *, #1750, .F. ) ;
#7681 = LINE ( 'NONE', #249, #2660 ) ;
#7682 = AXIS2_PLACEMENT_3D ( 'NONE', #2502, #5831, #9121 ) ;
#7683 = PRESENTATION_LAYER_ASSIGNMENT (  '', '', ( #1613 ) ) ;
#7684 =( GEOMETRIC_REPRESENTATION_CONTEXT ( 3 ) GLOBAL_UNCERTAINTY_ASSIGNED_CONTEXT ( ( #3152 ) ) GLOBAL_UNIT_ASSIGNED_CONTEXT ( ( #8028, #7225, #6415 ) ) REPRESENTATION_CONTEXT ( 'NONE', 'WORKASPACE' ) );
#7685 = CARTESIAN_POINT ( 'NONE',  ( 3.500000000000000444, -3.000000000000000444, -0.5000000000000000000 ) ) ;
#7686 = CARTESIAN_POINT ( 'NONE',  ( -0.3499999999999996447, -1.500000000000000444, -2.000000000000000000 ) ) ;
#7687 =( GEOMETRIC_REPRESENTATION_CONTEXT ( 3 ) GLOBAL_UNCERTAINTY_ASSIGNED_CONTEXT ( ( #4152 ) ) GLOBAL_UNIT_ASSIGNED_CONTEXT ( ( #72, #9983, #9179 ) ) REPRESENTATION_CONTEXT ( 'NONE', 'WORKASPACE' ) );
#7688 = COLOUR_RGB ( '',0.2509803921568627416, 0.2509803921568627416, 0.2509803921568627416 ) ;
#7689 = ORIENTED_EDGE ( 'NONE', *, *, #719, .T. ) ;
#7690 = FACE_OUTER_BOUND ( 'NONE', #6839, .T. ) ;
#7691 = CARTESIAN_POINT ( 'NONE',  ( 0.1477723425472985408, 0.06705195505016224577, -0.9899999999999997691 ) ) ;
#7692 = AXIS2_PLACEMENT_3D ( 'NONE', #8307, #846, #4164 ) ;
#7693 = VERTEX_POINT ( 'NONE', #94 ) ;
#7694 = AXIS2_PLACEMENT_3D ( 'NONE', #4064, #7381, #10655 ) ;
#7695 = SURFACE_STYLE_FILL_AREA ( #4390 ) ;
#7696 = TOROIDAL_SURFACE ( 'NONE', #3009, 0.7000000000000002887, 0.1499999999999999667 ) ;
#7697 = VERTEX_POINT ( 'NONE', #3417 ) ;
#7698 = CARTESIAN_POINT ( 'NONE',  ( -0.04999999999999969746, -1.500000000000000444, -2.000000000000000000 ) ) ;
#7699 =( NAMED_UNIT ( * ) SI_UNIT ( $, .STERADIAN. ) SOLID_ANGLE_UNIT ( ) );
#7700 = DIRECTION ( 'NONE',  ( -1.000000000000000000, -1.239088197126291063E-16, 0.0000000000000000000 ) ) ;
#7701 = STYLED_ITEM ( 'NONE', ( #9963 ), #9957 ) ;
#7702 = AXIS2_PLACEMENT_3D ( 'NONE', #4034, #7342, #10621 ) ;
#7703 = VECTOR ( 'NONE', #4722, 1000.000000000000000 ) ;
#7704 =( NAMED_UNIT ( * ) PLANE_ANGLE_UNIT ( ) SI_UNIT ( $, .RADIAN. ) );
#7705 = VERTEX_POINT ( 'NONE', #6725 ) ;
#7706 =( GEOMETRIC_REPRESENTATION_CONTEXT ( 3 ) GLOBAL_UNCERTAINTY_ASSIGNED_CONTEXT ( ( #5457 ) ) GLOBAL_UNIT_ASSIGNED_CONTEXT ( ( #6572, #5745, #4932 ) ) REPRESENTATION_CONTEXT ( 'NONE', 'WORKASPACE' ) );
#7707 = CARTESIAN_POINT ( 'NONE',  ( -1.750000000000000222, -1.500000000000000000, -2.000000000000000000 ) ) ;
#7708 = CARTESIAN_POINT ( 'NONE',  ( -0.01556631846003775181, 0.05335206417546477231, -1.000000000000000000 ) ) ;
#7709 = COLOUR_RGB ( '',0.9882352941176471006, 0.7372549019607843590, 0.5176470588235293491 ) ;
#7710 = SURFACE_STYLE_USAGE ( .BOTH. , #4402 ) ;
#7711 = AXIS2_PLACEMENT_3D ( 'NONE', #6617, #9891, #2481 ) ;
#7712 = MECHANICAL_DESIGN_GEOMETRIC_PRESENTATION_REPRESENTATION (  '', ( #6346 ), #10456 ) ;
#7713 = AXIS2_PLACEMENT_3D ( 'NONE', #7970, #9169, #1748 ) ;
#7714 = CIRCLE ( 'NONE', #3032, 0.1499999999999999667 ) ;
#7715 = UNCERTAINTY_MEASURE_WITH_UNIT (LENGTH_MEASURE( 1.000000000000000082E-05 ), #7464, 'distance_accuracy_value', 'NONE');
#7716 = AXIS2_PLACEMENT_3D ( 'NONE', #9726, #2302, #5635 ) ;
#7717 = ADVANCED_FACE ( 'NONE', ( #9997 ), #2591, .T. ) ;
#7718 = DIRECTION ( 'NONE',  ( -1.239088197126291063E-16, 1.000000000000000000, 0.0000000000000000000 ) ) ;
#7719 = VECTOR ( 'NONE', #9086, 1000.000000000000000 ) ;
#7720 = FILL_AREA_STYLE ('',( #4414 ) ) ;
#7721 = CIRCLE ( 'NONE', #3041, 0.5500000000000003775 ) ;
#7722 = AXIS2_PLACEMENT_3D ( 'NONE', #10701, #3305, #6612 ) ;
#7723 = DIRECTION ( 'NONE',  ( 1.275531967630004999E-16, -1.000000000000000000, 0.0000000000000000000 ) ) ;
#7724 = LINE ( 'NONE', #284, #8952 ) ;
#7725 = VERTEX_POINT ( 'NONE', #195 ) ;
#7726 = LINE ( 'NONE', #287, #305 ) ;
#7727 = UNCERTAINTY_MEASURE_WITH_UNIT (LENGTH_MEASURE( 1.000000000000000082E-05 ), #5082, 'distance_accuracy_value', 'NONE');
#7728 = SURFACE_STYLE_FILL_AREA ( #4424 ) ;
#7729 = ORIENTED_EDGE ( 'NONE', *, *, #2817, .F. ) ;
#7730 = EDGE_LOOP ( 'NONE', ( #9483, #2870, #5016, #181, #6871, #8968, #3412, #1714, #5185, #157, #4763, #9341 ) ) ;
#7731 = PRESENTATION_STYLE_ASSIGNMENT (( #4428 ) ) ;
#7732 = PRESENTATION_LAYER_ASSIGNMENT (  '', '', ( #1664 ) ) ;
#7733 = STYLED_ITEM ( 'NONE', ( #8930 ), #4505 ) ;
#7734 = EDGE_CURVE ( 'NONE', #7725, #2827, #3512, .T. ) ;
#7735 = FILL_AREA_STYLE ('',( #4432 ) ) ;
#7736 = UNCERTAINTY_MEASURE_WITH_UNIT (LENGTH_MEASURE( 1.000000000000000082E-05 ), #6685, 'distance_accuracy_value', 'NONE');
#7737 = CARTESIAN_POINT ( 'NONE',  ( 3.549999999999999378, 0.7499999999999986677, -3.500000000000000000 ) ) ;
#7738 = LINE ( 'NONE', #297, #2010 ) ;
#7739 = ORIENTED_EDGE ( 'NONE', *, *, #4512, .T. ) ;
#7740 = CARTESIAN_POINT ( 'NONE',  ( -0.4131272940697939267, 0.2314008446632696836, -1.000000000000000000 ) ) ;
#7741 = CIRCLE ( 'NONE', #3059, 0.5500000000000001554 ) ;
#7742 = VECTOR ( 'NONE', #2411, 1000.000000000000000 ) ;
#7743 = TOROIDAL_SURFACE ( 'NONE', #3061, 0.7000000000000002887, 0.1499999999999999667 ) ;
#7744 = DIRECTION ( 'NONE',  ( -1.517445394471977106E-32, 1.224646799147353207E-16, -1.000000000000000000 ) ) ;
#7745 = CARTESIAN_POINT ( 'NONE',  ( 0.1563510876453729492, 0.1838212442071268382, -1.000000000000000000 ) ) ;
#7746 = PRESENTATION_LAYER_ASSIGNMENT (  '', '', ( #1336 ) ) ;
#7747 = CARTESIAN_POINT ( 'NONE',  ( -0.2680406617320496565, 0.1509993965666568960, -0.9899999999999993250 ) ) ;
#7748 = ORIENTED_EDGE ( 'NONE', *, *, #2806, .T. ) ;
#7749 =( LENGTH_UNIT ( ) NAMED_UNIT ( * ) SI_UNIT ( .MILLI., .METRE. ) );
#7750 = PLANE ( 'NONE',  #5130 ) ;
#7751 = PRESENTATION_LAYER_ASSIGNMENT (  '', '', ( #1685 ) ) ;
#7752 = CARTESIAN_POINT ( 'NONE',  ( 0.8500000000000003109, 1.500000000000000444, -2.000000000000000000 ) ) ;
#7753 = CIRCLE ( 'NONE', #3069, 0.5500000000000001554 ) ;
#7754 = TOROIDAL_SURFACE ( 'NONE', #3070, 0.7000000000000002887, 0.1499999999999999667 ) ;
#7755 = FILL_AREA_STYLE_COLOUR ( '', #5612 ) ;
#7756 = SURFACE_STYLE_USAGE ( .BOTH. , #4451 ) ;
#7757 = ORIENTED_EDGE ( 'NONE', *, *, #4415, .T. ) ;
#7758 =( NAMED_UNIT ( * ) PLANE_ANGLE_UNIT ( ) SI_UNIT ( $, .RADIAN. ) );
#7759 = ADVANCED_FACE ( 'NONE', ( #2694 ), #2319, .T. ) ;
#7760 = CARTESIAN_POINT ( 'NONE',  ( 0.1092344317067645565, 0.05110925651368576628, -0.9999999999999997780 ) ) ;
#7761 = FACE_OUTER_BOUND ( 'NONE', #1994, .T. ) ;
#7762 = LINE ( 'NONE', #9621, #591 ) ;
#7763 = CARTESIAN_POINT ( 'NONE',  ( 0.09735288885703542727, 0.2338398690535135604, -1.000000000000000000 ) ) ;
#7764 = COLOUR_RGB ( '',0.7529411764705882248, 0.7529411764705882248, 0.7529411764705882248 ) ;
#7765 = AXIS2_PLACEMENT_3D ( 'NONE', #8045, #599, #3925 ) ;
#7766 = ORIENTED_EDGE ( 'NONE', *, *, #532, .T. ) ;
#7767 = SURFACE_STYLE_USAGE ( .BOTH. , #4462 ) ;
#7768 = FILL_AREA_STYLE_COLOUR ( '', #4628 ) ;
#7769 = PRESENTATION_STYLE_ASSIGNMENT (( #4468 ) ) ;
#7770 = STYLED_ITEM ( 'NONE', ( #7787 ), #6393 ) ;
#7771 = MECHANICAL_DESIGN_GEOMETRIC_PRESENTATION_REPRESENTATION (  '', ( #6400 ), #10509 ) ;
#7772 = AXIS2_PLACEMENT_3D ( 'NONE', #4731, #8033, #583 ) ;
#7773 =( GEOMETRIC_REPRESENTATION_CONTEXT ( 3 ) GLOBAL_UNCERTAINTY_ASSIGNED_CONTEXT ( ( #9527 ) ) GLOBAL_UNIT_ASSIGNED_CONTEXT ( ( #575, #10493, #9684 ) ) REPRESENTATION_CONTEXT ( 'NONE', 'WORKASPACE' ) );
#7774 = DIRECTION ( 'NONE',  ( -1.000000000000000000, 2.409338161078899674E-16, 0.0000000000000000000 ) ) ;
#7775 = CARTESIAN_POINT ( 'NONE',  ( 0.1974552275932500156, 0.1502697430207147189, -1.000000000000000666 ) ) ;
#7776 = ORIENTED_EDGE ( 'NONE', *, *, #7611, .T. ) ;
#7777 = EDGE_CURVE ( 'NONE', #656, #1715, #3730, .T. ) ;
#7778 = FACE_OUTER_BOUND ( 'NONE', #9776, .T. ) ;
#7779 = FILL_AREA_STYLE ('',( #4476 ) ) ;
#7780 = CARTESIAN_POINT ( 'NONE',  ( 1.450000000000000178, -0.8000000000000001554, -2.000000000000000000 ) ) ;
#7781 =( NAMED_UNIT ( * ) PLANE_ANGLE_UNIT ( ) SI_UNIT ( $, .RADIAN. ) );
#7782 = DIRECTION ( 'NONE',  ( 0.0000000000000000000, -0.0000000000000000000, -1.000000000000000000 ) ) ;
#7783 =( NAMED_UNIT ( * ) PLANE_ANGLE_UNIT ( ) SI_UNIT ( $, .RADIAN. ) );
#7784 =( NAMED_UNIT ( * ) SI_UNIT ( $, .STERADIAN. ) SOLID_ANGLE_UNIT ( ) );
#7785 = CARTESIAN_POINT ( 'NONE',  ( -3.499999999999999556, 2.999999999999999556, -3.500000000000000000 ) ) ;
#7786 = ORIENTED_EDGE ( 'NONE', *, *, #5195, .T. ) ;
#7787 = PRESENTATION_STYLE_ASSIGNMENT (( #4488 ) ) ;
#7788 = EDGE_CURVE ( 'NONE', #918, #98, #2794, .T. ) ;
#7789 = ORIENTED_EDGE ( 'NONE', *, *, #7589, .T. ) ;
#7790 = ORIENTED_EDGE ( 'NONE', *, *, #7659, .F. ) ;
#7791 = DIRECTION ( 'NONE',  ( -0.0000000000000000000, -0.0000000000000000000, -1.000000000000000000 ) ) ;
#7792 = DIRECTION ( 'NONE',  ( 1.000000000000000000, 0.0000000000000000000, 0.0000000000000000000 ) ) ;
#7793 =( NAMED_UNIT ( * ) SI_UNIT ( $, .STERADIAN. ) SOLID_ANGLE_UNIT ( ) );
#7794 = DIRECTION ( 'NONE',  ( 4.336808689942017736E-16, 1.000000000000000000, 0.0000000000000000000 ) ) ;
#7795 =( LENGTH_UNIT ( ) NAMED_UNIT ( * ) SI_UNIT ( .MILLI., .METRE. ) );
#7796 = DIRECTION ( 'NONE',  ( 0.0000000000000000000, 0.0000000000000000000, -1.000000000000000000 ) ) ;
#7797 = SURFACE_SIDE_STYLE ('',( #4500 ) ) ;
#7798 = ADVANCED_FACE ( 'NONE', ( #1979 ), #5973, .T. ) ;
#7799 = CARTESIAN_POINT ( 'NONE',  ( 0.1721692966928537738, 0.1323559165103699031, -0.9899999999999999911 ) ) ;
#7800 = FACE_OUTER_BOUND ( 'NONE', #1533, .T. ) ;
#7801 = CARTESIAN_POINT ( 'NONE',  ( -0.2478618671199166457, 0.1904567724635353176, -0.9999999999999997780 ) ) ;
#7802 = ORIENTED_EDGE ( 'NONE', *, *, #6507, .T. ) ;
#7803 = DIRECTION ( 'NONE',  ( -1.239088197126291063E-16, 1.000000000000000000, 0.0000000000000000000 ) ) ;
#7804 = SURFACE_SIDE_STYLE ('',( #4509 ) ) ;
#7805 = CARTESIAN_POINT ( 'NONE',  ( 0.09920609742681094079, 0.05094474789470496839, -1.000000000000000000 ) ) ;
#7806 = STYLED_ITEM ( 'NONE', ( #5035 ), #3444 ) ;
#7807 = ORIENTED_EDGE ( 'NONE', *, *, #4296, .T. ) ;
#7808 = CARTESIAN_POINT ( 'NONE',  ( -0.2129626771372212790, 0.2299385754818580874, -1.000000000000000222 ) ) ;
#7809 = CYLINDRICAL_SURFACE ( 'NONE', #5650, 0.5000000000000000000 ) ;
#7810 =( NAMED_UNIT ( * ) PLANE_ANGLE_UNIT ( ) SI_UNIT ( $, .RADIAN. ) );
#7811 = FACE_OUTER_BOUND ( 'NONE', #5827, .T. ) ;
#7812 = CYLINDRICAL_SURFACE ( 'NONE', #10151, 0.5000000000000000000 ) ;
#7813 = EDGE_CURVE ( 'NONE', #9994, #7416, #5310, .T. ) ;
#7814 = LINE ( 'NONE', #2869, #3452 ) ;
#7815 = EDGE_LOOP ( 'NONE', ( #6596, #2451, #7316, #8475 ) ) ;
#7816 = CARTESIAN_POINT ( 'NONE',  ( 0.1737105313819977404, 0.05591331471808033693, -1.000000000000000222 ) ) ;
#7817 = FILL_AREA_STYLE_COLOUR ( '', #602 ) ;
#7818 = EDGE_CURVE ( 'NONE', #9752, #7283, #2246, .T. ) ;
#7819 = STYLED_ITEM ( 'NONE', ( #5045 ), #1498 ) ;
#7820 = CARTESIAN_POINT ( 'NONE',  ( 0.0000000000000000000, 0.0000000000000000000, 0.0000000000000000000 ) ) ;
#7821 = CARTESIAN_POINT ( 'NONE',  ( 0.1080514266759573239, 0.2335909487751493818, -1.000000000000000222 ) ) ;
#7822 = ORIENTED_EDGE ( 'NONE', *, *, #7520, .T. ) ;
#7823 =( NAMED_UNIT ( * ) PLANE_ANGLE_UNIT ( ) SI_UNIT ( $, .RADIAN. ) );
#7824 =( NAMED_UNIT ( * ) SI_UNIT ( $, .STERADIAN. ) SOLID_ANGLE_UNIT ( ) );
#7825 = PRESENTATION_LAYER_ASSIGNMENT (  '', '', ( #4712 ) ) ;
#7826 = CARTESIAN_POINT ( 'NONE',  ( 3.549999999999998934, -2.250000000000001332, -3.000000000000000000 ) ) ;
#7827 = SURFACE_STYLE_FILL_AREA ( #4525 ) ;
#7828 = UNCERTAINTY_MEASURE_WITH_UNIT (LENGTH_MEASURE( 1.000000000000000082E-05 ), #4054, 'distance_accuracy_value', 'NONE');
#7829 = ADVANCED_FACE ( 'NONE', ( #1430 ), #4751, .F. ) ;
#7830 = LINE ( 'NONE', #6267, #4952 ) ;
#7831 = CARTESIAN_POINT ( 'NONE',  ( 0.1989807231903930884, 0.1315190810315705339, -0.9899999999999997691 ) ) ;
#7832 = DIRECTION ( 'NONE',  ( 0.0000000000000000000, 1.000000000000000000, 0.0000000000000000000 ) ) ;
#7833 = CARTESIAN_POINT ( 'NONE',  ( -0.3997613405873458037, 0.2054731259666319199, -0.9900000000000002132 ) ) ;
#7834 = CARTESIAN_POINT ( 'NONE',  ( -3.550000000000000711, -2.250000000000000444, -3.000000000000000000 ) ) ;
#7835 = DIRECTION ( 'NONE',  ( -1.000000000000000000, 1.239088197126291063E-16, 0.0000000000000000000 ) ) ;
#7836 =( LENGTH_UNIT ( ) NAMED_UNIT ( * ) SI_UNIT ( .MILLI., .METRE. ) );
#7837 = ORIENTED_EDGE ( 'NONE', *, *, #9072, .F. ) ;
#7838 = CARTESIAN_POINT ( 'NONE',  ( -3.682907857171536126, 1.499999999999999556, -3.000000000000000000 ) ) ;
#7839 = UNCERTAINTY_MEASURE_WITH_UNIT (LENGTH_MEASURE( 1.000000000000000082E-05 ), #1337, 'distance_accuracy_value', 'NONE');
#7840 = CARTESIAN_POINT ( 'NONE',  ( -0.2960541233380866166, 0.1339160885657086908, -1.000000000000000000 ) ) ;
#7841 = ORIENTED_EDGE ( 'NONE', *, *, #3980, .T. ) ;
#7842 = ORIENTED_EDGE ( 'NONE', *, *, #9720, .T. ) ;
#7843 = UNCERTAINTY_MEASURE_WITH_UNIT (LENGTH_MEASURE( 1.000000000000000082E-05 ), #8150, 'distance_accuracy_value', 'NONE');
#7844 = CARTESIAN_POINT ( 'NONE',  ( -0.09605412333808657777, 0.03140084466326965168, -1.000000000000000000 ) ) ;
#7845 = LINE ( 'NONE', #395, #8953 ) ;
#7846 = STYLED_ITEM ( 'NONE', ( #9485 ), #96 ) ;
#7847 = DIRECTION ( 'NONE',  ( -1.000000000000000000, -1.239088197126291063E-16, 0.0000000000000000000 ) ) ;
#7848 =( NAMED_UNIT ( * ) PLANE_ANGLE_UNIT ( ) SI_UNIT ( $, .RADIAN. ) );
#7849 = CARTESIAN_POINT ( 'NONE',  ( -0.1998098234363151204, 0.2092766779854143833, -0.9900000000000002132 ) ) ;
#7850 = ORIENTED_EDGE ( 'NONE', *, *, #969, .T. ) ;
#7851 = CARTESIAN_POINT ( 'NONE',  ( -0.01556631846003775181, 0.1216447471022940596, -0.9899999999999999911 ) ) ;
#7852 = SURFACE_STYLE_FILL_AREA ( #4552 ) ;
#7853 = SURFACE_STYLE_FILL_AREA ( #4553 ) ;
#7854 = CARTESIAN_POINT ( 'NONE',  ( -0.3994840013868670714, 0.2070106007608306375, -0.9899999999999999911 ) ) ;
#7855 = DIRECTION ( 'NONE',  ( 0.0000000000000000000, -1.000000000000000000, 0.0000000000000000000 ) ) ;
#7856 = EDGE_CURVE ( 'NONE', #8120, #10628, #9597, .T. ) ;
#7857 = ORIENTED_EDGE ( 'NONE', *, *, #6380, .F. ) ;
#7858 = CARTESIAN_POINT ( 'NONE',  ( -0.2733187539321501047, 0.1981866362459673014, -0.9899999999999999911 ) ) ;
#7859 = DIRECTION ( 'NONE',  ( 0.0000000000000000000, 1.000000000000000000, 0.0000000000000000000 ) ) ;
#7860 =( NAMED_UNIT ( * ) PLANE_ANGLE_UNIT ( ) SI_UNIT ( $, .RADIAN. ) );
#7861 = DIRECTION ( 'NONE',  ( 0.0000000000000000000, 1.000000000000000000, 0.0000000000000000000 ) ) ;
#7862 = VERTEX_POINT ( 'NONE', #1537 ) ;
#7863 = COLOUR_RGB ( '',0.2509803921568627416, 0.2509803921568627416, 0.2509803921568627416 ) ;
#7864 = CARTESIAN_POINT ( 'NONE',  ( 0.1988829932977914106, 0.1169113263388524837, -0.9899999999999999911 ) ) ;
#7865 = CIRCLE ( 'NONE', #7343, 0.1499999999999999667 ) ;
#7866 = DIRECTION ( 'NONE',  ( -0.0000000000000000000, -0.0000000000000000000, -1.000000000000000000 ) ) ;
#7867 = STYLED_ITEM ( 'NONE', ( #1745 ), #347 ) ;
#7868 = CARTESIAN_POINT ( 'NONE',  ( -0.3956349160210134719, 0.1929862105169281861, -0.9899999999999999911 ) ) ;
#7869 = EDGE_CURVE ( 'NONE', #10609, #5024, #245, .T. ) ;
#7870 = DIRECTION ( 'NONE',  ( 1.000000000000000000, -0.0000000000000000000, 0.0000000000000000000 ) ) ;
#7871 = FILL_AREA_STYLE_COLOUR ( '', #1904 ) ;
#7872 = VECTOR ( 'NONE', #8794, 1000.000000000000000 ) ;
#7873 = ORIENTED_EDGE ( 'NONE', *, *, #2823, .T. ) ;
#7874 = STYLED_ITEM ( 'NONE', ( #2011 ), #3614 ) ;
#7875 = CARTESIAN_POINT ( 'NONE',  ( -3.550000000000000266, 0.7499999999999995559, -3.000000000000000000 ) ) ;
#7876 =( GEOMETRIC_REPRESENTATION_CONTEXT ( 3 ) GLOBAL_UNCERTAINTY_ASSIGNED_CONTEXT ( ( #8164 ) ) GLOBAL_UNIT_ASSIGNED_CONTEXT ( ( #5142, #4327, #3506 ) ) REPRESENTATION_CONTEXT ( 'NONE', 'WORKASPACE' ) );
#7877 = FILL_AREA_STYLE ('',( #4575 ) ) ;
#7878 =( LENGTH_UNIT ( ) NAMED_UNIT ( * ) SI_UNIT ( .MILLI., .METRE. ) );
#7879 = CLOSED_SHELL ( 'NONE', ( #3582, #7429, #7144, #7231 ) ) ;
#7880 = EDGE_CURVE ( 'NONE', #61, #7591, #1635, .T. ) ;
#7881 = PRESENTATION_LAYER_ASSIGNMENT (  '', '', ( #3187 ) ) ;
#7882 = ORIENTED_EDGE ( 'NONE', *, *, #7869, .T. ) ;
#7883 = DIRECTION ( 'NONE',  ( 0.0000000000000000000, 1.000000000000000000, 5.689178983263950749E-13 ) ) ;
#7884 = MECHANICAL_DESIGN_GEOMETRIC_PRESENTATION_REPRESENTATION (  '', ( #6494 ), #10615 ) ;
#7885 = STYLED_ITEM ( 'NONE', ( #5250 ), #3784 ) ;
#7886 = AXIS2_PLACEMENT_3D ( 'NONE', #9871, #2456, #5779 ) ;
#7887 = DIRECTION ( 'NONE',  ( 1.275531967630004999E-16, -1.000000000000000000, 0.0000000000000000000 ) ) ;
#7888 = AXIS2_PLACEMENT_3D ( 'NONE', #7469, #23, #3337 ) ;
#7889 = CARTESIAN_POINT ( 'NONE',  ( 0.1283297090570267862, 0.2299065827993552746, -0.9900000000000004352 ) ) ;
#7890 = STYLED_ITEM ( 'NONE', ( #4182 ), #3115 ) ;
#7891 = PRESENTATION_STYLE_ASSIGNMENT (( #4586 ) ) ;
#7892 = SURFACE_STYLE_USAGE ( .BOTH. , #4588 ) ;
#7893 = VECTOR ( 'NONE', #2930, 1000.000000000000000 ) ;
#7894 = EDGE_CURVE ( 'NONE', #9686, #1415, #3020, .T. ) ;
#7895 = COLOUR_RGB ( '',0.9882352941176471006, 0.7372549019607843590, 0.5176470588235293491 ) ;
#7896 = AXIS2_PLACEMENT_3D ( 'NONE', #5567, #8861, #1427 ) ;
#7897 = LINE ( 'NONE', #447, #6995 ) ;
#7898 = ORIENTED_EDGE ( 'NONE', *, *, #5702, .T. ) ;
#7899 = FILL_AREA_STYLE ('',( #4593 ) ) ;
#7900 = VERTEX_POINT ( 'NONE', #2407 ) ;
#7901 = EDGE_LOOP ( 'NONE', ( #2244, #7914, #1754, #5067 ) ) ;
#7902 = AXIS2_PLACEMENT_3D ( 'NONE', #900, #4211, #7524 ) ;
#7903 = DIRECTION ( 'NONE',  ( 0.0000000000000000000, -1.000000000000000000, 0.0000000000000000000 ) ) ;
#7904 = AXIS2_PLACEMENT_3D ( 'NONE', #3900, #7221, #10489 ) ;
#7905 = DIRECTION ( 'NONE',  ( -1.000000000000000000, 0.0000000000000000000, 0.0000000000000000000 ) ) ;
#7906 = TOROIDAL_SURFACE ( 'NONE', #3215, 0.7000000000000002887, 0.1499999999999999667 ) ;
#7907 = DIRECTION ( 'NONE',  ( -0.0000000000000000000, -0.0000000000000000000, -1.000000000000000000 ) ) ;
#7908 = DIRECTION ( 'NONE',  ( 0.0000000000000000000, -1.000000000000000000, 0.0000000000000000000 ) ) ;
#7909 = MANIFOLD_SOLID_BREP ( '镜向1[7]', #1796 ) ;
#7910 = MECHANICAL_DESIGN_GEOMETRIC_PRESENTATION_REPRESENTATION (  '', ( #6523 ), #10647 ) ;
#7911 = DIRECTION ( 'NONE',  ( 0.0000000000000000000, -1.000000000000000000, 0.0000000000000000000 ) ) ;
#7912 = CARTESIAN_POINT ( 'NONE',  ( -0.3499999999999996447, 1.500000000000000444, -2.000000000000000000 ) ) ;
#7913 = FILL_AREA_STYLE ('',( #4614 ) ) ;
#7914 = ORIENTED_EDGE ( 'NONE', *, *, #3681, .F. ) ;
#7915 = TOROIDAL_SURFACE ( 'NONE', #1837, 0.7000000000000002887, 0.1499999999999999667 ) ;
#7916 = SURFACE_STYLE_FILL_AREA ( #4621 ) ;
#7917 = CIRCLE ( 'NONE', #3230, 0.1499999999999999667 ) ;
#7918 = COLOUR_RGB ( '',0.9882352941176471006, 0.7372549019607843590, 0.5176470588235293491 ) ;
#7919 = ORIENTED_EDGE ( 'NONE', *, *, #8585, .T. ) ;
#7920 = CARTESIAN_POINT ( 'NONE',  ( -0.2958181851004157981, 0.1446304887311025689, -1.000000000000000000 ) ) ;
#7921 = UNCERTAINTY_MEASURE_WITH_UNIT (LENGTH_MEASURE( 1.000000000000000082E-05 ), #10556, 'distance_accuracy_value', 'NONE');
#7922 = SURFACE_STYLE_FILL_AREA ( #4627 ) ;
#7923 = SURFACE_STYLE_FILL_AREA ( #4629 ) ;
#7924 = AXIS2_PLACEMENT_3D ( 'NONE', #3952, #7261, #10531 ) ;
#7925 = CARTESIAN_POINT ( 'NONE',  ( 3.500000000000000000, 0.7499999999999984457, -3.500000000000000000 ) ) ;
#7926 = SURFACE_STYLE_FILL_AREA ( #4631 ) ;
#7927 = ADVANCED_FACE ( 'NONE', ( #4149 ), #4777, .T. ) ;
#7928 = VERTEX_POINT ( 'NONE', #5727 ) ;
#7929 = DIRECTION ( 'NONE',  ( -1.000000000000000000, -1.239088197126291063E-16, 0.0000000000000000000 ) ) ;
#7930 = EDGE_CURVE ( 'NONE', #8029, #7650, #5060, .T. ) ;
#7931 = SURFACE_SIDE_STYLE ('',( #4635 ) ) ;
#7932 = PRESENTATION_LAYER_ASSIGNMENT (  '', '', ( #1851 ) ) ;
#7933 = VECTOR ( 'NONE', #559, 1000.000000000000000 ) ;
#7934 = PRESENTATION_STYLE_ASSIGNMENT (( #4636 ) ) ;
#7935 = MANIFOLD_SOLID_BREP ( '凸台-拉伸3[3]', #1454 ) ;
#7936 = DIRECTION ( 'NONE',  ( -1.000000000000000000, 1.204669080539449590E-16, -0.0000000000000000000 ) ) ;
#7937 = VECTOR ( 'NONE', #385, 1000.000000000000000 ) ;
#7938 = SURFACE_SIDE_STYLE ('',( #4640 ) ) ;
#7939 = VECTOR ( 'NONE', #8654, 1000.000000000000000 ) ;
#7940 = ORIENTED_EDGE ( 'NONE', *, *, #7546, .T. ) ;
#7941 = DIRECTION ( 'NONE',  ( -0.0000000000000000000, 0.0000000000000000000, -1.000000000000000000 ) ) ;
#7942 =( NAMED_UNIT ( * ) SI_UNIT ( $, .STERADIAN. ) SOLID_ANGLE_UNIT ( ) );
#7943 = DIRECTION ( 'NONE',  ( -1.239088197126291063E-16, -1.000000000000000000, 0.0000000000000000000 ) ) ;
#7944 = FACE_OUTER_BOUND ( 'NONE', #5121, .T. ) ;
#7945 = VERTEX_POINT ( 'NONE', #2659 ) ;
#7946 = EDGE_CURVE ( 'NONE', #2205, #7725, #4252, .T. ) ;
#7947 = UNCERTAINTY_MEASURE_WITH_UNIT (LENGTH_MEASURE( 1.000000000000000082E-05 ), #9236, 'distance_accuracy_value', 'NONE');
#7948 = MECHANICAL_DESIGN_GEOMETRIC_PRESENTATION_REPRESENTATION (  '', ( #6558 ), #10679 ) ;
#7949 = VECTOR ( 'NONE', #1134, 1000.000000000000000 ) ;
#7950 = PRESENTATION_LAYER_ASSIGNMENT (  '', '', ( #1866 ) ) ;
#7951 = SURFACE_STYLE_USAGE ( .BOTH. , #4650 ) ;
#7952 = FACE_OUTER_BOUND ( 'NONE', #9863, .T. ) ;
#7953 = FILL_AREA_STYLE ('',( #4654 ) ) ;
#7954 = MANIFOLD_SOLID_BREP ( '镜向1[9]', #579 ) ;
#7955 = ORIENTED_EDGE ( 'NONE', *, *, #10449, .F. ) ;
#7956 = DIRECTION ( 'NONE',  ( -1.000000000000000000, -1.239088197126291063E-16, 0.0000000000000000000 ) ) ;
#7957 = AXIS2_PLACEMENT_3D ( 'NONE', #5877, #9160, #1738 ) ;
#7958 = DIRECTION ( 'NONE',  ( 0.0000000000000000000, 1.000000000000000000, 0.0000000000000000000 ) ) ;
#7959 =( LENGTH_UNIT ( ) NAMED_UNIT ( * ) SI_UNIT ( .MILLI., .METRE. ) );
#7960 = ORIENTED_EDGE ( 'NONE', *, *, #1384, .T. ) ;
#7961 =( NAMED_UNIT ( * ) SI_UNIT ( $, .STERADIAN. ) SOLID_ANGLE_UNIT ( ) );
#7962 = ADVANCED_FACE ( 'NONE', ( #277 ), #2679, .T. ) ;
#7963 = UNCERTAINTY_MEASURE_WITH_UNIT (LENGTH_MEASURE( 1.000000000000000082E-05 ), #3259, 'distance_accuracy_value', 'NONE');
#7964 = DIRECTION ( 'NONE',  ( 0.0000000000000000000, -1.000000000000000000, 0.0000000000000000000 ) ) ;
#7965 = ORIENTED_EDGE ( 'NONE', *, *, #2946, .F. ) ;
#7966 = ORIENTED_EDGE ( 'NONE', *, *, #2935, .T. ) ;
#7967 = CARTESIAN_POINT ( 'NONE',  ( 0.1574014321776503189, 0.07751575732157002518, -1.000000000000000000 ) ) ;
#7968 = EDGE_CURVE ( 'NONE', #137, #8720, #1859, .T. ) ;
#7969 = UNCERTAINTY_MEASURE_WITH_UNIT (LENGTH_MEASURE( 1.000000000000000082E-05 ), #1915, 'distance_accuracy_value', 'NONE');
#7970 = CARTESIAN_POINT ( 'NONE',  ( 0.8500000000000003109, -1.500000000000000444, -2.000000000000000000 ) ) ;
#7971 = MANIFOLD_SOLID_BREP ( '镜向1[10]', #4564 ) ;
#7972 = DIRECTION ( 'NONE',  ( 1.445602896647339163E-16, 1.000000000000000000, -0.0000000000000000000 ) ) ;
#7973 = ORIENTED_EDGE ( 'NONE', *, *, #7326, .T. ) ;
#7974 =( NAMED_UNIT ( * ) SI_UNIT ( $, .STERADIAN. ) SOLID_ANGLE_UNIT ( ) );
#7975 = ORIENTED_EDGE ( 'NONE', *, *, #2793, .T. ) ;
#7976 = DIRECTION ( 'NONE',  ( -0.0000000000000000000, 0.0000000000000000000, -1.000000000000000000 ) ) ;
#7977 = EDGE_CURVE ( 'NONE', #6936, #2558, #7830, .T. ) ;
#7978 = SURFACE_STYLE_USAGE ( .BOTH. , #4676 ) ;
#7979 = DIRECTION ( 'NONE',  ( -1.000000000000000000, 0.0000000000000000000, 0.0000000000000000000 ) ) ;
#7980 = ORIENTED_EDGE ( 'NONE', *, *, #110, .T. ) ;
#7981 = SURFACE_STYLE_FILL_AREA ( #4680 ) ;
#7982 = DIRECTION ( 'NONE',  ( -0.0000000000000000000, -0.0000000000000000000, 1.000000000000000000 ) ) ;
#7983 = DIRECTION ( 'NONE',  ( 1.000000000000000000, 0.0000000000000000000, 0.0000000000000000000 ) ) ;
#7984 = EDGE_LOOP ( 'NONE', ( #4737, #1546, #2335, #2988, #4550, #9131 ) ) ;
#7985 = CARTESIAN_POINT ( 'NONE',  ( 3.500000000000000444, 2.999999999999999556, -0.09999999999999999167 ) ) ;
#7986 = DIRECTION ( 'NONE',  ( -1.000000000000000000, -1.239088197126291063E-16, 0.0000000000000000000 ) ) ;
#7987 = MANIFOLD_SOLID_BREP ( '凸台-拉伸3[1]', #10608 ) ;
#7988 = DIRECTION ( 'NONE',  ( -1.000000000000000000, 1.239088197126291063E-16, 0.0000000000000000000 ) ) ;
#7989 = FILL_AREA_STYLE_COLOUR ( '', #2875 ) ;
#7990 = DIRECTION ( 'NONE',  ( 0.0000000000000000000, 1.000000000000000000, 0.0000000000000000000 ) ) ;
#7991 = CARTESIAN_POINT ( 'NONE',  ( 0.07143022947521551758, 0.2319065122094802756, -0.9899999999999999911 ) ) ;
#7992 = PLANE ( 'NONE',  #2554 ) ;
#7993 =( NAMED_UNIT ( * ) PLANE_ANGLE_UNIT ( ) SI_UNIT ( $, .RADIAN. ) );
#7994 = ORIENTED_EDGE ( 'NONE', *, *, #7241, .T. ) ;
#7995 = STYLED_ITEM ( 'NONE', ( #2928 ), #1358 ) ;
#7996 =( NAMED_UNIT ( * ) PLANE_ANGLE_UNIT ( ) SI_UNIT ( $, .RADIAN. ) );
#7997 = CARTESIAN_POINT ( 'NONE',  ( -0.3499999999999995337, -2.200000000000000622, -2.000000000000000000 ) ) ;
#7998 = EDGE_CURVE ( 'NONE', #6213, #9262, #5820, .T. ) ;
#7999 = MANIFOLD_SOLID_BREP ( '圆角2', #1073 ) ;
#8000 = ORIENTED_EDGE ( 'NONE', *, *, #5270, .F. ) ;
#8001 = AXIS2_PLACEMENT_3D ( 'NONE', #8135, #678, #4002 ) ;
#8002 = CARTESIAN_POINT ( 'NONE',  ( 1.749999999999999112, -2.250000000000000888, -3.000000000000000000 ) ) ;
#8003 = LINE ( 'NONE', #548, #819 ) ;
#8004 = SURFACE_SIDE_STYLE ('',( #4701 ) ) ;
#8005 = CARTESIAN_POINT ( 'NONE',  ( 0.09444418172799243227, 0.05100726801295259877, -0.9899999999999999911 ) ) ;
#8006 = VERTEX_POINT ( 'NONE', #5600 ) ;
#8007 = EDGE_LOOP ( 'NONE', ( #697, #4977, #5762, #9706 ) ) ;
#8008 = ORIENTED_EDGE ( 'NONE', *, *, #902, .T. ) ;
#8009 = FACE_OUTER_BOUND ( 'NONE', #10164, .T. ) ;
#8010 = FILL_AREA_STYLE ('',( #4709 ) ) ;
#8011 = CARTESIAN_POINT ( 'NONE',  ( -3.500000000000000000, 0.7499999999999993339, -3.500000000000000000 ) ) ;
#8012 = ADVANCED_FACE ( 'NONE', ( #8893 ), #7180, .T. ) ;
#8013 = CARTESIAN_POINT ( 'NONE',  ( -9.035018104045881788E-17, -0.7500000000000006661, -3.500000000000000000 ) ) ;
#8014 =( LENGTH_UNIT ( ) NAMED_UNIT ( * ) SI_UNIT ( .MILLI., .METRE. ) );
#8015 = MANIFOLD_SOLID_BREP ( '镜向1[3]', #8225 ) ;
#8016 = CARTESIAN_POINT ( 'NONE',  ( -0.3499999999999996447, 1.500000000000000444, -2.000000000000000000 ) ) ;
#8017 = EDGE_CURVE ( 'NONE', #3039, #2524, #4953, .T. ) ;
#8018 = PRESENTATION_STYLE_ASSIGNMENT (( #4714 ) ) ;
#8019 = VERTEX_POINT ( 'NONE', #6524 ) ;
#8020 = PLANE ( 'NONE',  #1465 ) ;
#8021 = ORIENTED_EDGE ( 'NONE', *, *, #2963, .T. ) ;
#8022 = FILL_AREA_STYLE ('',( #4720 ) ) ;
#8023 = CARTESIAN_POINT ( 'NONE',  ( 0.2500000000000004441, 1.500000000000000444, -2.000000000000000000 ) ) ;
#8024 = FACE_OUTER_BOUND ( 'NONE', #7451, .T. ) ;
#8025 = FACE_OUTER_BOUND ( 'NONE', #2739, .T. ) ;
#8026 = PRESENTATION_STYLE_ASSIGNMENT (( #4726 ) ) ;
#8027 = ADVANCED_FACE ( 'NONE', ( #4139 ), #9270, .T. ) ;
#8028 =( LENGTH_UNIT ( ) NAMED_UNIT ( * ) SI_UNIT ( .MILLI., .METRE. ) );
#8029 = VERTEX_POINT ( 'NONE', #7446 ) ;
#8030 = MANIFOLD_SOLID_BREP ( '阵列(线性)3[1]', #3151 ) ;
#8031 = PRESENTATION_STYLE_ASSIGNMENT (( #4730 ) ) ;
#8032 = STYLED_ITEM ( 'NONE', ( #4814 ), #880 ) ;
#8033 = DIRECTION ( 'NONE',  ( -1.000000000000000000, 1.239088197126291063E-16, 0.0000000000000000000 ) ) ;
#8034 = CARTESIAN_POINT ( 'NONE',  ( 0.8500000000000003109, 0.9500000000000000666, -2.000000000000000000 ) ) ;
#8035 = CARTESIAN_POINT ( 'NONE',  ( -3.550000000000000266, -0.7500000000000002220, -3.500000000000000000 ) ) ;
#8036 = DIRECTION ( 'NONE',  ( -1.000000000000000000, 1.239088197126291063E-16, 0.0000000000000000000 ) ) ;
#8037 = AXIS2_PLACEMENT_3D ( 'NONE', #6914, #10183, #2772 ) ;
#8038 = LINE ( 'NONE', #590, #10094 ) ;
#8039 = ORIENTED_EDGE ( 'NONE', *, *, #1168, .T. ) ;
#8040 = UNCERTAINTY_MEASURE_WITH_UNIT (LENGTH_MEASURE( 1.000000000000000082E-05 ), #2583, 'distance_accuracy_value', 'NONE');
#8041 =( GEOMETRIC_REPRESENTATION_CONTEXT ( 3 ) GLOBAL_UNCERTAINTY_ASSIGNED_CONTEXT ( ( #435 ) ) GLOBAL_UNIT_ASSIGNED_CONTEXT ( ( #8437, #7607, #6788 ) ) REPRESENTATION_CONTEXT ( 'NONE', 'WORKASPACE' ) );
#8042 = DIRECTION ( 'NONE',  ( -0.0000000000000000000, -0.0000000000000000000, -1.000000000000000000 ) ) ;
#8043 = AXIS2_PLACEMENT_3D ( 'NONE', #1495, #4819, #8125 ) ;
#8044 = MECHANICAL_DESIGN_GEOMETRIC_PRESENTATION_REPRESENTATION (  '', ( #6649 ), #57 ) ;
#8045 = CARTESIAN_POINT ( 'NONE',  ( -1.750000000000000222, -1.500000000000000000, -2.000000000000000000 ) ) ;
#8046 = MANIFOLD_SOLID_BREP ( '阵列(线性)3[3]', #3721 ) ;
#8047 = PRESENTATION_LAYER_ASSIGNMENT (  '', '', ( #8897 ) ) ;
#8048 = ORIENTED_EDGE ( 'NONE', *, *, #6880, .T. ) ;
#8049 = AXIS2_PLACEMENT_3D ( 'NONE', #3246, #6568, #9840 ) ;
#8050 = DIRECTION ( 'NONE',  ( -0.0000000000000000000, 1.000000000000000000, 0.0000000000000000000 ) ) ;
#8051 = CARTESIAN_POINT ( 'NONE',  ( 0.05581854834929898812, 0.06060248027890945827, -1.000000000000000222 ) ) ;
#8052 = EDGE_LOOP ( 'NONE', ( #4366, #9078, #6591, #6235 ) ) ;
#8053 = MECHANICAL_DESIGN_GEOMETRIC_PRESENTATION_REPRESENTATION (  '', ( #6659 ), #65 ) ;
#8054 = COLOUR_RGB ( '',0.9882352941176471006, 0.7372549019607843590, 0.5176470588235293491 ) ;
#8055 = UNCERTAINTY_MEASURE_WITH_UNIT (LENGTH_MEASURE( 1.000000000000000082E-05 ), #6701, 'distance_accuracy_value', 'NONE');
#8056 = FILL_AREA_STYLE_COLOUR ( '', #3203 ) ;
#8057 = VERTEX_POINT ( 'NONE', #8366 ) ;
#8058 = EDGE_CURVE ( 'NONE', #5921, #5599, #6780, .T. ) ;
#8059 = PRESENTATION_LAYER_ASSIGNMENT (  '', '', ( #1971 ) ) ;
#8060 =( NAMED_UNIT ( * ) PLANE_ANGLE_UNIT ( ) SI_UNIT ( $, .RADIAN. ) );
#8061 = FILL_AREA_STYLE_COLOUR ( '', #8750 ) ;
#8062 =( NAMED_UNIT ( * ) SI_UNIT ( $, .STERADIAN. ) SOLID_ANGLE_UNIT ( ) );
#8063 = UNCERTAINTY_MEASURE_WITH_UNIT (LENGTH_MEASURE( 1.000000000000000082E-05 ), #7656, 'distance_accuracy_value', 'NONE');
#8064 = SURFACE_STYLE_USAGE ( .BOTH. , #4755 ) ;
#8065 = VECTOR ( 'NONE', #1548, 1000.000000000000000 ) ;
#8066 = AXIS2_PLACEMENT_3D ( 'NONE', #9456, #2022, #5352 ) ;
#8067 = AXIS2_PLACEMENT_3D ( 'NONE', #4439, #7744, #303 ) ;
#8068 = FACE_OUTER_BOUND ( 'NONE', #4846, .T. ) ;
#8069 = VERTEX_POINT ( 'NONE', #1072 ) ;
#8070 = CIRCLE ( 'NONE', #3385, 0.5500000000000001554 ) ;
#8071 = EDGE_CURVE ( 'NONE', #10233, #5849, #6357, .T. ) ;
#8072 = STYLED_ITEM ( 'NONE', ( #7284 ), #8012 ) ;
#8073 = MECHANICAL_DESIGN_GEOMETRIC_PRESENTATION_REPRESENTATION (  '', ( #6681 ), #87 ) ;
#8074 = AXIS2_PLACEMENT_3D ( 'NONE', #5112, #8439, #993 ) ;
#8075 = VERTEX_POINT ( 'NONE', #3592 ) ;
#8076 = DIRECTION ( 'NONE',  ( -1.000000000000000000, 0.0000000000000000000, 0.0000000000000000000 ) ) ;
#8077 =( NAMED_UNIT ( * ) SI_UNIT ( $, .STERADIAN. ) SOLID_ANGLE_UNIT ( ) );
#8078 = CARTESIAN_POINT ( 'NONE',  ( -1.549999999999999600, -1.500000000000000444, -2.000000000000000000 ) ) ;
#8079 = VECTOR ( 'NONE', #1821, 1000.000000000000000 ) ;
#8080 = PRESENTATION_STYLE_ASSIGNMENT (( #4771 ) ) ;
#8081 = STYLED_ITEM ( 'NONE', ( #2105 ), #8190 ) ;
#8082 = FILL_AREA_STYLE_COLOUR ( '', #10635 ) ;
#8083 =( NAMED_UNIT ( * ) PLANE_ANGLE_UNIT ( ) SI_UNIT ( $, .RADIAN. ) );
#8084 = DIRECTION ( 'NONE',  ( -1.000000000000000000, -1.239088197126291063E-16, 0.0000000000000000000 ) ) ;
#8085 = CARTESIAN_POINT ( 'NONE',  ( 0.0000000000000000000, 0.0000000000000000000, -0.9899999999999999911 ) ) ;
#8086 = DIRECTION ( 'NONE',  ( -1.000000000000000000, -1.239088197126291063E-16, 0.0000000000000000000 ) ) ;
#8087 = CARTESIAN_POINT ( 'NONE',  ( -1.549999999999999600, -2.050000000000000711, -2.000000000000000000 ) ) ;
#8088 = MECHANICAL_DESIGN_GEOMETRIC_PRESENTATION_REPRESENTATION (  '', ( #9454 ), #5309 ) ;
#8089 = CARTESIAN_POINT ( 'NONE',  ( -1.549999999999999600, -1.500000000000000444, -2.000000000000000000 ) ) ;
#8090 = ORIENTED_EDGE ( 'NONE', *, *, #10652, .T. ) ;
#8091 = DIRECTION ( 'NONE',  ( -1.084202172485504434E-16, -1.000000000000000000, 0.0000000000000000000 ) ) ;
#8092 = CARTESIAN_POINT ( 'NONE',  ( 0.0000000000000000000, 0.0000000000000000000, -0.9899999999999999911 ) ) ;
#8093 = AXIS2_PLACEMENT_3D ( 'NONE', #7685, #250, #3576 ) ;
#8094 = CIRCLE ( 'NONE', #3404, 0.5500000000000001554 ) ;
#8095 = PLANE ( 'NONE',  #10646 ) ;
#8096 = EDGE_CURVE ( 'NONE', #9004, #1886, #7721, .T. ) ;
#8097 = MECHANICAL_DESIGN_GEOMETRIC_PRESENTATION_REPRESENTATION (  '', ( #9466 ), #5316 ) ;
#8098 = DIRECTION ( 'NONE',  ( -1.000000000000000000, 0.0000000000000000000, 0.0000000000000000000 ) ) ;
#8099 = DIRECTION ( 'NONE',  ( -1.000000000000000000, 1.239088197126291063E-16, 0.0000000000000000000 ) ) ;
#8100 = CIRCLE ( 'NONE', #3415, 0.5500000000000001554 ) ;
#8101 = CARTESIAN_POINT ( 'NONE',  ( 0.1696319143227572324, 0.1044146032704059007, -0.9899999999999999911 ) ) ;
#8102 = COLOUR_RGB ( '',1.000000000000000000, 1.000000000000000000, 1.000000000000000000 ) ;
#8103 = CARTESIAN_POINT ( 'NONE',  ( -0.2586387919931140700, 0.05276234645670267037, -0.9899999999999999911 ) ) ;
#8104 = ORIENTED_EDGE ( 'NONE', *, *, #10097, .T. ) ;
#8105 = AXIS2_PLACEMENT_3D ( 'NONE', #9476, #2039, #5364 ) ;
#8106 = SURFACE_STYLE_FILL_AREA ( #4797 ) ;
#8107 = CIRCLE ( 'NONE', #3424, 0.8500000000000003109 ) ;
#8108 = MECHANICAL_DESIGN_GEOMETRIC_PRESENTATION_REPRESENTATION (  '', ( #6713 ), #124 ) ;
#8109 = AXIS2_PLACEMENT_3D ( 'NONE', #6748, #10017, #2616 ) ;
#8110 = SURFACE_STYLE_USAGE ( .BOTH. , #4799 ) ;
#8111 = ADVANCED_FACE ( 'NONE', ( #6087 ), #9368, .F. ) ;
#8112 =( LENGTH_UNIT ( ) NAMED_UNIT ( * ) SI_UNIT ( .MILLI., .METRE. ) );
#8113 = ORIENTED_EDGE ( 'NONE', *, *, #2775, .T. ) ;
#8114 = DIRECTION ( 'NONE',  ( -1.000000000000000000, -1.239088197126291063E-16, 0.0000000000000000000 ) ) ;
#8115 = CARTESIAN_POINT ( 'NONE',  ( -0.3499999999999996447, -1.500000000000000444, -2.000000000000000000 ) ) ;
#8116 = ORIENTED_EDGE ( 'NONE', *, *, #2501, .F. ) ;
#8117 = MECHANICAL_DESIGN_GEOMETRIC_PRESENTATION_REPRESENTATION (  '', ( #6718 ), #131 ) ;
#8118 = VECTOR ( 'NONE', #9852, 1000.000000000000000 ) ;
#8119 = VECTOR ( 'NONE', #4086, 1000.000000000000000 ) ;
#8120 = VERTEX_POINT ( 'NONE', #7002 ) ;
#8121 = FILL_AREA_STYLE ('',( #4813 ) ) ;
#8122 =( GEOMETRIC_REPRESENTATION_CONTEXT ( 3 ) GLOBAL_UNCERTAINTY_ASSIGNED_CONTEXT ( ( #6437 ) ) GLOBAL_UNIT_ASSIGNED_CONTEXT ( ( #9556, #8764, #7961 ) ) REPRESENTATION_CONTEXT ( 'NONE', 'WORKASPACE' ) );
#8123 = CARTESIAN_POINT ( 'NONE',  ( 1.750000000000000222, 2.999999999999998668, -3.500000000000000000 ) ) ;
#8124 =( NAMED_UNIT ( * ) PLANE_ANGLE_UNIT ( ) SI_UNIT ( $, .RADIAN. ) );
#8125 = DIRECTION ( 'NONE',  ( 0.0000000000000000000, -0.0000000000000000000, 1.000000000000000000 ) ) ;
#8126 =( LENGTH_UNIT ( ) NAMED_UNIT ( * ) SI_UNIT ( .MILLI., .METRE. ) );
#8127 = ORIENTED_EDGE ( 'NONE', *, *, #1980, .T. ) ;
#8128 = FACE_OUTER_BOUND ( 'NONE', #1226, .T. ) ;
#8129 = ORIENTED_EDGE ( 'NONE', *, *, #5837, .F. ) ;
#8130 = SURFACE_STYLE_FILL_AREA ( #4823 ) ;
#8131 =( LENGTH_UNIT ( ) NAMED_UNIT ( * ) SI_UNIT ( .MILLI., .METRE. ) );
#8132 = SURFACE_STYLE_FILL_AREA ( #4826 ) ;
#8133 = DIRECTION ( 'NONE',  ( -1.000000000000000000, 1.239088197126291063E-16, 0.0000000000000000000 ) ) ;
#8134 = FILL_AREA_STYLE_COLOUR ( '', #1277 ) ;
#8135 = CARTESIAN_POINT ( 'NONE',  ( -3.682907857171536126, 1.499999999999999556, -3.500000000000000000 ) ) ;
#8136 = EDGE_CURVE ( 'NONE', #2192, #3661, #10273, .T. ) ;
#8137 = DIRECTION ( 'NONE',  ( 1.000000000000000000, -1.204669080539449837E-16, 0.0000000000000000000 ) ) ;
#8138 = SURFACE_STYLE_USAGE ( .BOTH. , #4830 ) ;
#8139 = FACE_BOUND ( 'NONE', #9546, .T. ) ;
#8140 = CARTESIAN_POINT ( 'NONE',  ( 0.09444418172799243227, 0.05100726801295259877, -0.9899999999999999911 ) ) ;
#8141 = CARTESIAN_POINT ( 'NONE',  ( 0.1796682017089879790, 0.06295933613029600084, -0.9900000000000002132 ) ) ;
#8142 = ORIENTED_EDGE ( 'NONE', *, *, #5688, .F. ) ;
#8143 = CARTESIAN_POINT ( 'NONE',  ( -1.249999999999999556, -1.500000000000000444, -2.000000000000000000 ) ) ;
#8144 = AXIS2_PLACEMENT_3D ( 'NONE', #5487, #8789, #1357 ) ;
#8145 = SURFACE_STYLE_USAGE ( .BOTH. , #4838 ) ;
#8146 = DIRECTION ( 'NONE',  ( -1.000000000000000000, 1.239088197126291063E-16, 0.0000000000000000000 ) ) ;
#8147 = CARTESIAN_POINT ( 'NONE',  ( -0.2077591614994486746, 0.05455344538333414817, -0.9899999999999999911 ) ) ;
#8148 = EDGE_CURVE ( 'NONE', #8784, #2378, #5301, .T. ) ;
#8149 = CARTESIAN_POINT ( 'NONE',  ( -0.2415227892850929370, 0.04217011887229213385, -0.9999999999999997780 ) ) ;
#8150 =( LENGTH_UNIT ( ) NAMED_UNIT ( * ) SI_UNIT ( .MILLI., .METRE. ) );
#8151 = CARTESIAN_POINT ( 'NONE',  ( 0.1041905165422056384, 0.05097925940199754535, -0.9900000000000002132 ) ) ;
#8152 = CARTESIAN_POINT ( 'NONE',  ( -0.3657949769966231668, 0.1094496251510745366, -0.9899999999999999911 ) ) ;
#8153 = ORIENTED_EDGE ( 'NONE', *, *, #1043, .F. ) ;
#8154 = FILL_AREA_STYLE_COLOUR ( '', #4831 ) ;
#8155 = EDGE_CURVE ( 'NONE', #2640, #4862, #8692, .T. ) ;
#8156 = CARTESIAN_POINT ( 'NONE',  ( 1.749999999999999778, 1.500000000000000000, -2.000000000000000000 ) ) ;
#8157 = DIRECTION ( 'NONE',  ( -1.000000000000000000, -1.239088197126291063E-16, 0.0000000000000000000 ) ) ;
#8158 = ORIENTED_EDGE ( 'NONE', *, *, #5195, .F. ) ;
#8159 = DIRECTION ( 'NONE',  ( -1.000000000000000000, 0.0000000000000000000, 0.0000000000000000000 ) ) ;
#8160 = SURFACE_SIDE_STYLE ('',( #4854 ) ) ;
#8161 = AXIS2_PLACEMENT_3D ( 'NONE', #7552, #113, #3436 ) ;
#8162 = DIRECTION ( 'NONE',  ( 0.0000000000000000000, 1.000000000000000000, 0.0000000000000000000 ) ) ;
#8163 = ORIENTED_EDGE ( 'NONE', *, *, #9522, .T. ) ;
#8164 = UNCERTAINTY_MEASURE_WITH_UNIT (LENGTH_MEASURE( 1.000000000000000082E-05 ), #5142, 'distance_accuracy_value', 'NONE');
#8165 = DIRECTION ( 'NONE',  ( 0.0000000000000000000, 0.0000000000000000000, 1.000000000000000000 ) ) ;
#8166 = ORIENTED_EDGE ( 'NONE', *, *, #5239, .F. ) ;
#8167 =( NAMED_UNIT ( * ) SI_UNIT ( $, .STERADIAN. ) SOLID_ANGLE_UNIT ( ) );
#8168 = DIRECTION ( 'NONE',  ( -1.000000000000000000, -1.239088197126291063E-16, 0.0000000000000000000 ) ) ;
#8169 = MECHANICAL_DESIGN_GEOMETRIC_PRESENTATION_REPRESENTATION (  '', ( #699 ), #183 ) ;
#8170 = DIRECTION ( 'NONE',  ( -1.000000000000000000, 0.0000000000000000000, 0.0000000000000000000 ) ) ;
#8171 = UNCERTAINTY_MEASURE_WITH_UNIT (LENGTH_MEASURE( 1.000000000000000082E-05 ), #8568, 'distance_accuracy_value', 'NONE');
#8172 = DIRECTION ( 'NONE',  ( 1.000000000000000000, 0.0000000000000000000, 0.0000000000000000000 ) ) ;
#8173 = ORIENTED_EDGE ( 'NONE', *, *, #7106, .T. ) ;
#8174 = FACE_OUTER_BOUND ( 'NONE', #7657, .T. ) ;
#8175 = DIRECTION ( 'NONE',  ( -1.000000000000000000, -1.239088197126291063E-16, 0.0000000000000000000 ) ) ;
#8176 = FILL_AREA_STYLE ('',( #4865 ) ) ;
#8177 = VECTOR ( 'NONE', #2115, 1000.000000000000000 ) ;
#8178 = DIRECTION ( 'NONE',  ( -1.239088197126291063E-16, 1.000000000000000000, 0.0000000000000000000 ) ) ;
#8179 = VERTEX_POINT ( 'NONE', #7868 ) ;
#8180 = LINE ( 'NONE', #723, #2532 ) ;
#8181 = CARTESIAN_POINT ( 'NONE',  ( -0.08629802577711097322, 0.1216447471022940596, -0.9899999999999999911 ) ) ;
#8182 =( LENGTH_UNIT ( ) NAMED_UNIT ( * ) SI_UNIT ( .MILLI., .METRE. ) );
#8183 = FILL_AREA_STYLE ('',( #4876 ) ) ;
#8184 = PRESENTATION_STYLE_ASSIGNMENT (( #4877 ) ) ;
#8185 = DIRECTION ( 'NONE',  ( -1.000000000000000000, -1.239088197126291063E-16, 0.0000000000000000000 ) ) ;
#8186 = CARTESIAN_POINT ( 'NONE',  ( 3.815815714343070209, -1.500000000000001110, -3.500000000000000000 ) ) ;
#8187 = SURFACE_STYLE_FILL_AREA ( #4881 ) ;
#8188 = ORIENTED_EDGE ( 'NONE', *, *, #8805, .F. ) ;
#8189 = SURFACE_STYLE_FILL_AREA ( #4884 ) ;
#8190 = ADVANCED_FACE ( 'NONE', ( #422 ), #3761, .F. ) ;
#8191 = LINE ( 'NONE', #734, #1322 ) ;
#8192 = SURFACE_SIDE_STYLE ('',( #4887 ) ) ;
#8193 = CARTESIAN_POINT ( 'NONE',  ( -0.2484495223899280680, 0.07429648307378269867, -0.9999999999999988898 ) ) ;
#8194 = CARTESIAN_POINT ( 'NONE',  ( 0.1339559773791275388, 0.2032880043505887468, -0.9999999999999997780 ) ) ;
#8195 = DIRECTION ( 'NONE',  ( -1.239088197126291063E-16, -1.000000000000000000, 0.0000000000000000000 ) ) ;
#8196 = DIRECTION ( 'NONE',  ( -1.000000000000000000, 1.239088197126291063E-16, 0.0000000000000000000 ) ) ;
#8197 = CARTESIAN_POINT ( 'NONE',  ( 0.08214573218600322579, 0.03065415226217993797, -1.000000000000000000 ) ) ;
#8198 = EDGE_LOOP ( 'NONE', ( #2624, #6749, #1918, #6970 ) ) ;
#8199 = ADVANCED_FACE ( 'NONE', ( #1363 ), #4689, .T. ) ;
#8200 = STYLED_ITEM ( 'NONE', ( #3384 ), #979 ) ;
#8201 = SURFACE_STYLE_USAGE ( .BOTH. , #4896 ) ;
#8202 = MECHANICAL_DESIGN_GEOMETRIC_PRESENTATION_REPRESENTATION (  '', ( #9987 ), #215 ) ;
#8203 = LINE ( 'NONE', #756, #8119 ) ;
#8204 = DIRECTION ( 'NONE',  ( -1.000000000000000000, 0.0000000000000000000, 0.0000000000000000000 ) ) ;
#8205 = B_SPLINE_CURVE_WITH_KNOTS ( 'NONE', 3,
 ( #7763, #320, #3643, #6943, #10211, #2801, #6127, #9415, #1992, #5318, #8637 ),
 .UNSPECIFIED., .F., .F.,
 ( 4, 1, 1, 1, 1, 1, 1, 1, 4 ),
 ( 0.0000000000000000000, 0.1451868664724696723, 0.2834426109197301091, 0.4165243659288290767, 0.5431811235350824107, 0.6651530826377128891, 0.7813602063127155217, 0.8927566556418091714, 1.000000000000000000 ),
 .UNSPECIFIED. ) ;
#8206 = ORIENTED_EDGE ( 'NONE', *, *, #3791, .F. ) ;
#8207 = EDGE_CURVE ( 'NONE', #5780, #10542, #3760, .T. ) ;
#8208 = COLOUR_RGB ( '',0.9882352941176471006, 0.7372549019607843590, 0.5176470588235293491 ) ;
#8209 = AXIS2_PLACEMENT_3D ( 'NONE', #6803, #8390, #5236 ) ;
#8210 = VERTEX_POINT ( 'NONE', #1456 ) ;
#8211 = ORIENTED_EDGE ( 'NONE', *, *, #10692, .F. ) ;
#8212 =( GEOMETRIC_REPRESENTATION_CONTEXT ( 3 ) GLOBAL_UNCERTAINTY_ASSIGNED_CONTEXT ( ( #4579 ) ) GLOBAL_UNIT_ASSIGNED_CONTEXT ( ( #4901, #4091, #3276 ) ) REPRESENTATION_CONTEXT ( 'NONE', 'WORKASPACE' ) );
#8213 = COLOUR_RGB ( '',0.7529411764705882248, 0.7529411764705882248, 0.7529411764705882248 ) ;
#8214 = SURFACE_SIDE_STYLE ('',( #4907 ) ) ;
#8215 = ADVANCED_FACE ( 'NONE', ( #4785 ), #8095, .T. ) ;
#8216 = EDGE_CURVE ( 'NONE', #10235, #4742, #5706, .T. ) ;
#8217 = ORIENTED_EDGE ( 'NONE', *, *, #1846, .T. ) ;
#8218 =( NAMED_UNIT ( * ) PLANE_ANGLE_UNIT ( ) SI_UNIT ( $, .RADIAN. ) );
#8219 = PRESENTATION_LAYER_ASSIGNMENT (  '', '', ( #2142 ) ) ;
#8220 = LINE ( 'NONE', #780, #9116 ) ;
#8221 = PRESENTATION_LAYER_ASSIGNMENT (  '', '', ( #2143 ) ) ;
#8222 = STYLED_ITEM ( 'NONE', ( #9601 ), #3656 ) ;
#8223 = STYLED_ITEM ( 'NONE', ( #9472 ), #6830 ) ;
#8224 =( NAMED_UNIT ( * ) SI_UNIT ( $, .STERADIAN. ) SOLID_ANGLE_UNIT ( ) );
#8225 = CLOSED_SHELL ( 'NONE', ( #4251, #3306, #1079, #185 ) ) ;
#8226 = PRESENTATION_LAYER_ASSIGNMENT (  '', '', ( #10244 ) ) ;
#8227 =( NAMED_UNIT ( * ) PLANE_ANGLE_UNIT ( ) SI_UNIT ( $, .RADIAN. ) );
#8228 = ORIENTED_EDGE ( 'NONE', *, *, #2823, .F. ) ;
#8229 = VERTEX_POINT ( 'NONE', #4885 ) ;
#8230 = SURFACE_STYLE_FILL_AREA ( #4916 ) ;
#8231 = CARTESIAN_POINT ( 'NONE',  ( 0.1053178278814256713, 0.02896182027302574707, -0.9899999999999999911 ) ) ;
#8232 = CARTESIAN_POINT ( 'NONE',  ( 0.8500000000000003109, -1.500000000000000444, -2.000000000000000000 ) ) ;
#8233 =( GEOMETRIC_REPRESENTATION_CONTEXT ( 3 ) GLOBAL_UNCERTAINTY_ASSIGNED_CONTEXT ( ( #9968 ) ) GLOBAL_UNIT_ASSIGNED_CONTEXT ( ( #2284, #1487, #664 ) ) REPRESENTATION_CONTEXT ( 'NONE', 'WORKASPACE' ) );
#8234 = MECHANICAL_DESIGN_GEOMETRIC_PRESENTATION_REPRESENTATION (  '', ( #6835 ), #246 ) ;
#8235 = CIRCLE ( 'NONE', #3550, 0.5000000000000000000 ) ;
#8236 = PRESENTATION_STYLE_ASSIGNMENT (( #4923 ) ) ;
#8237 = STYLED_ITEM ( 'NONE', ( #892 ), #614 ) ;
#8238 = EDGE_CURVE ( 'NONE', #759, #3814, #8191, .T. ) ;
#8239 =( GEOMETRIC_REPRESENTATION_CONTEXT ( 3 ) GLOBAL_UNCERTAINTY_ASSIGNED_CONTEXT ( ( #626 ) ) GLOBAL_UNIT_ASSIGNED_CONTEXT ( ( #8801, #7993, #7175 ) ) REPRESENTATION_CONTEXT ( 'NONE', 'WORKASPACE' ) );
#8240 = DIRECTION ( 'NONE',  ( -1.239088197126291063E-16, -1.000000000000000000, 0.0000000000000000000 ) ) ;
#8241 =( NAMED_UNIT ( * ) SI_UNIT ( $, .STERADIAN. ) SOLID_ANGLE_UNIT ( ) );
#8242 = CARTESIAN_POINT ( 'NONE',  ( 3.549999999999999378, -0.7500000000000011102, -3.000000000000000000 ) ) ;
#8243 = CIRCLE ( 'NONE', #3559, 0.1499999999999999667 ) ;
#8244 = DIRECTION ( 'NONE',  ( 0.0000000000000000000, -1.000000000000000000, 0.0000000000000000000 ) ) ;
#8245 = DIRECTION ( 'NONE',  ( 0.0000000000000000000, 0.0000000000000000000, -1.000000000000000000 ) ) ;
#8246 =( BOUNDED_CURVE ( )  B_SPLINE_CURVE ( 3, ( #366, #3687, #6992, #10264 ),
 .UNSPECIFIED., .F., .F. ) 
 B_SPLINE_CURVE_WITH_KNOTS ( ( 4, 4 ),
 ( 1.355252715606882761E-16, 1.570796326794896558 ),
 .UNSPECIFIED. ) 
 CURVE ( )  GEOMETRIC_REPRESENTATION_ITEM ( )  RATIONAL_B_SPLINE_CURVE ( ( 1.000000000000000000, 0.8047378541243650485, 0.8047378541243650485, 1.000000000000000000 ) ) 
 REPRESENTATION_ITEM ( '' )  );
#8247 = PRESENTATION_LAYER_ASSIGNMENT (  '', '', ( #2163 ) ) ;
#8248 = MECHANICAL_DESIGN_GEOMETRIC_PRESENTATION_REPRESENTATION (  '', ( #6847 ), #258 ) ;
#8249 = PRESENTATION_STYLE_ASSIGNMENT (( #4931 ) ) ;
#8250 = ORIENTED_EDGE ( 'NONE', *, *, #10694, .T. ) ;
#8251 = CARTESIAN_POINT ( 'NONE',  ( -0.2958150187781501406, 0.1227339288060766559, -1.000000000000000222 ) ) ;
#8252 = FILL_AREA_STYLE ('',( #4937 ) ) ;
#8253 =( LENGTH_UNIT ( ) NAMED_UNIT ( * ) SI_UNIT ( .MILLI., .METRE. ) );
#8254 = MECHANICAL_DESIGN_GEOMETRIC_PRESENTATION_REPRESENTATION (  '', ( #6851 ), #265 ) ;
#8255 = PRESENTATION_LAYER_ASSIGNMENT (  '', '', ( #2174 ) ) ;
#8256 = AXIS2_PLACEMENT_3D ( 'NONE', #421, #3759, #7067 ) ;
#8257 = CARTESIAN_POINT ( 'NONE',  ( -0.2690217172643742383, 0.1242901672470302088, -0.9899999999999999911 ) ) ;
#8258 = ADVANCED_FACE ( 'NONE', ( #7382 ), #10658, .T. ) ;
#8259 = CARTESIAN_POINT ( 'NONE',  ( 1.449999999999999956, -0.6500000000000001332, -2.000000000000000000 ) ) ;
#8260 = CARTESIAN_POINT ( 'NONE',  ( 0.06116090429939480960, 0.2047392467859495413, -1.000000000000000000 ) ) ;
#8261 = VECTOR ( 'NONE', #3264, 1000.000000000000000 ) ;
#8262 = FILL_AREA_STYLE_COLOUR ( '', #9486 ) ;
#8263 = EDGE_CURVE ( 'NONE', #10628, #8120, #8267, .T. ) ;
#8264 = DIRECTION ( 'NONE',  ( 1.275531967630004999E-16, -1.000000000000000000, 0.0000000000000000000 ) ) ;
#8265 = EDGE_LOOP ( 'NONE', ( #10039, #2917, #8163, #2922 ) ) ;
#8266 = PLANE ( 'NONE',  #6569 ) ;
#8267 = CIRCLE ( 'NONE', #3578, 0.5500000000000003775 ) ;
#8268 = PRESENTATION_LAYER_ASSIGNMENT (  '', '', ( #2181 ) ) ;
#8269 = CARTESIAN_POINT ( 'NONE',  ( -0.3590495501673549028, 0.08749840563887940903, -0.9899999999999999911 ) ) ;
#8270 = STYLED_ITEM ( 'NONE', ( #9667 ), #2224 ) ;
#8271 = MECHANICAL_DESIGN_GEOMETRIC_PRESENTATION_REPRESENTATION (  '', ( #6872 ), #278 ) ;
#8272 =( LENGTH_UNIT ( ) NAMED_UNIT ( * ) SI_UNIT ( .MILLI., .METRE. ) );
#8273 = DIRECTION ( 'NONE',  ( 1.275531967630004999E-16, -1.000000000000000000, 0.0000000000000000000 ) ) ;
#8274 = VECTOR ( 'NONE', #10569, 1000.000000000000000 ) ;
#8275 = STYLED_ITEM ( 'NONE', ( #4540 ), #4728 ) ;
#8276 = ORIENTED_EDGE ( 'NONE', *, *, #8350, .F. ) ;
#8277 = CARTESIAN_POINT ( 'NONE',  ( 0.05594459294603327387, 0.03864412506876828413, -0.9900000000000002132 ) ) ;
#8278 = SURFACE_STYLE_USAGE ( .BOTH. , #4958 ) ;
#8279 = EDGE_CURVE ( 'NONE', #9595, #6458, #9618, .T. ) ;
#8280 = CARTESIAN_POINT ( 'NONE',  ( -0.9499999999999995115, -1.500000000000000444, -2.000000000000000000 ) ) ;
#8281 = ORIENTED_EDGE ( 'NONE', *, *, #10307, .F. ) ;
#8282 = UNCERTAINTY_MEASURE_WITH_UNIT (LENGTH_MEASURE( 1.000000000000000082E-05 ), #1747, 'distance_accuracy_value', 'NONE');
#8283 = DIRECTION ( 'NONE',  ( 0.0000000000000000000, 0.0000000000000000000, 1.000000000000000000 ) ) ;
#8284 = ORIENTED_EDGE ( 'NONE', *, *, #4913, .F. ) ;
#8285 = VECTOR ( 'NONE', #3161, 1000.000000000000000 ) ;
#8286 = STYLED_ITEM ( 'NONE', ( #2409 ), #5015 ) ;
#8287 = MECHANICAL_DESIGN_GEOMETRIC_PRESENTATION_REPRESENTATION (  '', ( #805 ), #6706 ) ;
#8288 = CARTESIAN_POINT ( 'NONE',  ( -0.9499999999999995115, -1.500000000000000444, -2.000000000000000000 ) ) ;
#8289 = FILL_AREA_STYLE_COLOUR ( '', #9127 ) ;
#8290 = ORIENTED_EDGE ( 'NONE', *, *, #9025, .F. ) ;
#8291 = DIRECTION ( 'NONE',  ( -2.409338161078899180E-16, -1.000000000000000000, 0.0000000000000000000 ) ) ;
#8292 = VECTOR ( 'NONE', #8857, 1000.000000000000000 ) ;
#8293 = PRESENTATION_STYLE_ASSIGNMENT (( #4973 ) ) ;
#8294 = EDGE_CURVE ( 'NONE', #8069, #47, #6667, .T. ) ;
#8295 = AXIS2_PLACEMENT_3D ( 'NONE', #1309, #4644, #7943 ) ;
#8296 = CIRCLE ( 'NONE', #3605, 0.8500000000000000888 ) ;
#8297 = CARTESIAN_POINT ( 'NONE',  ( -1.249999999999999556, 1.500000000000000444, -2.000000000000000000 ) ) ;
#8298 = DIRECTION ( 'NONE',  ( 1.445602896647339410E-16, 1.000000000000000000, 0.0000000000000000000 ) ) ;
#8299 = EDGE_LOOP ( 'NONE', ( #9458, #6069, #8972, #2458 ) ) ;
#8300 = ORIENTED_EDGE ( 'NONE', *, *, #241, .T. ) ;
#8301 = ADVANCED_FACE ( 'NONE', ( #5869 ), #9154, .F. ) ;
#8302 = FILL_AREA_STYLE ('',( #4980 ) ) ;
#8303 = AXIS2_PLACEMENT_3D ( 'NONE', #7662, #223, #3553 ) ;
#8304 = CARTESIAN_POINT ( 'NONE',  ( -0.01556631846003775181, 0.2094496251510745422, -0.9899999999999999911 ) ) ;
#8305 = CARTESIAN_POINT ( 'NONE',  ( 1.749999999999999556, 1.500000000000000000, -2.000000000000000000 ) ) ;
#8306 = EDGE_CURVE ( 'NONE', #6394, #7650, #6769, .T. ) ;
#8307 = CARTESIAN_POINT ( 'NONE',  ( 0.5500000000000003775, 1.500000000000000444, -2.000000000000000000 ) ) ;
#8308 = DIRECTION ( 'NONE',  ( -1.000000000000000000, 0.0000000000000000000, 0.0000000000000000000 ) ) ;
#8309 = PRESENTATION_STYLE_ASSIGNMENT (( #4987 ) ) ;
#8310 = CARTESIAN_POINT ( 'NONE',  ( -1.750000000000000888, -2.250000000000000444, -3.000000000000000000 ) ) ;
#8311 = SURFACE_STYLE_FILL_AREA ( #4991 ) ;
#8312 = ADVANCED_FACE ( 'NONE', ( #5952 ), #9251, .T. ) ;
#8313 = EDGE_LOOP ( 'NONE', ( #2570, #5894, #2472, #2444 ) ) ;
#8314 = CARTESIAN_POINT ( 'NONE',  ( -0.2663586223067465619, 0.05926745928642295630, -0.9899999999999995470 ) ) ;
#8315 = PRESENTATION_STYLE_ASSIGNMENT (( #4996 ) ) ;
#8316 =( NAMED_UNIT ( * ) SI_UNIT ( $, .STERADIAN. ) SOLID_ANGLE_UNIT ( ) );
#8317 = CARTESIAN_POINT ( 'NONE',  ( -0.6499999999999995781, 1.500000000000000444, -2.000000000000000000 ) ) ;
#8318 = ORIENTED_EDGE ( 'NONE', *, *, #8374, .T. ) ;
#8319 = CARTESIAN_POINT ( 'NONE',  ( -0.3956349160210134719, 0.1929862105169281861, -1.000000000000000000 ) ) ;
#8320 = CARTESIAN_POINT ( 'NONE',  ( -0.3399565623624768995, 0.03140084466326965168, -1.000000000000000000 ) ) ;
#8321 = CARTESIAN_POINT ( 'NONE',  ( -3.500000000000000000, -0.7500000000000002220, -3.500000000000000000 ) ) ;
#8322 = SURFACE_SIDE_STYLE ('',( #5006 ) ) ;
#8323 = SURFACE_SIDE_STYLE ('',( #5007 ) ) ;
#8324 = EDGE_LOOP ( 'NONE', ( #8276, #662, #3004, #10063 ) ) ;
#8325 = SURFACE_SIDE_STYLE ('',( #5012 ) ) ;
#8326 = CARTESIAN_POINT ( 'NONE',  ( 0.1988102507304144728, 0.1391343513452880376, -0.9899999999999995470 ) ) ;
#8327 = SURFACE_STYLE_FILL_AREA ( #5014 ) ;
#8328 = ORIENTED_EDGE ( 'NONE', *, *, #7777, .F. ) ;
#8329 = FACE_OUTER_BOUND ( 'NONE', #4339, .T. ) ;
#8330 = CARTESIAN_POINT ( 'NONE',  ( -0.1619077818746719744, 0.05335206417546477231, -0.9899999999999999911 ) ) ;
#8331 = DIRECTION ( 'NONE',  ( -0.0000000000000000000, 0.0000000000000000000, -1.000000000000000000 ) ) ;
#8332 = DIRECTION ( 'NONE',  ( 0.0000000000000000000, -0.0000000000000000000, 1.000000000000000000 ) ) ;
#8333 = EDGE_CURVE ( 'NONE', #6438, #3050, #3403, .T. ) ;
#8334 = FILL_AREA_STYLE_COLOUR ( '', #2117 ) ;
#8335 = ORIENTED_EDGE ( 'NONE', *, *, #10231, .T. ) ;
#8336 = CARTESIAN_POINT ( 'NONE',  ( 0.1053178278814256713, 0.02896182027302574707, -1.000000000000000000 ) ) ;
#8337 = CARTESIAN_POINT ( 'NONE',  ( -3.550000000000000266, 0.7499999999999995559, -3.500000000000000000 ) ) ;
#8338 = SURFACE_STYLE_FILL_AREA ( #5026 ) ;
#8339 = SURFACE_SIDE_STYLE ('',( #5027 ) ) ;
#8340 = VERTEX_POINT ( 'NONE', #6072 ) ;
#8341 = ORIENTED_EDGE ( 'NONE', *, *, #5210, .T. ) ;
#8342 = SURFACE_STYLE_USAGE ( .BOTH. , #5030 ) ;
#8343 = CIRCLE ( 'NONE', #3658, 0.1499999999999999667 ) ;
#8344 = DIRECTION ( 'NONE',  ( 0.0000000000000000000, -0.0000000000000000000, 1.000000000000000000 ) ) ;
#8345 =( NAMED_UNIT ( * ) SI_UNIT ( $, .STERADIAN. ) SOLID_ANGLE_UNIT ( ) );
#8346 = ADVANCED_FACE ( 'NONE', ( #9355 ), #1928, .F. ) ;
#8347 = CARTESIAN_POINT ( 'NONE',  ( -0.2692248550454036105, 0.1333444422242452687, -0.9899999999999999911 ) ) ;
#8348 = CARTESIAN_POINT ( 'NONE',  ( 0.5500000000000003775, -1.500000000000000444, -2.000000000000000000 ) ) ;
#8349 =( LENGTH_UNIT ( ) NAMED_UNIT ( * ) SI_UNIT ( .MILLI., .METRE. ) );
#8350 = EDGE_CURVE ( 'NONE', #10025, #2503, #10253, .T. ) ;
#8351 = MECHANICAL_DESIGN_GEOMETRIC_PRESENTATION_REPRESENTATION (  '', ( #9545 ), #2431 ) ;
#8352 = FILL_AREA_STYLE_COLOUR ( '', #7219 ) ;
#8353 = FACE_OUTER_BOUND ( 'NONE', #10201, .T. ) ;
#8354 = ORIENTED_EDGE ( 'NONE', *, *, #9434, .T. ) ;
#8355 = CARTESIAN_POINT ( 'NONE',  ( -0.2117637137313404805, 0.03300153504580745356, -1.000000000000000222 ) ) ;
#8356 = CARTESIAN_POINT ( 'NONE',  ( -1.749999999999999556, 2.999999999999999556, -3.500000000000000000 ) ) ;
#8357 = CARTESIAN_POINT ( 'NONE',  ( -0.3959372008069750315, 0.1938977861182806239, -0.9899999999999999911 ) ) ;
#8358 = STYLED_ITEM ( 'NONE', ( #9377 ), #1041 ) ;
#8359 = SURFACE_STYLE_FILL_AREA ( #5042 ) ;
#8360 = ORIENTED_EDGE ( 'NONE', *, *, #4343, .T. ) ;
#8361 = EDGE_CURVE ( 'NONE', #3720, #9994, #7068, .T. ) ;
#8362 = LINE ( 'NONE', #911, #7209 ) ;
#8363 = CARTESIAN_POINT ( 'NONE',  ( 0.06682955292958546456, 0.2069672744207673720, -1.000000000000000444 ) ) ;
#8364 = ORIENTED_EDGE ( 'NONE', *, *, #652, .T. ) ;
#8365 = LINE ( 'NONE', #914, #3270 ) ;
#8366 = CARTESIAN_POINT ( 'NONE',  ( -0.4326775989478427453, 0.1094496251510745366, -0.9899999999999999911 ) ) ;
#8367 = CARTESIAN_POINT ( 'NONE',  ( 0.1771937378033493493, 0.1972103781006342704, -1.000000000000000000 ) ) ;
#8368 = ORIENTED_EDGE ( 'NONE', *, *, #6475, .T. ) ;
#8369 =( NAMED_UNIT ( * ) PLANE_ANGLE_UNIT ( ) SI_UNIT ( $, .RADIAN. ) );
#8370 = CARTESIAN_POINT ( 'NONE',  ( -0.2484495223899280680, 0.07429648307378269867, -0.9899999999999997691 ) ) ;
#8371 = LINE ( 'NONE', #923, #2483 ) ;
#8372 = UNCERTAINTY_MEASURE_WITH_UNIT (LENGTH_MEASURE( 1.000000000000000082E-05 ), #1795, 'distance_accuracy_value', 'NONE');
#8373 = CARTESIAN_POINT ( 'NONE',  ( -3.399999999999999911, -2.900000000000000799, 0.0000000000000000000 ) ) ;
#8374 = EDGE_CURVE ( 'NONE', #8998, #9830, #406, .T. ) ;
#8375 = CARTESIAN_POINT ( 'NONE',  ( -3.499999999999999556, 2.999999999999999556, -3.500000000000000000 ) ) ;
#8376 = CARTESIAN_POINT ( 'NONE',  ( 1.749999999999999556, 0.7499999999999988898, -3.000000000000000000 ) ) ;
#8377 = MECHANICAL_DESIGN_GEOMETRIC_PRESENTATION_REPRESENTATION (  '', ( #9736 ), #5606 ) ;
#8378 = ORIENTED_EDGE ( 'NONE', *, *, #4026, .T. ) ;
#8379 = CARTESIAN_POINT ( 'NONE',  ( 0.1928745317889363209, 0.08748266555673742118, -1.000000000000000000 ) ) ;
#8380 = ADVANCED_FACE ( 'NONE', ( #10324 ), #2915, .F. ) ;
#8381 = STYLED_ITEM ( 'NONE', ( #8762 ), #9497 ) ;
#8382 = EDGE_CURVE ( 'NONE', #4523, #2487, #7917, .T. ) ;
#8383 = VECTOR ( 'NONE', #6083, 1000.000000000000000 ) ;
#8384 = ORIENTED_EDGE ( 'NONE', *, *, #1120, .F. ) ;
#8385 = VERTEX_POINT ( 'NONE', #10416 ) ;
#8386 = AXIS2_PLACEMENT_3D ( 'NONE', #341, #3664, #6972 ) ;
#8387 = PRESENTATION_LAYER_ASSIGNMENT (  '', '', ( #228 ) ) ;
#8388 = CARTESIAN_POINT ( 'NONE',  ( -0.2640177025880647288, 0.1665165409556170206, -0.9999999999999995559 ) ) ;
#8389 = FACE_OUTER_BOUND ( 'NONE', #6274, .T. ) ;
#8390 = DIRECTION ( 'NONE',  ( -0.0000000000000000000, 0.0000000000000000000, -1.000000000000000000 ) ) ;
#8391 = VECTOR ( 'NONE', #9435, 1000.000000000000000 ) ;
#8392 = CARTESIAN_POINT ( 'NONE',  ( -0.2229455409791067655, 0.2048137931291728608, -0.9899999999999997691 ) ) ;
#8393 = CARTESIAN_POINT ( 'NONE',  ( -0.2129626771372212790, 0.2299385754818580874, -1.000000000000000222 ) ) ;
#8394 = MECHANICAL_DESIGN_GEOMETRIC_PRESENTATION_REPRESENTATION (  '', ( #7006 ), #404 ) ;
#8395 = COLOUR_RGB ( '',0.9882352941176471006, 0.7372549019607843590, 0.5176470588235293491 ) ;
#8396 = DIRECTION ( 'NONE',  ( -1.239088197126291063E-16, -1.000000000000000000, 0.0000000000000000000 ) ) ;
#8397 = AXIS2_PLACEMENT_3D ( 'NONE', #2692, #6020, #9308 ) ;
#8398 = MECHANICAL_DESIGN_GEOMETRIC_PRESENTATION_REPRESENTATION (  '', ( #9753 ), #8899 ) ;
#8399 =( LENGTH_UNIT ( ) NAMED_UNIT ( * ) SI_UNIT ( .MILLI., .METRE. ) );
#8400 =( NAMED_UNIT ( * ) PLANE_ANGLE_UNIT ( ) SI_UNIT ( $, .RADIAN. ) );
#8401 = ADVANCED_FACE ( 'NONE', ( #3010 ), #4103, .T. ) ;
#8402 = DIRECTION ( 'NONE',  ( 0.0000000000000000000, 0.0000000000000000000, -1.000000000000000000 ) ) ;
#8403 = DIRECTION ( 'NONE',  ( 0.0000000000000000000, 1.000000000000000000, 0.0000000000000000000 ) ) ;
#8404 = VECTOR ( 'NONE', #547, 1000.000000000000000 ) ;
#8405 = SURFACE_STYLE_USAGE ( .BOTH. , #5078 ) ;
#8406 = AXIS2_PLACEMENT_3D ( 'NONE', #7752, #312, #3636 ) ;
#8407 = STYLED_ITEM ( 'NONE', ( #9829 ), #6999 ) ;
#8408 = ORIENTED_EDGE ( 'NONE', *, *, #5684, .T. ) ;
#8409 = SURFACE_STYLE_USAGE ( .BOTH. , #5081 ) ;
#8410 = SURFACE_STYLE_USAGE ( .BOTH. , #5083 ) ;
#8411 = AXIS2_PLACEMENT_3D ( 'NONE', #9832, #2416, #5733 ) ;
#8412 = EDGE_LOOP ( 'NONE', ( #6539, #3951, #7739, #854 ) ) ;
#8413 = DIRECTION ( 'NONE',  ( 0.0000000000000000000, -1.000000000000000000, 0.0000000000000000000 ) ) ;
#8414 = STYLED_ITEM ( 'NONE', ( #214 ), #7954 ) ;
#8415 = VECTOR ( 'NONE', #5939, 1000.000000000000000 ) ;
#8416 =( LENGTH_UNIT ( ) NAMED_UNIT ( * ) SI_UNIT ( .MILLI., .METRE. ) );
#8417 = PRESENTATION_LAYER_ASSIGNMENT (  '', '', ( #2333 ) ) ;
#8418 = CARTESIAN_POINT ( 'NONE',  ( 0.08214573218600322579, 0.03065415226217993797, -0.9899999999999999911 ) ) ;
#8419 = ORIENTED_EDGE ( 'NONE', *, *, #4702, .F. ) ;
#8420 = LINE ( 'NONE', #973, #4297 ) ;
#8421 = SURFACE_STYLE_FILL_AREA ( #5093 ) ;
#8422 = ORIENTED_EDGE ( 'NONE', *, *, #4343, .F. ) ;
#8423 = DIRECTION ( 'NONE',  ( 1.000000000000000000, 0.0000000000000000000, 0.0000000000000000000 ) ) ;
#8424 = CARTESIAN_POINT ( 'NONE',  ( -0.1915190623624768440, 0.2314008446632696836, -1.000000000000000000 ) ) ;
#8425 = VECTOR ( 'NONE', #818, 1000.000000000000114 ) ;
#8426 = AXIS2_PLACEMENT_3D ( 'NONE', #9537, #7986, #533 ) ;
#8427 = EDGE_CURVE ( 'NONE', #7324, #6669, #5501, .T. ) ;
#8428 = STYLED_ITEM ( 'NONE', ( #10109 ), #7429 ) ;
#8429 = PRESENTATION_LAYER_ASSIGNMENT (  '', '', ( #3756 ) ) ;
#8430 = CARTESIAN_POINT ( 'NONE',  ( 0.1184392863008301849, 0.2321813630968884434, -0.9899999999999995470 ) ) ;
#8431 = CARTESIAN_POINT ( 'NONE',  ( -0.2158225345278200202, 0.05617396428662670138, -0.9999999999999997780 ) ) ;
#8432 = ORIENTED_EDGE ( 'NONE', *, *, #3232, .F. ) ;
#8433 = CARTESIAN_POINT ( 'NONE',  ( 3.500000000000000000, 0.7499999999999988898, -3.500000000000000000 ) ) ;
#8434 = MECHANICAL_DESIGN_GEOMETRIC_PRESENTATION_REPRESENTATION (  '', ( #7044 ), #441 ) ;
#8435 = FACE_OUTER_BOUND ( 'NONE', #1075, .T. ) ;
#8436 = AXIS2_PLACEMENT_3D ( 'NONE', #3091, #6419, #9688 ) ;
#8437 =( LENGTH_UNIT ( ) NAMED_UNIT ( * ) SI_UNIT ( .MILLI., .METRE. ) );
#8438 = CARTESIAN_POINT ( 'NONE',  ( 0.1087896401917259476, 0.02903925168999599640, -1.000000000000000000 ) ) ;
#8439 = DIRECTION ( 'NONE',  ( -1.000000000000000000, -1.239088197126291063E-16, 0.0000000000000000000 ) ) ;
#8440 = VECTOR ( 'NONE', #6091, 1000.000000000000000 ) ;
#8441 = EDGE_CURVE ( 'NONE', #8687, #8029, #3123, .T. ) ;
#8442 = PRESENTATION_LAYER_ASSIGNMENT (  '', '', ( #2359 ) ) ;
#8443 = MECHANICAL_DESIGN_GEOMETRIC_PRESENTATION_REPRESENTATION (  '', ( #7056 ), #455 ) ;
#8444 = SURFACE_STYLE_FILL_AREA ( #5114 ) ;
#8445 = CARTESIAN_POINT ( 'NONE',  ( -1.750000000000000222, 1.500000000000000000, -2.000000000000000000 ) ) ;
#8446 = CARTESIAN_POINT ( 'NONE',  ( -0.9499999999999995115, 2.050000000000000711, -2.000000000000000000 ) ) ;
#8447 = ORIENTED_EDGE ( 'NONE', *, *, #8811, .T. ) ;
#8448 = CARTESIAN_POINT ( 'NONE',  ( -0.1350785135819890237, 0.2314008446632696836, -0.9899999999999999911 ) ) ;
#8449 = COLOUR_RGB ( '',0.7529411764705882248, 0.7529411764705882248, 0.7529411764705882248 ) ;
#8450 = CARTESIAN_POINT ( 'NONE',  ( -1.549999999999999600, 1.500000000000000444, -2.000000000000000000 ) ) ;
#8451 = AXIS2_PLACEMENT_3D ( 'NONE', #3668, #4608, #7908 ) ;
#8452 = SURFACE_STYLE_FILL_AREA ( #5124 ) ;
#8453 = MECHANICAL_DESIGN_GEOMETRIC_PRESENTATION_REPRESENTATION (  '', ( #7066 ), #463 ) ;
#8454 = PLANE ( 'NONE',  #4420 ) ;
#8455 = ORIENTED_EDGE ( 'NONE', *, *, #1907, .T. ) ;
#8456 = ORIENTED_EDGE ( 'NONE', *, *, #6566, .T. ) ;
#8457 = CARTESIAN_POINT ( 'NONE',  ( -0.1914047330941841540, 0.2094496251510745422, -1.000000000000000000 ) ) ;
#8458 =( NAMED_UNIT ( * ) PLANE_ANGLE_UNIT ( ) SI_UNIT ( $, .RADIAN. ) );
#8459 = PRESENTATION_LAYER_ASSIGNMENT (  '', '', ( #2374 ) ) ;
#8460 = FILL_AREA_STYLE ('',( #5134 ) ) ;
#8461 = CARTESIAN_POINT ( 'NONE',  ( -0.2958181851004157981, 0.1446304887311025689, -1.000000000000000000 ) ) ;
#8462 = AXIS2_PLACEMENT_3D ( 'NONE', #10118, #2718, #6046 ) ;
#8463 = PRESENTATION_LAYER_ASSIGNMENT (  '', '', ( #2377 ) ) ;
#8464 = CIRCLE ( 'NONE', #2196, 0.8500000000000000888 ) ;
#8465 =( NAMED_UNIT ( * ) PLANE_ANGLE_UNIT ( ) SI_UNIT ( $, .RADIAN. ) );
#8466 = PLANE ( 'NONE',  #3394 ) ;
#8467 = DIRECTION ( 'NONE',  ( -1.239088197126291063E-16, -1.000000000000000000, 0.0000000000000000000 ) ) ;
#8468 = DIRECTION ( 'NONE',  ( 2.409338161078899674E-16, 1.000000000000000000, -0.0000000000000000000 ) ) ;
#8469 = AXIS2_PLACEMENT_3D ( 'NONE', #8297, #838, #4156 ) ;
#8470 = MECHANICAL_DESIGN_GEOMETRIC_PRESENTATION_REPRESENTATION (  '', ( #7083 ), #480 ) ;
#8471 = ORIENTED_EDGE ( 'NONE', *, *, #6466, .F. ) ;
#8472 = FILL_AREA_STYLE_COLOUR ( '', #4796 ) ;
#8473 = SURFACE_STYLE_FILL_AREA ( #5148 ) ;
#8474 = EDGE_CURVE ( 'NONE', #10303, #9194, #2295, .T. ) ;
#8475 = ORIENTED_EDGE ( 'NONE', *, *, #241, .F. ) ;
#8476 = MECHANICAL_DESIGN_GEOMETRIC_PRESENTATION_REPRESENTATION (  '', ( #7088 ), #488 ) ;
#8477 = CARTESIAN_POINT ( 'NONE',  ( -0.2504786955159807871, 0.2166237985200923644, -0.9899999999999997691 ) ) ;
#8478 = CARTESIAN_POINT ( 'NONE',  ( 0.1720744804960721852, 0.1206314832239044343, -0.9900000000000002132 ) ) ;
#8479 = DIRECTION ( 'NONE',  ( -0.0000000000000000000, -0.0000000000000000000, -1.000000000000000000 ) ) ;
#8480 = VERTEX_POINT ( 'NONE', #669 ) ;
#8481 = PLANE ( 'NONE',  #6560 ) ;
#8482 = B_SPLINE_SURFACE_WITH_KNOTS ( 'NONE', 3, 1, ( 
 ( #1605, #37 ),
 ( #3349, #6665 ),
 ( #9943, #2539 ),
 ( #5868, #9153 ),
 ( #1728, #5041 ),
 ( #8357, #907 ),
 ( #4220, #7533 ) ),
 .UNSPECIFIED., .F., .F., .F.,
 ( 4, 1, 1, 1, 4 ),
 ( 2, 2 ),
 ( 0.0000000000000000000, 0.3005411131585078444, 0.5677471464835985859, 0.8000336137369795653, 1.000000000000000000 ),
 ( 0.0000000000000000000, 1.000000000000000000 ),
 .UNSPECIFIED. ) ;
#8483 = ORIENTED_EDGE ( 'NONE', *, *, #3698, .T. ) ;
#8484 = SURFACE_SIDE_STYLE ('',( #5159 ) ) ;
#8485 = FACE_OUTER_BOUND ( 'NONE', #10137, .T. ) ;
#8486 = EDGE_CURVE ( 'NONE', #6089, #5029, #3993, .T. ) ;
#8487 = CARTESIAN_POINT ( 'NONE',  ( -3.550000000000000266, 0.7499999999999995559, -3.000000000000000000 ) ) ;
#8488 = CARTESIAN_POINT ( 'NONE',  ( -0.2691558318413242445, 0.1302679339234467104, -1.000000000000000000 ) ) ;
#8489 = ORIENTED_EDGE ( 'NONE', *, *, #10560, .T. ) ;
#8490 =( NAMED_UNIT ( * ) PLANE_ANGLE_UNIT ( ) SI_UNIT ( $, .RADIAN. ) );
#8491 = EDGE_CURVE ( 'NONE', #3862, #2558, #3162, .T. ) ;
#8492 = DIRECTION ( 'NONE',  ( -1.239088197126291063E-16, 1.000000000000000000, 0.0000000000000000000 ) ) ;
#8493 = UNCERTAINTY_MEASURE_WITH_UNIT (LENGTH_MEASURE( 1.000000000000000082E-05 ), #2226, 'distance_accuracy_value', 'NONE');
#8494 = FILL_AREA_STYLE ('',( #5173 ) ) ;
#8495 = PRESENTATION_STYLE_ASSIGNMENT (( #5175 ) ) ;
#8496 = VERTEX_POINT ( 'NONE', #2357 ) ;
#8497 = CARTESIAN_POINT ( 'NONE',  ( 0.1401742421788720050, 0.1993912428881668142, -0.9899999999999999911 ) ) ;
#8498 = EDGE_CURVE ( 'NONE', #941, #6915, #9629, .T. ) ;
#8499 = PLANE ( 'NONE',  #8037 ) ;
#8500 = EDGE_LOOP ( 'NONE', ( #5286, #5266, #4695, #5622 ) ) ;
#8501 = ORIENTED_EDGE ( 'NONE', *, *, #8747, .T. ) ;
#8502 = DIRECTION ( 'NONE',  ( 1.000000000000000000, 0.0000000000000000000, 0.0000000000000000000 ) ) ;
#8503 = DIRECTION ( 'NONE',  ( 0.0000000000000000000, -1.000000000000000000, 0.0000000000000000000 ) ) ;
#8504 = FILL_AREA_STYLE ('',( #5188 ) ) ;
#8505 =( NAMED_UNIT ( * ) SI_UNIT ( $, .STERADIAN. ) SOLID_ANGLE_UNIT ( ) );
#8506 =( LENGTH_UNIT ( ) NAMED_UNIT ( * ) SI_UNIT ( .MILLI., .METRE. ) );
#8507 = LINE ( 'NONE', #1056, #6178 ) ;
#8508 = LINE ( 'NONE', #1057, #2858 ) ;
#8509 = CARTESIAN_POINT ( 'NONE',  ( 0.1051487508433882057, 0.2117161076589496038, -1.000000000000000444 ) ) ;
#8510 = CARTESIAN_POINT ( 'NONE',  ( -3.500000000000000444, -0.7500000000000002220, -3.000000000000000000 ) ) ;
#8511 = ORIENTED_EDGE ( 'NONE', *, *, #1341, .T. ) ;
#8512 = CARTESIAN_POINT ( 'NONE',  ( 0.05028734007654758753, 0.06371791783400136688, -0.9899999999999999911 ) ) ;
#8513 = SURFACE_SIDE_STYLE ('',( #5199 ) ) ;
#8514 = COLOUR_RGB ( '',1.000000000000000000, 1.000000000000000000, 1.000000000000000000 ) ;
#8515 = ORIENTED_EDGE ( 'NONE', *, *, #8207, .T. ) ;
#8516 = CARTESIAN_POINT ( 'NONE',  ( -0.3499999999999996447, 1.500000000000000444, -2.000000000000000000 ) ) ;
#8517 = CARTESIAN_POINT ( 'NONE',  ( 0.1574014321776503189, 0.07751575732157002518, -1.000000000000000000 ) ) ;
#8518 = ORIENTED_EDGE ( 'NONE', *, *, #3837, .F. ) ;
#8519 = PLANE ( 'NONE',  #9504 ) ;
#8520 = ORIENTED_EDGE ( 'NONE', *, *, #3791, .T. ) ;
#8521 = EDGE_CURVE ( 'NONE', #711, #5257, #279, .T. ) ;
#8522 =( BOUNDED_CURVE ( )  B_SPLINE_CURVE ( 3, ( #8373, #927, #4250, #7561 ),
 .UNSPECIFIED., .F., .F. ) 
 B_SPLINE_CURVE_WITH_KNOTS ( ( 4, 4 ),
 ( 1.570796326794896558, 3.141592653589793116 ),
 .UNSPECIFIED. ) 
 CURVE ( )  GEOMETRIC_REPRESENTATION_ITEM ( )  RATIONAL_B_SPLINE_CURVE ( ( 1.000000000000000000, 0.8047378541243649375, 0.8047378541243649375, 1.000000000000000000 ) ) 
 REPRESENTATION_ITEM ( '' )  );
#8523 =( NAMED_UNIT ( * ) PLANE_ANGLE_UNIT ( ) SI_UNIT ( $, .RADIAN. ) );
#8524 = DIRECTION ( 'NONE',  ( 1.000000000000000000, 0.0000000000000000000, 0.0000000000000000000 ) ) ;
#8525 = SURFACE_STYLE_USAGE ( .BOTH. , #5213 ) ;
#8526 =( LENGTH_UNIT ( ) NAMED_UNIT ( * ) SI_UNIT ( .MILLI., .METRE. ) );
#8527 = ORIENTED_EDGE ( 'NONE', *, *, #7856, .T. ) ;
#8528 = CARTESIAN_POINT ( 'NONE',  ( 1.749999999999999778, 1.500000000000000000, -2.000000000000000000 ) ) ;
#8529 = CARTESIAN_POINT ( 'NONE',  ( -0.6499999999999994671, -2.200000000000000622, -2.000000000000000000 ) ) ;
#8530 = FILL_AREA_STYLE ('',( #5217 ) ) ;
#8531 = EDGE_CURVE ( 'NONE', #35, #2049, #4041, .T. ) ;
#8532 = VECTOR ( 'NONE', #1799, 1000.000000000000000 ) ;
#8533 =( NAMED_UNIT ( * ) SI_UNIT ( $, .STERADIAN. ) SOLID_ANGLE_UNIT ( ) );
#8534 = SURFACE_STYLE_USAGE ( .BOTH. , #5222 ) ;
#8535 = FACE_OUTER_BOUND ( 'NONE', #2236, .T. ) ;
#8536 = CARTESIAN_POINT ( 'NONE',  ( 3.499999999999999556, -3.000000000000000444, -3.500000000000000000 ) ) ;
#8537 = DIRECTION ( 'NONE',  ( -1.517445394471977106E-32, -1.224646799147353207E-16, 1.000000000000000000 ) ) ;
#8538 = ORIENTED_EDGE ( 'NONE', *, *, #8805, .T. ) ;
#8539 = LINE ( 'NONE', #1092, #4999 ) ;
#8540 = PLANE ( 'NONE',  #6675 ) ;
#8541 = EDGE_LOOP ( 'NONE', ( #1050, #7588, #7857, #6477, #416 ) ) ;
#8542 = VERTEX_POINT ( 'NONE', #3229 ) ;
#8543 = SURFACE_STYLE_FILL_AREA ( #5235 ) ;
#8544 =( NAMED_UNIT ( * ) SI_UNIT ( $, .STERADIAN. ) SOLID_ANGLE_UNIT ( ) );
#8545 = EDGE_CURVE ( 'NONE', #7900, #137, #6551, .T. ) ;
#8546 = VECTOR ( 'NONE', #8170, 1000.000000000000000 ) ;
#8547 = CARTESIAN_POINT ( 'NONE',  ( -0.3499999999999996447, -0.9500000000000000666, -2.000000000000000000 ) ) ;
#8548 = CARTESIAN_POINT ( 'NONE',  ( -1.549999999999999600, 2.350000000000000533, -2.000000000000000000 ) ) ;
#8549 = LINE ( 'NONE', #1105, #6703 ) ;
#8550 = ORIENTED_EDGE ( 'NONE', *, *, #542, .F. ) ;
#8551 = DIRECTION ( 'NONE',  ( 1.000000000000000000, 0.0000000000000000000, 0.0000000000000000000 ) ) ;
#8552 = STYLED_ITEM ( 'NONE', ( #6856 ), #9374 ) ;
#8553 = CARTESIAN_POINT ( 'NONE',  ( -1.750000000000000444, 0.7499999999999993339, -3.500000000000000000 ) ) ;
#8554 = MECHANICAL_DESIGN_GEOMETRIC_PRESENTATION_REPRESENTATION (  '', ( #9904 ), #10419 ) ;
#8555 = CARTESIAN_POINT ( 'NONE',  ( 0.1514293696902025421, 0.1896138649624361516, -0.9900000000000002132 ) ) ;
#8556 = STYLED_ITEM ( 'NONE', ( #6759 ), #794 ) ;
#8557 = CARTESIAN_POINT ( 'NONE',  ( -0.2691592989289213755, 0.1364086192517518781, -0.9999999999999993339 ) ) ;
#8558 = ORIENTED_EDGE ( 'NONE', *, *, #234, .F. ) ;
#8559 = PRESENTATION_STYLE_ASSIGNMENT (( #5247 ) ) ;
#8560 = CARTESIAN_POINT ( 'NONE',  ( 0.09501380437856553340, 0.2118567414220507150, -0.9900000000000002132 ) ) ;
#8561 = COLOUR_RGB ( '',0.9882352941176471006, 0.7372549019607843590, 0.5176470588235293491 ) ;
#8562 = STYLED_ITEM ( 'NONE', ( #1436 ), #3542 ) ;
#8563 = EDGE_CURVE ( 'NONE', #10343, #2607, #5730, .T. ) ;
#8564 = FILL_AREA_STYLE ('',( #5249 ) ) ;
#8565 = PRESENTATION_LAYER_ASSIGNMENT (  '', '', ( #2959 ) ) ;
#8566 = PRESENTATION_LAYER_ASSIGNMENT (  '', '', ( #3887 ) ) ;
#8567 = ORIENTED_EDGE ( 'NONE', *, *, #9172, .T. ) ;
#8568 =( LENGTH_UNIT ( ) NAMED_UNIT ( * ) SI_UNIT ( .MILLI., .METRE. ) );
#8569 = UNCERTAINTY_MEASURE_WITH_UNIT (LENGTH_MEASURE( 1.000000000000000082E-05 ), #1293, 'distance_accuracy_value', 'NONE');
#8570 = CARTESIAN_POINT ( 'NONE',  ( 0.1165989129238866329, 0.05211877037523910544, -0.9899999999999999911 ) ) ;
#8571 = DIRECTION ( 'NONE',  ( 0.9466707760722535836, 0.3222024856061126430, -0.0000000000000000000 ) ) ;
#8572 = TOROIDAL_SURFACE ( 'NONE', #3894, 0.7000000000000002887, 0.1499999999999999667 ) ;
#8573 = EDGE_LOOP ( 'NONE', ( #8810, #8661, #5246, #716 ) ) ;
#8574 = CARTESIAN_POINT ( 'NONE',  ( 1.649999999999999023, 2.999999999999998668, -1.000000000000000000 ) ) ;
#8575 = MECHANICAL_DESIGN_GEOMETRIC_PRESENTATION_REPRESENTATION (  '', ( #7191 ), #586 ) ;
#8576 = VECTOR ( 'NONE', #7972, 1000.000000000000000 ) ;
#8577 = VERTEX_POINT ( 'NONE', #4912 ) ;
#8578 = FILL_AREA_STYLE ('',( #5258 ) ) ;
#8579 = SURFACE_SIDE_STYLE ('',( #5259 ) ) ;
#8580 = DIRECTION ( 'NONE',  ( 0.0000000000000000000, 0.0000000000000000000, -1.000000000000000000 ) ) ;
#8581 = SURFACE_STYLE_FILL_AREA ( #5263 ) ;
#8582 = AXIS2_PLACEMENT_3D ( 'NONE', #10010, #2608, #5922 ) ;
#8583 = MECHANICAL_DESIGN_GEOMETRIC_PRESENTATION_REPRESENTATION (  '', ( #7201 ), #596 ) ;
#8584 = DIRECTION ( 'NONE',  ( -1.239088197126291063E-16, -1.000000000000000000, 0.0000000000000000000 ) ) ;
#8585 = EDGE_CURVE ( 'NONE', #9743, #9559, #8220, .T. ) ;
#8586 = ORIENTED_EDGE ( 'NONE', *, *, #10488, .T. ) ;
#8587 = CARTESIAN_POINT ( 'NONE',  ( 0.5500000000000004885, 2.200000000000000622, -2.000000000000000000 ) ) ;
#8588 = FACE_OUTER_BOUND ( 'NONE', #7443, .T. ) ;
#8589 =( NAMED_UNIT ( * ) SI_UNIT ( $, .STERADIAN. ) SOLID_ANGLE_UNIT ( ) );
#8590 = CARTESIAN_POINT ( 'NONE',  ( -0.6499999999999995781, -1.500000000000000444, -2.000000000000000000 ) ) ;
#8591 = STYLED_ITEM ( 'NONE', ( #9195 ), #10363 ) ;
#8592 = PRESENTATION_LAYER_ASSIGNMENT (  '', '', ( #2513 ) ) ;
#8593 = UNCERTAINTY_MEASURE_WITH_UNIT (LENGTH_MEASURE( 1.000000000000000082E-05 ), #3213, 'distance_accuracy_value', 'NONE');
#8594 =( LENGTH_UNIT ( ) NAMED_UNIT ( * ) SI_UNIT ( .MILLI., .METRE. ) );
#8595 = AXIS2_PLACEMENT_3D ( 'NONE', #8837, #1399, #4725 ) ;
#8596 =( LENGTH_UNIT ( ) NAMED_UNIT ( * ) SI_UNIT ( .MILLI., .METRE. ) );
#8597 = UNCERTAINTY_MEASURE_WITH_UNIT (LENGTH_MEASURE( 1.000000000000000082E-05 ), #9764, 'distance_accuracy_value', 'NONE');
#8598 = PRESENTATION_LAYER_ASSIGNMENT (  '', '', ( #2523 ) ) ;
#8599 =( NAMED_UNIT ( * ) PLANE_ANGLE_UNIT ( ) SI_UNIT ( $, .RADIAN. ) );
#8600 = EDGE_CURVE ( 'NONE', #9291, #2391, #7411, .T. ) ;
#8601 =( GEOMETRIC_REPRESENTATION_CONTEXT ( 3 ) GLOBAL_UNCERTAINTY_ASSIGNED_CONTEXT ( ( #5982 ) ) GLOBAL_UNIT_ASSIGNED_CONTEXT ( ( #6948, #6135, #5325 ) ) REPRESENTATION_CONTEXT ( 'NONE', 'WORKASPACE' ) );
#8602 = AXIS2_PLACEMENT_3D ( 'NONE', #8356, #906, #4219 ) ;
#8603 = SURFACE_STYLE_USAGE ( .BOTH. , #5278 ) ;
#8604 = DIRECTION ( 'NONE',  ( -1.000000000000000000, 1.239088197126291063E-16, 0.0000000000000000000 ) ) ;
#8605 = ORIENTED_EDGE ( 'NONE', *, *, #5160, .T. ) ;
#8606 = CIRCLE ( 'NONE', #2528, 0.1499999999999999667 ) ;
#8607 = SURFACE_STYLE_FILL_AREA ( #5284 ) ;
#8608 = UNCERTAINTY_MEASURE_WITH_UNIT (LENGTH_MEASURE( 1.000000000000000082E-05 ), #9677, 'distance_accuracy_value', 'NONE');
#8609 = ORIENTED_EDGE ( 'NONE', *, *, #8824, .F. ) ;
#8610 = ORIENTED_EDGE ( 'NONE', *, *, #8585, .F. ) ;
#8611 = STYLED_ITEM ( 'NONE', ( #7638 ), #8312 ) ;
#8612 = CIRCLE ( 'NONE', #3927, 0.1499999999999999667 ) ;
#8613 = DIRECTION ( 'NONE',  ( 0.0000000000000000000, -1.000000000000000000, 0.0000000000000000000 ) ) ;
#8614 = DIRECTION ( 'NONE',  ( -1.445602896647339410E-16, -1.000000000000000000, -0.0000000000000000000 ) ) ;
#8615 =( NAMED_UNIT ( * ) PLANE_ANGLE_UNIT ( ) SI_UNIT ( $, .RADIAN. ) );
#8616 = CIRCLE ( 'NONE', #2536, 0.5000000000000000000 ) ;
#8617 = DIRECTION ( 'NONE',  ( -0.0000000000000000000, -0.0000000000000000000, -1.000000000000000000 ) ) ;
#8618 = PRESENTATION_STYLE_ASSIGNMENT (( #5296 ) ) ;
#8619 = ADVANCED_FACE ( 'NONE', ( #6592 ), #5008, .T. ) ;
#8620 = DIRECTION ( 'NONE',  ( 0.0000000000000000000, 1.000000000000000000, 0.0000000000000000000 ) ) ;
#8621 = FILL_AREA_STYLE_COLOUR ( '', #965 ) ;
#8622 = CARTESIAN_POINT ( 'NONE',  ( 0.1710843219962014661, 0.1471589523018357604, -1.000000000000000444 ) ) ;
#8623 = ADVANCED_FACE ( 'NONE', ( #3390 ), #114, .T. ) ;
#8624 = LINE ( 'NONE', #1174, #6831 ) ;
#8625 = CARTESIAN_POINT ( 'NONE',  ( -0.2529105768051770342, 0.1853948579839835575, -0.9899999999999997691 ) ) ;
#8626 = ORIENTED_EDGE ( 'NONE', *, *, #6668, .T. ) ;
#8627 = CIRCLE ( 'NONE', #3943, 0.8500000000000003109 ) ;
#8628 = FILL_AREA_STYLE_COLOUR ( '', #413 ) ;
#8629 =( GEOMETRIC_REPRESENTATION_CONTEXT ( 3 ) GLOBAL_UNCERTAINTY_ASSIGNED_CONTEXT ( ( #6232 ) ) GLOBAL_UNIT_ASSIGNED_CONTEXT ( ( #2512, #1708, #883 ) ) REPRESENTATION_CONTEXT ( 'NONE', 'WORKASPACE' ) );
#8630 =( NAMED_UNIT ( * ) SI_UNIT ( $, .STERADIAN. ) SOLID_ANGLE_UNIT ( ) );
#8631 = DIRECTION ( 'NONE',  ( -1.204669080539449590E-16, -1.000000000000000000, 0.0000000000000000000 ) ) ;
#8632 = VERTEX_POINT ( 'NONE', #6699 ) ;
#8633 = CARTESIAN_POINT ( 'NONE',  ( -0.2023978482999948258, 0.2311583665304470514, -0.9899999999999999911 ) ) ;
#8634 = DIRECTION ( 'NONE',  ( -1.000000000000000000, -1.239088197126291063E-16, 0.0000000000000000000 ) ) ;
#8635 =( LENGTH_UNIT ( ) NAMED_UNIT ( * ) SI_UNIT ( .MILLI., .METRE. ) );
#8636 = DIRECTION ( 'NONE',  ( -0.0000000000000000000, -0.0000000000000000000, -1.000000000000000000 ) ) ;
#8637 = CARTESIAN_POINT ( 'NONE',  ( 0.05028734007654758753, 0.2259130397852208705, -1.000000000000000000 ) ) ;
#8638 = CIRCLE ( 'NONE', #3954, 0.8500000000000003109 ) ;
#8639 = AXIS2_PLACEMENT_3D ( 'NONE', #8959, #1529, #4850 ) ;
#8640 = CARTESIAN_POINT ( 'NONE',  ( -0.09117607455759875468, 0.2314008446632696836, -0.9899999999999999911 ) ) ;
#8641 = ORIENTED_EDGE ( 'NONE', *, *, #4702, .T. ) ;
#8642 =( NAMED_UNIT ( * ) SI_UNIT ( $, .STERADIAN. ) SOLID_ANGLE_UNIT ( ) );
#8643 = CARTESIAN_POINT ( 'NONE',  ( 0.1670335357836532642, 0.04961581651151950045, -0.9899999999999999911 ) ) ;
#8644 = COLOUR_RGB ( '',0.7529411764705882248, 0.7529411764705882248, 0.7529411764705882248 ) ;
#8645 = VECTOR ( 'NONE', #4832, 1000.000000000000000 ) ;
#8646 = CARTESIAN_POINT ( 'NONE',  ( 0.1377567573239772414, 0.2267391302264110120, -0.9999999999999995559 ) ) ;
#8647 = ORIENTED_EDGE ( 'NONE', *, *, #8441, .T. ) ;
#8648 =( LENGTH_UNIT ( ) NAMED_UNIT ( * ) SI_UNIT ( .MILLI., .METRE. ) );
#8649 =( NAMED_UNIT ( * ) PLANE_ANGLE_UNIT ( ) SI_UNIT ( $, .RADIAN. ) );
#8650 = DIRECTION ( 'NONE',  ( 1.000000000000000000, 0.0000000000000000000, 0.0000000000000000000 ) ) ;
#8651 = PLANE ( 'NONE',  #9230 ) ;
#8652 = DIRECTION ( 'NONE',  ( -1.239088197126291063E-16, -1.000000000000000000, 0.0000000000000000000 ) ) ;
#8653 = CARTESIAN_POINT ( 'NONE',  ( 3.549999999999999378, 0.7499999999999986677, -3.000000000000000000 ) ) ;
#8654 = DIRECTION ( 'NONE',  ( -0.0000000000000000000, -0.0000000000000000000, -1.000000000000000000 ) ) ;
#8655 = CARTESIAN_POINT ( 'NONE',  ( -0.4010050356316888776, 0.1987494916397017919, -0.9999999999999995559 ) ) ;
#8656 = DIRECTION ( 'NONE',  ( 1.000000000000000000, -2.168404344971008868E-16, 0.0000000000000000000 ) ) ;
#8657 = PRESENTATION_STYLE_ASSIGNMENT (( #5348 ) ) ;
#8658 = ORIENTED_EDGE ( 'NONE', *, *, #162, .T. ) ;
#8659 = LINE ( 'NONE', #1210, #3380 ) ;
#8660 = ORIENTED_EDGE ( 'NONE', *, *, #6187, .F. ) ;
#8661 = ORIENTED_EDGE ( 'NONE', *, *, #5373, .F. ) ;
#8662 = EDGE_CURVE ( 'NONE', #745, #5066, #7619, .T. ) ;
#8663 = SURFACE_SIDE_STYLE ('',( #5355 ) ) ;
#8664 = SURFACE_SIDE_STYLE ('',( #5356 ) ) ;
#8665 = APPLICATION_CONTEXT ( 'automotive_design' ) ;
#8666 = SURFACE_SIDE_STYLE ('',( #5358 ) ) ;
#8667 = CARTESIAN_POINT ( 'NONE',  ( -0.3959372008069750315, 0.1938977861182806239, -0.9899999999999999911 ) ) ;
#8668 = CARTESIAN_POINT ( 'NONE',  ( 1.749999999999999112, -2.250000000000000888, -3.000000000000000000 ) ) ;
#8669 = CARTESIAN_POINT ( 'NONE',  ( 0.8500000000000003109, 1.500000000000000444, -2.000000000000000000 ) ) ;
#8670 = SURFACE_SIDE_STYLE ('',( #5361 ) ) ;
#8671 =( LENGTH_UNIT ( ) NAMED_UNIT ( * ) SI_UNIT ( .MILLI., .METRE. ) );
#8672 = CARTESIAN_POINT ( 'NONE',  ( -0.2156481664232352269, 0.2069223038424727046, -0.9999999999999995559 ) ) ;
#8673 = EDGE_CURVE ( 'NONE', #2755, #1760, #7445, .T. ) ;
#8674 = ORIENTED_EDGE ( 'NONE', *, *, #6594, .T. ) ;
#8675 = CARTESIAN_POINT ( 'NONE',  ( -1.249999999999999556, -0.8000000000000001554, -2.000000000000000000 ) ) ;
#8676 = LINE ( 'NONE', #5533, #795 ) ;
#8677 = CARTESIAN_POINT ( 'NONE',  ( -1.750000000000000222, -3.000000000000000444, -0.5000000000000000000 ) ) ;
#8678 = CARTESIAN_POINT ( 'NONE',  ( -0.4010050356316888776, 0.1987494916397017919, -0.9899999999999997691 ) ) ;
#8679 = CARTESIAN_POINT ( 'NONE',  ( 0.1990678278814256574, 0.1276279788096111312, -0.9899999999999999911 ) ) ;
#8680 = EDGE_CURVE ( 'NONE', #3308, #5095, #7569, .T. ) ;
#8681 = ORIENTED_EDGE ( 'NONE', *, *, #9123, .F. ) ;
#8682 = CARTESIAN_POINT ( 'NONE',  ( -0.2586814763269094652, 0.2112307408003112064, -1.000000000000000222 ) ) ;
#8683 = AXIS2_PLACEMENT_3D ( 'NONE', #10674, #3273, #6586 ) ;
#8684 = DIRECTION ( 'NONE',  ( -1.239088197126291063E-16, 1.000000000000000000, 0.0000000000000000000 ) ) ;
#8685 =( LENGTH_UNIT ( ) NAMED_UNIT ( * ) SI_UNIT ( .MILLI., .METRE. ) );
#8686 = CARTESIAN_POINT ( 'NONE',  ( 0.8500000000000001998, 0.6500000000000001332, -2.000000000000000000 ) ) ;
#8687 = VERTEX_POINT ( 'NONE', #4417 ) ;
#8688 = SURFACE_STYLE_USAGE ( .BOTH. , #5379 ) ;
#8689 = CARTESIAN_POINT ( 'NONE',  ( 0.1956642584727042999, 0.09675008867523447742, -1.000000000000000222 ) ) ;
#8690 = DIRECTION ( 'NONE',  ( 1.000000000000000000, 0.0000000000000000000, 0.0000000000000000000 ) ) ;
#8691 = VECTOR ( 'NONE', #155, 1000.000000000000000 ) ;
#8692 = LINE ( 'NONE', #1244, #6690 ) ;
#8693 = EDGE_CURVE ( 'NONE', #10278, #6936, #7724, .T. ) ;
#8694 = DIRECTION ( 'NONE',  ( -1.000000000000000000, 0.0000000000000000000, 0.0000000000000000000 ) ) ;
#8695 = CARTESIAN_POINT ( 'NONE',  ( -0.4619077818746720188, 0.03140084466326965168, -0.9899999999999999911 ) ) ;
#8696 = VERTEX_POINT ( 'NONE', #6913 ) ;
#8697 = CARTESIAN_POINT ( 'NONE',  ( 1.749999999999999778, 1.500000000000000000, -2.000000000000000000 ) ) ;
#8698 = FACE_OUTER_BOUND ( 'NONE', #9358, .T. ) ;
#8699 = PRESENTATION_STYLE_ASSIGNMENT (( #5389 ) ) ;
#8700 = UNCERTAINTY_MEASURE_WITH_UNIT (LENGTH_MEASURE( 1.000000000000000082E-05 ), #3985, 'distance_accuracy_value', 'NONE');
#8701 = DIRECTION ( 'NONE',  ( 1.000000000000000000, 0.0000000000000000000, -0.0000000000000000000 ) ) ;
#8702 = CARTESIAN_POINT ( 'NONE',  ( 0.1551212005253814752, 0.2175495291664651665, -0.9900000000000002132 ) ) ;
#8703 = SURFACE_STYLE_FILL_AREA ( #5395 ) ;
#8704 = SURFACE_STYLE_USAGE ( .BOTH. , #5397 ) ;
#8705 = FILL_AREA_STYLE ('',( #5398 ) ) ;
#8706 = SURFACE_SIDE_STYLE ('',( #5399 ) ) ;
#8707 = CARTESIAN_POINT ( 'NONE',  ( -0.2656344311025386484, 0.2054609847491405128, -0.9899999999999999911 ) ) ;
#8708 = ORIENTED_EDGE ( 'NONE', *, *, #4304, .T. ) ;
#8709 = FACE_OUTER_BOUND ( 'NONE', #891, .T. ) ;
#8710 = UNCERTAINTY_MEASURE_WITH_UNIT (LENGTH_MEASURE( 1.000000000000000082E-05 ), #9378, 'distance_accuracy_value', 'NONE');
#8711 = ORIENTED_EDGE ( 'NONE', *, *, #9528, .F. ) ;
#8712 = ORIENTED_EDGE ( 'NONE', *, *, #7788, .F. ) ;
#8713 = SURFACE_SIDE_STYLE ('',( #5406 ) ) ;
#8714 = DIRECTION ( 'NONE',  ( -0.0000000000000000000, -0.0000000000000000000, -1.000000000000000000 ) ) ;
#8715 = ADVANCED_FACE ( 'NONE', ( #10182 ), #9804, .T. ) ;
#8716 = DIRECTION ( 'NONE',  ( -1.000000000000000000, 1.239088197126291063E-16, 0.0000000000000000000 ) ) ;
#8717 = EDGE_CURVE ( 'NONE', #6037, #9887, #2771, .T. ) ;
#8718 = DIRECTION ( 'NONE',  ( -1.239088197126291063E-16, -1.000000000000000000, 0.0000000000000000000 ) ) ;
#8719 = FACE_OUTER_BOUND ( 'NONE', #1452, .T. ) ;
#8720 = VERTEX_POINT ( 'NONE', #10297 ) ;
#8721 = SURFACE_STYLE_USAGE ( .BOTH. , #5416 ) ;
#8722 = PLANE ( 'NONE',  #6335 ) ;
#8723 = EDGE_LOOP ( 'NONE', ( #10688, #1576, #5569, #467 ) ) ;
#8724 = CARTESIAN_POINT ( 'NONE',  ( -0.2943643955602550655, 0.1549680889484864876, -0.9900000000000002132 ) ) ;
#8725 = ADVANCED_FACE ( 'NONE', ( #2891 ), #6228, .T. ) ;
#8726 =( GEOMETRIC_REPRESENTATION_CONTEXT ( 3 ) GLOBAL_UNCERTAINTY_ASSIGNED_CONTEXT ( ( #1431 ) ) GLOBAL_UNIT_ASSIGNED_CONTEXT ( ( #3905, #3089, #2260 ) ) REPRESENTATION_CONTEXT ( 'NONE', 'WORKASPACE' ) );
#8727 = PLANE ( 'NONE',  #432 ) ;
#8728 = CARTESIAN_POINT ( 'NONE',  ( -3.499999999999999556, -3.000000000000000444, -0.09999999999999999167 ) ) ;
#8729 = DIRECTION ( 'NONE',  ( -1.239088197126291063E-16, -1.000000000000000000, 0.0000000000000000000 ) ) ;
#8730 = PLANE ( 'NONE',  #5002 ) ;
#8731 = ORIENTED_EDGE ( 'NONE', *, *, #3694, .T. ) ;
#8732 = COLOUR_RGB ( '',1.000000000000000000, 1.000000000000000000, 1.000000000000000000 ) ;
#8733 = FILL_AREA_STYLE_COLOUR ( '', #9585 ) ;
#8734 = SURFACE_STYLE_FILL_AREA ( #5429 ) ;
#8735 = DIRECTION ( 'NONE',  ( -0.0000000000000000000, -0.0000000000000000000, -1.000000000000000000 ) ) ;
#8736 = MECHANICAL_DESIGN_GEOMETRIC_PRESENTATION_REPRESENTATION (  '', ( #10071 ), #10600 ) ;
#8737 = MECHANICAL_DESIGN_GEOMETRIC_PRESENTATION_REPRESENTATION (  '', ( #7349 ), #751 ) ;
#8738 = FILL_AREA_STYLE_COLOUR ( '', #4132 ) ;
#8739 = EDGE_CURVE ( 'NONE', #7416, #2149, #3828, .T. ) ;
#8740 = ORIENTED_EDGE ( 'NONE', *, *, #2237, .F. ) ;
#8741 = AXIS2_PLACEMENT_3D ( 'NONE', #1253, #4583, #7887 ) ;
#8742 = CARTESIAN_POINT ( 'NONE',  ( 3.500000000000000444, 2.999999999999999556, -3.500000000000000000 ) ) ;
#8743 =( NAMED_UNIT ( * ) PLANE_ANGLE_UNIT ( ) SI_UNIT ( $, .RADIAN. ) );
#8744 = PRESENTATION_LAYER_ASSIGNMENT (  '', '', ( #3364 ) ) ;
#8745 = PRESENTATION_LAYER_ASSIGNMENT (  '', '', ( #1757 ) ) ;
#8746 = ORIENTED_EDGE ( 'NONE', *, *, #2598, .T. ) ;
#8747 = EDGE_CURVE ( 'NONE', #210, #10380, #8792, .T. ) ;
#8748 = AXIS2_PLACEMENT_3D ( 'NONE', #1531, #4853, #8159 ) ;
#8749 = SURFACE_SIDE_STYLE ('',( #5438 ) ) ;
#8750 = COLOUR_RGB ( '',1.000000000000000000, 1.000000000000000000, 1.000000000000000000 ) ;
#8751 = AXIS2_PLACEMENT_3D ( 'NONE', #1232, #4555, #7855 ) ;
#8752 = FILL_AREA_STYLE ('',( #5439 ) ) ;
#8753 = DIRECTION ( 'NONE',  ( -1.517445394471977106E-32, -1.224646799147353207E-16, 1.000000000000000000 ) ) ;
#8754 = COLOUR_RGB ( '',0.2509803921568627416, 0.2509803921568627416, 0.2509803921568627416 ) ;
#8755 = FACE_OUTER_BOUND ( 'NONE', #4893, .T. ) ;
#8756 = VECTOR ( 'NONE', #7323, 1000.000000000000000 ) ;
#8757 = ORIENTED_EDGE ( 'NONE', *, *, #1808, .T. ) ;
#8758 =( NAMED_UNIT ( * ) SI_UNIT ( $, .STERADIAN. ) SOLID_ANGLE_UNIT ( ) );
#8759 = AXIS2_PLACEMENT_3D ( 'NONE', #2007, #5340, #8652 ) ;
#8760 = CIRCLE ( 'NONE', #4082, 0.5000000000000000000 ) ;
#8761 = AXIS2_PLACEMENT_3D ( 'NONE', #3153, #6478, #9761 ) ;
#8762 = PRESENTATION_STYLE_ASSIGNMENT (( #5446 ) ) ;
#8763 = EDGE_LOOP ( 'NONE', ( #1284, #7336, #5427, #1428 ) ) ;
#8764 =( NAMED_UNIT ( * ) PLANE_ANGLE_UNIT ( ) SI_UNIT ( $, .RADIAN. ) );
#8765 = ADVANCED_FACE ( 'NONE', ( #2185 ), #5513, .T. ) ;
#8766 = DIRECTION ( 'NONE',  ( -1.000000000000000000, 1.239088197126291063E-16, 0.0000000000000000000 ) ) ;
#8767 = ORIENTED_EDGE ( 'NONE', *, *, #4021, .F. ) ;
#8768 = ORIENTED_EDGE ( 'NONE', *, *, #9025, .T. ) ;
#8769 = COLOUR_RGB ( '',0.9882352941176471006, 0.7372549019607843590, 0.5176470588235293491 ) ;
#8770 = CARTESIAN_POINT ( 'NONE',  ( 0.1675094459832145999, 0.09699439703448757555, -1.000000000000000000 ) ) ;
#8771 = MECHANICAL_DESIGN_GEOMETRIC_PRESENTATION_REPRESENTATION (  '', ( #7385 ), #787 ) ;
#8772 = PRESENTATION_LAYER_ASSIGNMENT (  '', '', ( #2695 ) ) ;
#8773 = SURFACE_SIDE_STYLE ('',( #5465 ) ) ;
#8774 = CARTESIAN_POINT ( 'NONE',  ( 1.749999999999999778, -2.000000000000000000, -2.000000000000000000 ) ) ;
#8775 = EDGE_LOOP ( 'NONE', ( #1331, #5091, #10597, #3335 ) ) ;
#8776 =( NAMED_UNIT ( * ) PLANE_ANGLE_UNIT ( ) SI_UNIT ( $, .RADIAN. ) );
#8777 = VERTEX_POINT ( 'NONE', #3106 ) ;
#8778 = DIRECTION ( 'NONE',  ( -1.000000000000000000, 0.0000000000000000000, -0.0000000000000000000 ) ) ;
#8779 = AXIS2_PLACEMENT_3D ( 'NONE', #9708, #2283, #5611 ) ;
#8780 = FILL_AREA_STYLE ('',( #5474 ) ) ;
#8781 = AXIS2_PLACEMENT_3D ( 'NONE', #5652, #8947, #1520 ) ;
#8782 =( GEOMETRIC_REPRESENTATION_CONTEXT ( 3 ) GLOBAL_UNCERTAINTY_ASSIGNED_CONTEXT ( ( #1081 ) ) GLOBAL_UNIT_ASSIGNED_CONTEXT ( ( #3897, #3080, #2255 ) ) REPRESENTATION_CONTEXT ( 'NONE', 'WORKASPACE' ) );
#8783 = AXIS2_PLACEMENT_3D ( 'NONE', #3622, #6921, #10189 ) ;
#8784 = VERTEX_POINT ( 'NONE', #6434 ) ;
#8785 = CYLINDRICAL_SURFACE ( 'NONE', #3840, 0.1000000000000000056 ) ;
#8786 = UNCERTAINTY_MEASURE_WITH_UNIT (LENGTH_MEASURE( 1.000000000000000082E-05 ), #4214, 'distance_accuracy_value', 'NONE');
#8787 = MECHANICAL_DESIGN_GEOMETRIC_PRESENTATION_REPRESENTATION (  '', ( #10127 ), #981 ) ;
#8788 = DIRECTION ( 'NONE',  ( 0.0000000000000000000, 0.0000000000000000000, 1.000000000000000000 ) ) ;
#8789 = DIRECTION ( 'NONE',  ( -1.000000000000000000, 1.239088197126291063E-16, 0.0000000000000000000 ) ) ;
#8790 = ORIENTED_EDGE ( 'NONE', *, *, #10081, .F. ) ;
#8791 = CARTESIAN_POINT ( 'NONE',  ( -1.249999999999999778, 0.6500000000000001332, -2.000000000000000000 ) ) ;
#8792 = CIRCLE ( 'NONE', #4114, 0.8500000000000003109 ) ;
#8793 = EDGE_CURVE ( 'NONE', #6056, #10628, #288, .T. ) ;
#8794 = DIRECTION ( 'NONE',  ( 1.000000000000000000, -0.0000000000000000000, 0.0000000000000000000 ) ) ;
#8795 = DIRECTION ( 'NONE',  ( 1.445602896647339163E-16, 1.000000000000000000, 0.0000000000000000000 ) ) ;
#8796 =( GEOMETRIC_REPRESENTATION_CONTEXT ( 3 ) GLOBAL_UNCERTAINTY_ASSIGNED_CONTEXT ( ( #7193 ) ) GLOBAL_UNIT_ASSIGNED_CONTEXT ( ( #10350, #9553, #8758 ) ) REPRESENTATION_CONTEXT ( 'NONE', 'WORKASPACE' ) );
#8797 = DIRECTION ( 'NONE',  ( 0.0000000000000000000, 1.000000000000000000, 0.0000000000000000000 ) ) ;
#8798 = PRESENTATION_LAYER_ASSIGNMENT (  '', '', ( #2721 ) ) ;
#8799 = CARTESIAN_POINT ( 'NONE',  ( 0.08382793516893767560, 0.2333825783002973497, -1.000000000000000000 ) ) ;
#8800 = DIRECTION ( 'NONE',  ( -1.517445394471977106E-32, -1.224646799147353207E-16, 1.000000000000000000 ) ) ;
#8801 =( LENGTH_UNIT ( ) NAMED_UNIT ( * ) SI_UNIT ( .MILLI., .METRE. ) );
#8802 = ORIENTED_EDGE ( 'NONE', *, *, #9877, .T. ) ;
#8803 = UNCERTAINTY_MEASURE_WITH_UNIT (LENGTH_MEASURE( 1.000000000000000082E-05 ), #5168, 'distance_accuracy_value', 'NONE');
#8804 = STYLED_ITEM ( 'NONE', ( #7620 ), #6314 ) ;
#8805 = EDGE_CURVE ( 'NONE', #7005, #8851, #8901, .T. ) ;
#8806 = VECTOR ( 'NONE', #9540, 1000.000000000000000 ) ;
#8807 =( NAMED_UNIT ( * ) SI_UNIT ( $, .STERADIAN. ) SOLID_ANGLE_UNIT ( ) );
#8808 =( LENGTH_UNIT ( ) NAMED_UNIT ( * ) SI_UNIT ( .MILLI., .METRE. ) );
#8809 = CARTESIAN_POINT ( 'NONE',  ( -0.04999999999999969746, -1.500000000000000444, -2.000000000000000000 ) ) ;
#8810 = ORIENTED_EDGE ( 'NONE', *, *, #1325, .F. ) ;
#8811 = EDGE_CURVE ( 'NONE', #9982, #823, #7753, .T. ) ;
#8812 = CARTESIAN_POINT ( 'NONE',  ( -3.499999999999999556, 2.249999999999999556, -3.500000000000000000 ) ) ;
#8813 = CARTESIAN_POINT ( 'NONE',  ( 3.682907857171535237, 1.499999999999998668, -3.000000000000000000 ) ) ;
#8814 = FILL_AREA_STYLE_COLOUR ( '', #10133 ) ;
#8815 = CARTESIAN_POINT ( 'NONE',  ( 0.1016211815399622465, 0.05091303978522087464, -1.000000000000000000 ) ) ;
#8816 = VERTEX_POINT ( 'NONE', #7288 ) ;
#8817 = UNCERTAINTY_MEASURE_WITH_UNIT (LENGTH_MEASURE( 1.000000000000000082E-05 ), #9015, 'distance_accuracy_value', 'NONE');
#8818 = VERTEX_POINT ( 'NONE', #10562 ) ;
#8819 = ORIENTED_EDGE ( 'NONE', *, *, #6734, .T. ) ;
#8820 = CARTESIAN_POINT ( 'NONE',  ( 0.1016211815399622465, 0.05091303978522087464, -1.000000000000000000 ) ) ;
#8821 = DIRECTION ( 'NONE',  ( 0.0000000000000000000, -0.0000000000000000000, 1.000000000000000000 ) ) ;
#8822 = UNCERTAINTY_MEASURE_WITH_UNIT (LENGTH_MEASURE( 1.000000000000000082E-05 ), #4097, 'distance_accuracy_value', 'NONE');
#8823 = DIRECTION ( 'NONE',  ( -1.000000000000000000, 1.239088197126291063E-16, 0.0000000000000000000 ) ) ;
#8824 = EDGE_CURVE ( 'NONE', #709, #9520, #3146, .T. ) ;
#8825 = DIRECTION ( 'NONE',  ( -1.000000000000000000, -1.239088197126291063E-16, 0.0000000000000000000 ) ) ;
#8826 = PRESENTATION_STYLE_ASSIGNMENT (( #5527 ) ) ;
#8827 = SURFACE_STYLE_FILL_AREA ( #5528 ) ;
#8828 = EDGE_LOOP ( 'NONE', ( #8567, #9609, #7598, #3620 ) ) ;
#8829 = CARTESIAN_POINT ( 'NONE',  ( -0.08629802577711097322, 0.1435959666144891733, -0.9899999999999999911 ) ) ;
#8830 = ORIENTED_EDGE ( 'NONE', *, *, #4872, .T. ) ;
#8831 = SURFACE_SIDE_STYLE ('',( #5532 ) ) ;
#8832 = DIRECTION ( 'NONE',  ( -0.0000000000000000000, -0.0000000000000000000, -1.000000000000000000 ) ) ;
#8833 =( NAMED_UNIT ( * ) SI_UNIT ( $, .STERADIAN. ) SOLID_ANGLE_UNIT ( ) );
#8834 = SURFACE_SIDE_STYLE ('',( #5534 ) ) ;
#8835 = LINE ( 'NONE', #1396, #7703 ) ;
#8836 = LINE ( 'NONE', #1398, #1823 ) ;
#8837 = CARTESIAN_POINT ( 'NONE',  ( 1.450000000000000178, -1.500000000000000444, -2.000000000000000000 ) ) ;
#8838 = SURFACE_STYLE_USAGE ( .BOTH. , #5539 ) ;
#8839 = SURFACE_STYLE_FILL_AREA ( #5540 ) ;
#8840 = SURFACE_STYLE_USAGE ( .BOTH. , #5541 ) ;
#8841 = PRESENTATION_STYLE_ASSIGNMENT (( #5543 ) ) ;
#8842 = SURFACE_SIDE_STYLE ('',( #5545 ) ) ;
#8843 = SURFACE_STYLE_USAGE ( .BOTH. , #5546 ) ;
#8844 = SURFACE_STYLE_FILL_AREA ( #5547 ) ;
#8845 = DIRECTION ( 'NONE',  ( -1.000000000000000000, -1.239088197126291063E-16, 0.0000000000000000000 ) ) ;
#8846 = LINE ( 'NONE', #1410, #1407 ) ;
#8847 = CARTESIAN_POINT ( 'NONE',  ( -3.815815714343072873, -1.500000000000000222, -3.000000000000000000 ) ) ;
#8848 = CARTESIAN_POINT ( 'NONE',  ( 0.05028734007654758753, 0.2259130397852208705, -0.9899999999999999911 ) ) ;
#8849 = ADVANCED_FACE ( 'NONE', ( #2338 ), #9971, .T. ) ;
#8850 = DIRECTION ( 'NONE',  ( -1.239088197126291063E-16, 1.000000000000000000, 0.0000000000000000000 ) ) ;
#8851 = VERTEX_POINT ( 'NONE', #5667 ) ;
#8852 = VECTOR ( 'NONE', #7990, 1000.000000000000000 ) ;
#8853 = CARTESIAN_POINT ( 'NONE',  ( 0.1016211815399622465, 0.05091303978522087464, -1.000000000000000000 ) ) ;
#8854 = AXIS2_PLACEMENT_3D ( 'NONE', #5075, #8402, #958 ) ;
#8855 = DIRECTION ( 'NONE',  ( 0.0000000000000000000, 0.0000000000000000000, 1.000000000000000000 ) ) ;
#8856 = VERTEX_POINT ( 'NONE', #6588 ) ;
#8857 = DIRECTION ( 'NONE',  ( -0.0000000000000000000, -0.0000000000000000000, -1.000000000000000000 ) ) ;
#8858 = ADVANCED_FACE ( 'NONE', ( #9861 ), #2445, .F. ) ;
#8859 = CARTESIAN_POINT ( 'NONE',  ( 0.06168146004027592888, 0.05804986260159333139, -0.9899999999999997691 ) ) ;
#8860 = ORIENTED_EDGE ( 'NONE', *, *, #4545, .T. ) ;
#8861 = DIRECTION ( 'NONE',  ( -1.000000000000000000, 1.239088197126291063E-16, 0.0000000000000000000 ) ) ;
#8862 = ORIENTED_EDGE ( 'NONE', *, *, #4818, .T. ) ;
#8863 = EDGE_LOOP ( 'NONE', ( #8711, #1935, #7873, #4794 ) ) ;
#8864 = STYLED_ITEM ( 'NONE', ( #5789 ), #1663 ) ;
#8865 =( LENGTH_UNIT ( ) NAMED_UNIT ( * ) SI_UNIT ( .MILLI., .METRE. ) );
#8866 = DIRECTION ( 'NONE',  ( 1.000000000000000000, 4.956352788505162282E-16, -0.0000000000000000000 ) ) ;
#8867 =( NAMED_UNIT ( * ) PLANE_ANGLE_UNIT ( ) SI_UNIT ( $, .RADIAN. ) );
#8868 = FILL_AREA_STYLE ('',( #5574 ) ) ;
#8869 = CARTESIAN_POINT ( 'NONE',  ( 1.749999999999999778, -1.500000000000000000, -2.000000000000000000 ) ) ;
#8870 = SURFACE_STYLE_USAGE ( .BOTH. , #5577 ) ;
#8871 = ORIENTED_EDGE ( 'NONE', *, *, #2463, .F. ) ;
#8872 = EDGE_CURVE ( 'NONE', #8777, #1589, #1983, .T. ) ;
#8873 = EDGE_LOOP ( 'NONE', ( #7975, #4311, #8456, #1726 ) ) ;
#8874 =( NAMED_UNIT ( * ) PLANE_ANGLE_UNIT ( ) SI_UNIT ( $, .RADIAN. ) );
#8875 = SURFACE_STYLE_USAGE ( .BOTH. , #5585 ) ;
#8876 = SURFACE_STYLE_FILL_AREA ( #5587 ) ;
#8877 = UNCERTAINTY_MEASURE_WITH_UNIT (LENGTH_MEASURE( 1.000000000000000082E-05 ), #4501, 'distance_accuracy_value', 'NONE');
#8878 = DIRECTION ( 'NONE',  ( 1.000000000000000000, 0.0000000000000000000, 0.0000000000000000000 ) ) ;
#8879 =( LENGTH_UNIT ( ) NAMED_UNIT ( * ) SI_UNIT ( .MILLI., .METRE. ) );
#8880 = CARTESIAN_POINT ( 'NONE',  ( -0.08629802577711097322, 0.1435959666144891733, -0.9899999999999999911 ) ) ;
#8881 = EDGE_CURVE ( 'NONE', #10553, #1671, #1514, .T. ) ;
#8882 = ORIENTED_EDGE ( 'NONE', *, *, #3156, .F. ) ;
#8883 = DIRECTION ( 'NONE',  ( 0.0000000000000000000, 1.000000000000000000, 0.0000000000000000000 ) ) ;
#8884 = STYLED_ITEM ( 'NONE', ( #10469 ), #866 ) ;
#8885 = CARTESIAN_POINT ( 'NONE',  ( -1.750000000000000666, -0.7500000000000004441, -3.500000000000000000 ) ) ;
#8886 = CARTESIAN_POINT ( 'NONE',  ( 0.2161409986131329897, 0.05335206417546477231, -0.9899999999999999911 ) ) ;
#8887 = CARTESIAN_POINT ( 'NONE',  ( 0.1721829956187173605, 0.1263424571826519960, -0.9899999999999997691 ) ) ;
#8888 = CARTESIAN_POINT ( 'NONE',  ( -0.2794111423082470957, 0.07446107575957355840, -0.9899999999999999911 ) ) ;
#8889 = MECHANICAL_DESIGN_GEOMETRIC_PRESENTATION_REPRESENTATION (  '', ( #7510 ), #919 ) ;
#8890 = ORIENTED_EDGE ( 'NONE', *, *, #8739, .F. ) ;
#8891 = MECHANICAL_DESIGN_GEOMETRIC_PRESENTATION_REPRESENTATION (  '', ( #10599 ), #9226 ) ;
#8892 =( GEOMETRIC_REPRESENTATION_CONTEXT ( 3 ) GLOBAL_UNCERTAINTY_ASSIGNED_CONTEXT ( ( #1752 ) ) GLOBAL_UNIT_ASSIGNED_CONTEXT ( ( #2967, #2157, #1361 ) ) REPRESENTATION_CONTEXT ( 'NONE', 'WORKASPACE' ) );
#8893 = FACE_OUTER_BOUND ( 'NONE', #1311, .T. ) ;
#8894 = FILL_AREA_STYLE ('',( #5601 ) ) ;
#8895 = PRESENTATION_LAYER_ASSIGNMENT (  '', '', ( #2828 ) ) ;
#8896 = PRESENTATION_STYLE_ASSIGNMENT (( #5602 ) ) ;
#8897 = STYLED_ITEM ( 'NONE', ( #8559 ), #1768 ) ;
#8898 = ORIENTED_EDGE ( 'NONE', *, *, #7241, .F. ) ;
#8899 =( GEOMETRIC_REPRESENTATION_CONTEXT ( 3 ) GLOBAL_UNCERTAINTY_ASSIGNED_CONTEXT ( ( #1204 ) ) GLOBAL_UNIT_ASSIGNED_CONTEXT ( ( #10580, #9787, #8983 ) ) REPRESENTATION_CONTEXT ( 'NONE', 'WORKASPACE' ) );
#8900 = CARTESIAN_POINT ( 'NONE',  ( 1.450000000000000178, -1.500000000000000444, -2.000000000000000000 ) ) ;
#8901 = LINE ( 'NONE', #1476, #1688 ) ;
#8902 = SURFACE_SIDE_STYLE ('',( #5607 ) ) ;
#8903 = ORIENTED_EDGE ( 'NONE', *, *, #3143, .T. ) ;
#8904 = PRESENTATION_LAYER_ASSIGNMENT (  '', '', ( #2841 ) ) ;
#8905 = AXIS2_PLACEMENT_3D ( 'NONE', #4140, #7447, #2 ) ;
#8906 = UNCERTAINTY_MEASURE_WITH_UNIT (LENGTH_MEASURE( 1.000000000000000082E-05 ), #5816, 'distance_accuracy_value', 'NONE');
#8907 = ORIENTED_EDGE ( 'NONE', *, *, #4179, .F. ) ;
#8908 =( GEOMETRIC_REPRESENTATION_CONTEXT ( 3 ) GLOBAL_UNCERTAINTY_ASSIGNED_CONTEXT ( ( #5359 ) ) GLOBAL_UNIT_ASSIGNED_CONTEXT ( ( #7749, #6932, #6120 ) ) REPRESENTATION_CONTEXT ( 'NONE', 'WORKASPACE' ) );
#8909 = STYLED_ITEM ( 'NONE', ( #6490 ), #566 ) ;
#8910 = FACE_OUTER_BOUND ( 'NONE', #3465, .T. ) ;
#8911 = ADVANCED_FACE ( 'NONE', ( #8435 ), #989, .T. ) ;
#8912 = SURFACE_SIDE_STYLE ('',( #5614 ) ) ;
#8913 = UNCERTAINTY_MEASURE_WITH_UNIT (LENGTH_MEASURE( 1.000000000000000082E-05 ), #3989, 'distance_accuracy_value', 'NONE');
#8914 = VECTOR ( 'NONE', #5267, 1000.000000000000000 ) ;
#8915 =( NAMED_UNIT ( * ) SI_UNIT ( $, .STERADIAN. ) SOLID_ANGLE_UNIT ( ) );
#8916 = MECHANICAL_DESIGN_GEOMETRIC_PRESENTATION_REPRESENTATION (  '', ( #7538 ), #947 ) ;
#8917 =( GEOMETRIC_REPRESENTATION_CONTEXT ( 3 ) GLOBAL_UNCERTAINTY_ASSIGNED_CONTEXT ( ( #3279 ) ) GLOBAL_UNIT_ASSIGNED_CONTEXT ( ( #1262, #452, #10354 ) ) REPRESENTATION_CONTEXT ( 'NONE', 'WORKASPACE' ) );
#8918 = CARTESIAN_POINT ( 'NONE',  ( 0.2500000000000004441, -1.500000000000000444, -2.000000000000000000 ) ) ;
#8919 = VECTOR ( 'NONE', #5191, 1000.000000000000000 ) ;
#8920 =( LENGTH_UNIT ( ) NAMED_UNIT ( * ) SI_UNIT ( .MILLI., .METRE. ) );
#8921 = PRESENTATION_STYLE_ASSIGNMENT (( #5621 ) ) ;
#8922 = ORIENTED_EDGE ( 'NONE', *, *, #4968, .F. ) ;
#8923 =( GEOMETRIC_REPRESENTATION_CONTEXT ( 3 ) GLOBAL_UNCERTAINTY_ASSIGNED_CONTEXT ( ( #3043 ) ) GLOBAL_UNIT_ASSIGNED_CONTEXT ( ( #5374, #4560, #3749 ) ) REPRESENTATION_CONTEXT ( 'NONE', 'WORKASPACE' ) );
#8924 = CARTESIAN_POINT ( 'NONE',  ( -0.1894611355332085079, 0.03140084466326965168, -0.9899999999999999911 ) ) ;
#8925 = STYLED_ITEM ( 'NONE', ( #4894 ), #8015 ) ;
#8926 = PRESENTATION_LAYER_ASSIGNMENT (  '', '', ( #2864 ) ) ;
#8927 = TOROIDAL_SURFACE ( 'NONE', #4257, 0.7000000000000002887, 0.1499999999999999667 ) ;
#8928 = ORIENTED_EDGE ( 'NONE', *, *, #7470, .F. ) ;
#8929 = CYLINDRICAL_SURFACE ( 'NONE', #6879, 0.1000000000000000056 ) ;
#8930 = PRESENTATION_STYLE_ASSIGNMENT (( #5626 ) ) ;
#8931 = ADVANCED_FACE ( 'NONE', ( #9326 ), #1899, .T. ) ;
#8932 = FACE_OUTER_BOUND ( 'NONE', #9622, .T. ) ;
#8933 = DIRECTION ( 'NONE',  ( 1.445602896647339163E-16, 1.000000000000000000, -0.0000000000000000000 ) ) ;
#8934 = AXIS2_PLACEMENT_3D ( 'NONE', #2047, #5375, #8684 ) ;
#8935 = CARTESIAN_POINT ( 'NONE',  ( 1.749999999999999778, 2.249999999999999112, -3.000000000000000000 ) ) ;
#8936 = STYLED_ITEM ( 'NONE', ( #3029 ), #8199 ) ;
#8937 = EDGE_CURVE ( 'NONE', #3039, #5599, #10224, .T. ) ;
#8938 = CARTESIAN_POINT ( 'NONE',  ( 3.500000000000000444, 2.999999999999999556, -0.5000000000000000000 ) ) ;
#8939 = FILL_AREA_STYLE ('',( #5637 ) ) ;
#8940 = LINE ( 'NONE', #1509, #8645 ) ;
#8941 = CARTESIAN_POINT ( 'NONE',  ( -0.9499999999999996225, -0.6500000000000001332, -2.000000000000000000 ) ) ;
#8942 = SURFACE_STYLE_USAGE ( .BOTH. , #5643 ) ;
#8943 = CARTESIAN_POINT ( 'NONE',  ( 0.1598493380493382077, 0.04402090743545410828, -0.9900000000000002132 ) ) ;
#8944 = ORIENTED_EDGE ( 'NONE', *, *, #2567, .T. ) ;
#8945 = FILL_AREA_STYLE ('',( #5648 ) ) ;
#8946 = VECTOR ( 'NONE', #7624, 1000.000000000000000 ) ;
#8947 = DIRECTION ( 'NONE',  ( -1.000000000000000000, 1.445602896647339410E-16, 0.0000000000000000000 ) ) ;
#8948 = CARTESIAN_POINT ( 'NONE',  ( -0.1933130639216693869, 0.05341720595882260697, -0.9999999999999991118 ) ) ;
#8949 = CARTESIAN_POINT ( 'NONE',  ( -0.2663586223067465619, 0.05926745928642295630, -0.9999999999999995559 ) ) ;
#8950 = PRESENTATION_STYLE_ASSIGNMENT (( #5655 ) ) ;
#8951 = CARTESIAN_POINT ( 'NONE',  ( 0.1236022069861121980, 0.05374865240460126314, -0.9899999999999999911 ) ) ;
#8952 = VECTOR ( 'NONE', #3612, 1000.000000000000000 ) ;
#8953 = VECTOR ( 'NONE', #3728, 1000.000000000000000 ) ;
#8954 = LINE ( 'NONE', #1524, #4080 ) ;
#8955 = ORIENTED_EDGE ( 'NONE', *, *, #10283, .F. ) ;
#8956 = CARTESIAN_POINT ( 'NONE',  ( -1.249999999999999778, -0.6500000000000001332, -2.000000000000000000 ) ) ;
#8957 = STYLED_ITEM ( 'NONE', ( #10058 ), #8911 ) ;
#8958 =( NAMED_UNIT ( * ) SI_UNIT ( $, .STERADIAN. ) SOLID_ANGLE_UNIT ( ) );
#8959 = CARTESIAN_POINT ( 'NONE',  ( 0.3185800230033769553, 0.03140084466326965168, -0.9899999999999999911 ) ) ;
#8960 = ORIENTED_EDGE ( 'NONE', *, *, #1168, .F. ) ;
#8961 = CARTESIAN_POINT ( 'NONE',  ( 0.2161409986131329897, 0.03140084466326965168, -1.000000000000000000 ) ) ;
#8962 = FILL_AREA_STYLE_COLOUR ( '', #4472 ) ;
#8963 = VERTEX_POINT ( 'NONE', #9433 ) ;
#8964 = MECHANICAL_DESIGN_GEOMETRIC_PRESENTATION_REPRESENTATION (  '', ( #7587 ), #1002 ) ;
#8965 =( GEOMETRIC_REPRESENTATION_CONTEXT ( 3 ) GLOBAL_UNCERTAINTY_ASSIGNED_CONTEXT ( ( #5335 ) ) GLOBAL_UNIT_ASSIGNED_CONTEXT ( ( #2484, #1686, #862 ) ) REPRESENTATION_CONTEXT ( 'NONE', 'WORKASPACE' ) );
#8966 = VECTOR ( 'NONE', #9275, 1000.000000000000000 ) ;
#8967 = CARTESIAN_POINT ( 'NONE',  ( 0.2917507547106939492, 0.05335206417546477231, -0.9899999999999999911 ) ) ;
#8968 = ORIENTED_EDGE ( 'NONE', *, *, #6074, .T. ) ;
#8969 =( NAMED_UNIT ( * ) PLANE_ANGLE_UNIT ( ) SI_UNIT ( $, .RADIAN. ) );
#8970 = DIRECTION ( 'NONE',  ( -1.971276677246370286E-16, -1.000000000000000000, 0.0000000000000000000 ) ) ;
#8971 = DIRECTION ( 'NONE',  ( 1.000000000000000000, -1.204669080539449344E-16, -0.0000000000000000000 ) ) ;
#8972 = ORIENTED_EDGE ( 'NONE', *, *, #5707, .T. ) ;
#8973 = CARTESIAN_POINT ( 'NONE',  ( -0.6499999999999995781, -1.500000000000000444, -2.000000000000000000 ) ) ;
#8974 = DIRECTION ( 'NONE',  ( 1.000000000000000000, 2.168404344971008868E-16, 0.0000000000000000000 ) ) ;
#8975 = FACE_OUTER_BOUND ( 'NONE', #4641, .T. ) ;
#8976 = EDGE_CURVE ( 'NONE', #6213, #1908, #10670, .T. ) ;
#8977 = VERTEX_POINT ( 'NONE', #1198 ) ;
#8978 = CARTESIAN_POINT ( 'NONE',  ( -0.3862980257771109760, 0.2314008446632696836, -0.9899999999999999911 ) ) ;
#8979 = CARTESIAN_POINT ( 'NONE',  ( -3.499999999999999556, 2.999999999999999556, -0.5000000000000000000 ) ) ;
#8980 = PRESENTATION_STYLE_ASSIGNMENT (( #5695 ) ) ;
#8981 = FACE_OUTER_BOUND ( 'NONE', #3531, .T. ) ;
#8982 = SURFACE_STYLE_FILL_AREA ( #5697 ) ;
#8983 =( NAMED_UNIT ( * ) SI_UNIT ( $, .STERADIAN. ) SOLID_ANGLE_UNIT ( ) );
#8984 = SURFACE_SIDE_STYLE ('',( #5699 ) ) ;
#8985 = EDGE_CURVE ( 'NONE', #3987, #5307, #4524, .T. ) ;
#8986 = DIRECTION ( 'NONE',  ( -1.517445394471977106E-32, -1.224646799147353207E-16, 1.000000000000000000 ) ) ;
#8987 = LINE ( 'NONE', #9882, #5462 ) ;
#8988 = VERTEX_POINT ( 'NONE', #3697 ) ;
#8989 = FACE_OUTER_BOUND ( 'NONE', #7400, .T. ) ;
#8990 =( NAMED_UNIT ( * ) SI_UNIT ( $, .STERADIAN. ) SOLID_ANGLE_UNIT ( ) );
#8991 = ADVANCED_FACE ( 'NONE', ( #7009 ), #2211, .T. ) ;
#8992 = CARTESIAN_POINT ( 'NONE',  ( 1.749999999999999556, 0.7499999999999988898, -3.000000000000000000 ) ) ;
#8993 = FILL_AREA_STYLE_COLOUR ( '', #801 ) ;
#8994 = CARTESIAN_POINT ( 'NONE',  ( -0.2429758434193948491, 0.06936147093135971997, -0.9900000000000002132 ) ) ;
#8995 = CARTESIAN_POINT ( 'NONE',  ( 0.1129130463856885813, 0.2105941417218607503, -1.000000000000000000 ) ) ;
#8996 = DIRECTION ( 'NONE',  ( -0.0000000000000000000, -1.000000000000000000, 0.0000000000000000000 ) ) ;
#8997 = CARTESIAN_POINT ( 'NONE',  ( 0.06199052584295242779, 0.03606930704632978213, -0.9999999999999995559 ) ) ;
#8998 = VERTEX_POINT ( 'NONE', #10281 ) ;
#8999 = EDGE_CURVE ( 'NONE', #823, #9982, #3604, .T. ) ;
#9000 = SURFACE_SIDE_STYLE ('',( #5716 ) ) ;
#9001 = FILL_AREA_STYLE ('',( #5717 ) ) ;
#9002 = LINE ( 'NONE', #1574, #2032 ) ;
#9003 = DIRECTION ( 'NONE',  ( 0.0000000000000000000, 0.0000000000000000000, -1.000000000000000000 ) ) ;
#9004 = VERTEX_POINT ( 'NONE', #10383 ) ;
#9005 = AXIS2_PLACEMENT_3D ( 'NONE', #7449, #3, #3322 ) ;
#9006 = EDGE_LOOP ( 'NONE', ( #8360, #2773, #3428, #6861 ) ) ;
#9007 = UNCERTAINTY_MEASURE_WITH_UNIT (LENGTH_MEASURE( 1.000000000000000082E-05 ), #9019, 'distance_accuracy_value', 'NONE');
#9008 = ORIENTED_EDGE ( 'NONE', *, *, #5937, .T. ) ;
#9009 = EDGE_CURVE ( 'NONE', #360, #7094, #4992, .T. ) ;
#9010 = CARTESIAN_POINT ( 'NONE',  ( 0.08382793516893767560, 0.2333825783002973497, -0.9899999999999999911 ) ) ;
#9011 = FILL_AREA_STYLE_COLOUR ( '', #4418 ) ;
#9012 = MECHANICAL_DESIGN_GEOMETRIC_PRESENTATION_REPRESENTATION (  '', ( #7639 ), #7134 ) ;
#9013 = SURFACE_SIDE_STYLE ('',( #5728 ) ) ;
#9014 = ORIENTED_EDGE ( 'NONE', *, *, #10231, .F. ) ;
#9015 =( LENGTH_UNIT ( ) NAMED_UNIT ( * ) SI_UNIT ( .MILLI., .METRE. ) );
#9016 = CARTESIAN_POINT ( 'NONE',  ( -3.499999999999999556, -3.000000000000000444, -0.5000000000000000000 ) ) ;
#9017 =( NAMED_UNIT ( * ) PLANE_ANGLE_UNIT ( ) SI_UNIT ( $, .RADIAN. ) );
#9018 =( GEOMETRIC_REPRESENTATION_CONTEXT ( 3 ) GLOBAL_UNCERTAINTY_ASSIGNED_CONTEXT ( ( #7614 ) ) GLOBAL_UNIT_ASSIGNED_CONTEXT ( ( #4985, #4165, #9501 ) ) REPRESENTATION_CONTEXT ( 'NONE', 'WORKASPACE' ) );
#9019 =( LENGTH_UNIT ( ) NAMED_UNIT ( * ) SI_UNIT ( .MILLI., .METRE. ) );
#9020 = VERTEX_POINT ( 'NONE', #2170 ) ;
#9021 = ORIENTED_EDGE ( 'NONE', *, *, #1484, .T. ) ;
#9022 = PLANE ( 'NONE',  #7888 ) ;
#9023 = LINE ( 'NONE', #1592, #5505 ) ;
#9024 = CARTESIAN_POINT ( 'NONE',  ( 1.749999999999999778, -1.500000000000000000, -2.000000000000000000 ) ) ;
#9025 = EDGE_CURVE ( 'NONE', #1671, #10553, #6391, .T. ) ;
#9026 = SURFACE_SIDE_STYLE ('',( #5737 ) ) ;
#9027 = SURFACE_STYLE_FILL_AREA ( #5738 ) ;
#9028 = ADVANCED_FACE ( 'NONE', ( #4693 ), #7992, .T. ) ;
#9029 = SURFACE_SIDE_STYLE ('',( #5739 ) ) ;
#9030 = B_SPLINE_CURVE_WITH_KNOTS ( 'NONE', 3,
 ( #2945, #6277, #9560, #2123, #5456, #8770, #1334, #4666, #7967, #512, #3834, #7143, #10401, #2990, #6331, #9614, #2197, #5520, #8820 ),
 .UNSPECIFIED., .F., .F.,
 ( 4, 1, 1, 1, 1, 1, 1, 1, 1, 1, 1, 1, 1, 1, 1, 1, 4 ),
 ( 0.0000000000000000000, 0.07377411937406359865, 0.1440791147260413463, 0.2113485183089115205, 0.2760768857398839260, 0.3385209158196767487, 0.3998851166931336465, 0.4602540674652130792, 0.5205889643912479103, 0.5802076845630441682, 0.6386329085525458416, 0.6963645494905239541, 0.7540017746600128357, 0.8128056813744980458, 0.8727544255255603733, 0.9351819969782670938, 1.000000000000000000 ),
 .UNSPECIFIED. ) ;
#9031 =( NAMED_UNIT ( * ) PLANE_ANGLE_UNIT ( ) SI_UNIT ( $, .RADIAN. ) );
#9032 = DIRECTION ( 'NONE',  ( -1.971276677246370286E-16, -1.000000000000000000, 0.0000000000000000000 ) ) ;
#9033 = SURFACE_STYLE_FILL_AREA ( #5744 ) ;
#9034 = ORIENTED_EDGE ( 'NONE', *, *, #2350, .F. ) ;
#9035 = CARTESIAN_POINT ( 'NONE',  ( -0.2959733498975575805, 0.1301385716644387902, -0.9899999999999999911 ) ) ;
#9036 = FACE_OUTER_BOUND ( 'NONE', #6785, .T. ) ;
#9037 = PRESENTATION_STYLE_ASSIGNMENT (( #5750 ) ) ;
#9038 = EDGE_CURVE ( 'NONE', #1760, #2192, #5370, .T. ) ;
#9039 = CARTESIAN_POINT ( 'NONE',  ( -0.2664337481816178022, 0.1073922068768551896, -0.9999999999999991118 ) ) ;
#9040 = CARTESIAN_POINT ( 'NONE',  ( 0.1720344185326924402, 0.1383716636180050696, -1.000000000000000000 ) ) ;
#9041 = CARTESIAN_POINT ( 'NONE',  ( 0.05028734007654758753, 0.1990837714925379476, -1.000000000000000000 ) ) ;
#9042 = DIRECTION ( 'NONE',  ( 1.445602896647339163E-16, 1.000000000000000000, -0.0000000000000000000 ) ) ;
#9043 = CARTESIAN_POINT ( 'NONE',  ( -0.3499999999999997002, 0.6500000000000001332, -2.000000000000000000 ) ) ;
#9044 = ORIENTED_EDGE ( 'NONE', *, *, #6904, .F. ) ;
#9045 = DIRECTION ( 'NONE',  ( -0.0000000000000000000, -0.0000000000000000000, -1.000000000000000000 ) ) ;
#9046 = EDGE_CURVE ( 'NONE', #7409, #3308, #8638, .T. ) ;
#9047 =( NAMED_UNIT ( * ) SI_UNIT ( $, .STERADIAN. ) SOLID_ANGLE_UNIT ( ) );
#9048 = MECHANICAL_DESIGN_GEOMETRIC_PRESENTATION_REPRESENTATION (  '', ( #7672 ), #1083 ) ;
#9049 = PRESENTATION_STYLE_ASSIGNMENT (( #5760 ) ) ;
#9050 = CARTESIAN_POINT ( 'NONE',  ( -1.750000000000000888, -2.250000000000000444, -3.000000000000000000 ) ) ;
#9051 = EDGE_LOOP ( 'NONE', ( #1892, #1211, #3696, #8039 ) ) ;
#9052 = DIRECTION ( 'NONE',  ( -1.000000000000000000, 1.239088197126291063E-16, 0.0000000000000000000 ) ) ;
#9053 = FILL_AREA_STYLE ('',( #5765 ) ) ;
#9054 = STYLED_ITEM ( 'NONE', ( #7308 ), #747 ) ;
#9055 = EDGE_CURVE ( 'NONE', #6416, #6774, #3194, .T. ) ;
#9056 = COLOUR_RGB ( '',0.7921568627450980005, 0.8196078431372548767, 0.9333333333333333481 ) ;
#9057 = DIRECTION ( 'NONE',  ( 1.000000000000000000, -1.445602896647339163E-16, 0.0000000000000000000 ) ) ;
#9058 = ORIENTED_EDGE ( 'NONE', *, *, #10268, .F. ) ;
#9059 = CARTESIAN_POINT ( 'NONE',  ( 0.2500000000000004441, 1.500000000000000444, -2.000000000000000000 ) ) ;
#9060 = ORIENTED_EDGE ( 'NONE', *, *, #3644, .F. ) ;
#9061 = CIRCLE ( 'NONE', #4396, 0.5500000000000001554 ) ;
#9062 = VECTOR ( 'NONE', #7272, 1000.000000000000000 ) ;
#9063 = COLOUR_RGB ( '',0.7529411764705882248, 0.7529411764705882248, 0.7529411764705882248 ) ;
#9064 = TOROIDAL_SURFACE ( 'NONE', #2999, 0.7000000000000002887, 0.1499999999999999667 ) ;
#9065 = DIRECTION ( 'NONE',  ( -1.000000000000000000, 1.239088197126291063E-16, 0.0000000000000000000 ) ) ;
#9066 = ORIENTED_EDGE ( 'NONE', *, *, #10218, .T. ) ;
#9067 = DIRECTION ( 'NONE',  ( -1.239088197126291063E-16, 1.000000000000000000, 0.0000000000000000000 ) ) ;
#9068 = STYLED_ITEM ( 'NONE', ( #9146 ), #9768 ) ;
#9069 = SURFACE_STYLE_FILL_AREA ( #5777 ) ;
#9070 = AXIS2_PLACEMENT_3D ( 'NONE', #2316, #3257, #6575 ) ;
#9071 = AXIS2_PLACEMENT_3D ( 'NONE', #9656, #2234, #5558 ) ;
#9072 = EDGE_CURVE ( 'NONE', #271, #9336, #2389, .T. ) ;
#9073 = VECTOR ( 'NONE', #4612, 1000.000000000000000 ) ;
#9074 = CARTESIAN_POINT ( 'NONE',  ( -0.08629802577711097322, 0.1435959666144891733, -0.9899999999999999911 ) ) ;
#9075 = COLOUR_RGB ( '',0.9882352941176471006, 0.7372549019607843590, 0.5176470588235293491 ) ;
#9076 = CARTESIAN_POINT ( 'NONE',  ( 3.500000000000000444, 0.7499999999999986677, -3.000000000000000000 ) ) ;
#9077 = ORIENTED_EDGE ( 'NONE', *, *, #389, .F. ) ;
#9078 = ORIENTED_EDGE ( 'NONE', *, *, #8238, .T. ) ;
#9079 = SURFACE_STYLE_USAGE ( .BOTH. , #5783 ) ;
#9080 = FACE_OUTER_BOUND ( 'NONE', #3844, .T. ) ;
#9081 = MECHANICAL_DESIGN_GEOMETRIC_PRESENTATION_REPRESENTATION (  '', ( #7701 ), #1116 ) ;
#9082 = AXIS2_PLACEMENT_3D ( 'NONE', #3222, #6543, #9822 ) ;
#9083 = AXIS2_PLACEMENT_3D ( 'NONE', #8023, #568, #3898 ) ;
#9084 =( GEOMETRIC_REPRESENTATION_CONTEXT ( 3 ) GLOBAL_UNCERTAINTY_ASSIGNED_CONTEXT ( ( #766 ) ) GLOBAL_UNIT_ASSIGNED_CONTEXT ( ( #6001, #5183, #4365 ) ) REPRESENTATION_CONTEXT ( 'NONE', 'WORKASPACE' ) );
#9085 = AXIS2_PLACEMENT_3D ( 'NONE', #3732, #7043, #10316 ) ;
#9086 = DIRECTION ( 'NONE',  ( 1.000000000000000000, -0.0000000000000000000, -0.0000000000000000000 ) ) ;
#9087 = SURFACE_STYLE_FILL_AREA ( #5792 ) ;
#9088 = CIRCLE ( 'NONE', #4430, 0.1499999999999999667 ) ;
#9089 = AXIS2_PLACEMENT_3D ( 'NONE', #5058, #123, #3441 ) ;
#9090 = DIRECTION ( 'NONE',  ( 0.0000000000000000000, -1.000000000000000000, 0.0000000000000000000 ) ) ;
#9091 = VECTOR ( 'NONE', #11, 1000.000000000000000 ) ;
#9092 = CYLINDRICAL_SURFACE ( 'NONE', #9238, 0.5000000000000000000 ) ;
#9093 = ORIENTED_EDGE ( 'NONE', *, *, #5702, .F. ) ;
#9094 = CARTESIAN_POINT ( 'NONE',  ( -0.2794111423082470957, 0.07446107575957355840, -1.000000000000000000 ) ) ;
#9095 = SURFACE_STYLE_FILL_AREA ( #5803 ) ;
#9096 =( NAMED_UNIT ( * ) PLANE_ANGLE_UNIT ( ) SI_UNIT ( $, .RADIAN. ) );
#9097 = CARTESIAN_POINT ( 'NONE',  ( -0.3106882696795499887, 0.03140084466326965168, -0.9899999999999999911 ) ) ;
#9098 = AXIS2_PLACEMENT_3D ( 'NONE', #1666, #4986, #8308 ) ;
#9099 = COLOUR_RGB ( '',0.2509803921568627416, 0.2509803921568627416, 0.2509803921568627416 ) ;
#9100 = STYLED_ITEM ( 'NONE', ( #8315 ), #4397 ) ;
#9101 = ORIENTED_EDGE ( 'NONE', *, *, #3824, .F. ) ;
#9102 = CARTESIAN_POINT ( 'NONE',  ( 3.549999999999999378, 2.249999999999998668, -3.500000000000000000 ) ) ;
#9103 = DIRECTION ( 'NONE',  ( -1.000000000000000000, 1.239088197126291063E-16, 0.0000000000000000000 ) ) ;
#9104 = LINE ( 'NONE', #1683, #3030 ) ;
#9105 = FILL_AREA_STYLE_COLOUR ( '', #6858 ) ;
#9106 = PRESENTATION_LAYER_ASSIGNMENT (  '', '', ( #4449 ) ) ;
#9107 = FILL_AREA_STYLE_COLOUR ( '', #3199 ) ;
#9108 = VERTEX_POINT ( 'NONE', #1566 ) ;
#9109 = EDGE_CURVE ( 'NONE', #6323, #4523, #645, .T. ) ;
#9110 = MECHANICAL_DESIGN_GEOMETRIC_PRESENTATION_REPRESENTATION (  '', ( #7733 ), #1149 ) ;
#9111 = MECHANICAL_DESIGN_GEOMETRIC_PRESENTATION_REPRESENTATION (  '', ( #10480 ), #6371 ) ;
#9112 = FILL_AREA_STYLE_COLOUR ( '', #5628 ) ;
#9113 = VECTOR ( 'NONE', #1680, 1000.000000000000000 ) ;
#9114 = CARTESIAN_POINT ( 'NONE',  ( 0.1990678278814256574, 0.1276279788096111312, -1.000000000000000000 ) ) ;
#9115 = PLANE ( 'NONE',  #8161 ) ;
#9116 = VECTOR ( 'NONE', #4100, 1000.000000000000000 ) ;
#9117 = VECTOR ( 'NONE', #81, 1000.000000000000000 ) ;
#9118 = EDGE_LOOP ( 'NONE', ( #1841, #8609, #6309, #2119 ) ) ;
#9119 = CARTESIAN_POINT ( 'NONE',  ( -0.6499999999999995781, 1.500000000000000444, -2.000000000000000000 ) ) ;
#9120 =( NAMED_UNIT ( * ) SI_UNIT ( $, .STERADIAN. ) SOLID_ANGLE_UNIT ( ) );
#9121 = DIRECTION ( 'NONE',  ( 0.0000000000000000000, 1.000000000000000000, 0.0000000000000000000 ) ) ;
#9122 = VECTOR ( 'NONE', #10413, 1000.000000000000000 ) ;
#9123 = EDGE_CURVE ( 'NONE', #10385, #9191, #4075, .T. ) ;
#9124 = UNCERTAINTY_MEASURE_WITH_UNIT (LENGTH_MEASURE( 1.000000000000000082E-05 ), #10587, 'distance_accuracy_value', 'NONE');
#9125 = PLANE ( 'NONE',  #10458 ) ;
#9126 = VECTOR ( 'NONE', #9755, 1000.000000000000000 ) ;
#9127 = COLOUR_RGB ( '',0.9882352941176471006, 0.7372549019607843590, 0.5176470588235293491 ) ;
#9128 = EDGE_CURVE ( 'NONE', #9534, #3809, #3265, .T. ) ;
#9129 = DIRECTION ( 'NONE',  ( 1.000000000000000000, 0.0000000000000000000, 0.0000000000000000000 ) ) ;
#9130 = UNCERTAINTY_MEASURE_WITH_UNIT (LENGTH_MEASURE( 1.000000000000000082E-05 ), #3358, 'distance_accuracy_value', 'NONE');
#9131 = ORIENTED_EDGE ( 'NONE', *, *, #3321, .F. ) ;
#9132 = CARTESIAN_POINT ( 'NONE',  ( -1.249999999999999556, -1.500000000000000444, -2.000000000000000000 ) ) ;
#9133 =( GEOMETRIC_REPRESENTATION_CONTEXT ( 3 ) GLOBAL_UNCERTAINTY_ASSIGNED_CONTEXT ( ( #3056 ) ) GLOBAL_UNIT_ASSIGNED_CONTEXT ( ( #6281, #5464, #4669 ) ) REPRESENTATION_CONTEXT ( 'NONE', 'WORKASPACE' ) );
#9134 = PRESENTATION_LAYER_ASSIGNMENT (  '', '', ( #3077 ) ) ;
#9135 = STYLED_ITEM ( 'NONE', ( #8896 ), #5279 ) ;
#9136 = PLANE ( 'NONE',  #6039 ) ;
#9137 = FILL_AREA_STYLE_COLOUR ( '', #5974 ) ;
#9138 = ORIENTED_EDGE ( 'NONE', *, *, #6417, .F. ) ;
#9139 = ORIENTED_EDGE ( 'NONE', *, *, #9628, .F. ) ;
#9140 = FILL_AREA_STYLE ('',( #5850 ) ) ;
#9141 =( NAMED_UNIT ( * ) PLANE_ANGLE_UNIT ( ) SI_UNIT ( $, .RADIAN. ) );
#9142 = MECHANICAL_DESIGN_GEOMETRIC_PRESENTATION_REPRESENTATION (  '', ( #7770 ), #1175 ) ;
#9143 = STYLED_ITEM ( 'NONE', ( #5593 ), #5576 ) ;
#9144 = EDGE_CURVE ( 'NONE', #5044, #6275, #2436, .T. ) ;
#9145 = CARTESIAN_POINT ( 'NONE',  ( -1.549999999999999600, 0.8000000000000001554, -2.000000000000000000 ) ) ;
#9146 = PRESENTATION_STYLE_ASSIGNMENT (( #5857 ) ) ;
#9147 = CARTESIAN_POINT ( 'NONE',  ( 1.450000000000000178, -2.050000000000000711, -2.000000000000000000 ) ) ;
#9148 = DIRECTION ( 'NONE',  ( -1.000000000000000000, 1.239088197126291063E-16, 0.0000000000000000000 ) ) ;
#9149 = SURFACE_SIDE_STYLE ('',( #5861 ) ) ;
#9150 = SURFACE_SIDE_STYLE ('',( #5862 ) ) ;
#9151 = EDGE_LOOP ( 'NONE', ( #605, #7807, #8641, #7965 ) ) ;
#9152 = CARTESIAN_POINT ( 'NONE',  ( -0.2222259852778986355, 0.03512453073702262452, -0.9899999999999999911 ) ) ;
#9153 = CARTESIAN_POINT ( 'NONE',  ( -0.3974186560519732958, 0.1991262353145079600, -1.000000000000000222 ) ) ;
#9154 = PLANE ( 'NONE',  #1148 ) ;
#9155 = ORIENTED_EDGE ( 'NONE', *, *, #9328, .T. ) ;
#9156 = SURFACE_SIDE_STYLE ('',( #5871 ) ) ;
#9157 = CARTESIAN_POINT ( 'NONE',  ( 1.649999999999999023, 2.999999999999998668, -0.5000000000000000000 ) ) ;
#9158 = CARTESIAN_POINT ( 'NONE',  ( 0.06116090429939480960, 0.2047392467859495413, -0.9899999999999999911 ) ) ;
#9159 = ORIENTED_EDGE ( 'NONE', *, *, #5718, .T. ) ;
#9160 = DIRECTION ( 'NONE',  ( -1.517445394471977106E-32, -1.224646799147353207E-16, 1.000000000000000000 ) ) ;
#9161 = CARTESIAN_POINT ( 'NONE',  ( -0.04999999999999969746, 1.500000000000000444, -2.000000000000000000 ) ) ;
#9162 = CARTESIAN_POINT ( 'NONE',  ( 0.1830725980383426099, 0.1890021161431773011, -0.9899999999999999911 ) ) ;
#9163 = ADVANCED_FACE ( 'NONE', ( #1612 ), #5333, .T. ) ;
#9164 = ORIENTED_EDGE ( 'NONE', *, *, #3875, .F. ) ;
#9165 =( LENGTH_UNIT ( ) NAMED_UNIT ( * ) SI_UNIT ( .MILLI., .METRE. ) );
#9166 = CARTESIAN_POINT ( 'NONE',  ( -0.2304079144501935683, 0.06145318739358690552, -0.9899999999999993250 ) ) ;
#9167 = DIRECTION ( 'NONE',  ( -1.000000000000000000, -1.239088197126291063E-16, 0.0000000000000000000 ) ) ;
#9168 = SURFACE_STYLE_USAGE ( .BOTH. , #5884 ) ;
#9169 = DIRECTION ( 'NONE',  ( -1.000000000000000000, -1.239088197126291063E-16, 0.0000000000000000000 ) ) ;
#9170 = DIRECTION ( 'NONE',  ( -1.000000000000000000, 1.239088197126291063E-16, 0.0000000000000000000 ) ) ;
#9171 = CARTESIAN_POINT ( 'NONE',  ( -0.3499999999999996447, -1.500000000000000444, -2.000000000000000000 ) ) ;
#9172 = EDGE_CURVE ( 'NONE', #10236, #592, #8420, .T. ) ;
#9173 = STYLED_ITEM ( 'NONE', ( #7495 ), #1243 ) ;
#9174 = VERTEX_POINT ( 'NONE', #7596 ) ;
#9175 = CARTESIAN_POINT ( 'NONE',  ( 0.1796682017089879790, 0.06295933613029600084, -1.000000000000000222 ) ) ;
#9176 = SURFACE_SIDE_STYLE ('',( #5890 ) ) ;
#9177 = ORIENTED_EDGE ( 'NONE', *, *, #2093, .F. ) ;
#9178 = ORIENTED_EDGE ( 'NONE', *, *, #7734, .F. ) ;
#9179 =( NAMED_UNIT ( * ) SI_UNIT ( $, .STERADIAN. ) SOLID_ANGLE_UNIT ( ) );
#9180 = MECHANICAL_DESIGN_GEOMETRIC_PRESENTATION_REPRESENTATION (  '', ( #2779 ), #2258 ) ;
#9181 = CARTESIAN_POINT ( 'NONE',  ( -0.2690319045723272295, 0.1423631949932201712, -1.000000000000000444 ) ) ;
#9182 = CARTESIAN_POINT ( 'NONE',  ( -3.550000000000000711, -2.250000000000000444, -3.000000000000000000 ) ) ;
#9183 = DIRECTION ( 'NONE',  ( 2.168404344971009115E-16, 1.000000000000000000, -0.0000000000000000000 ) ) ;
#9184 = CARTESIAN_POINT ( 'NONE',  ( -0.2422690621515914411, 0.1949069258215740674, -0.9899999999999997691 ) ) ;
#9185 = CARTESIAN_POINT ( 'NONE',  ( -0.1915190623624768440, 0.2314008446632696836, -1.000000000000000000 ) ) ;
#9186 = PRESENTATION_STYLE_ASSIGNMENT (( #5901 ) ) ;
#9187 =( LENGTH_UNIT ( ) NAMED_UNIT ( * ) SI_UNIT ( .MILLI., .METRE. ) );
#9188 = APPLICATION_CONTEXT ( 'automotive_design' ) ;
#9189 = EDGE_CURVE ( 'NONE', #353, #7142, #158, .T. ) ;
#9190 = FILL_AREA_STYLE ('',( #5903 ) ) ;
#9191 = VERTEX_POINT ( 'NONE', #10048 ) ;
#9192 = FILL_AREA_STYLE ('',( #5906 ) ) ;
#9193 = FILL_AREA_STYLE ('',( #5908 ) ) ;
#9194 = VERTEX_POINT ( 'NONE', #2641 ) ;
#9195 = PRESENTATION_STYLE_ASSIGNMENT (( #5911 ) ) ;
#9196 = CARTESIAN_POINT ( 'NONE',  ( 0.06835231242753610215, 0.03384840532427133702, -1.000000000000000222 ) ) ;
#9197 = CARTESIAN_POINT ( 'NONE',  ( 0.09501380437856553340, 0.2118567414220507150, -1.000000000000000222 ) ) ;
#9198 = LINE ( 'NONE', #10105, #4770 ) ;
#9199 = EDGE_CURVE ( 'NONE', #7900, #1801, #5961, .T. ) ;
#9200 = ORIENTED_EDGE ( 'NONE', *, *, #3355, .F. ) ;
#9201 = CARTESIAN_POINT ( 'NONE',  ( -0.1350785135819890237, 0.03140084466326965168, -0.9899999999999999911 ) ) ;
#9202 = LINE ( 'NONE', #1781, #5651 ) ;
#9203 = AXIS2_PLACEMENT_3D ( 'NONE', #2098, #5423, #8729 ) ;
#9204 = CARTESIAN_POINT ( 'NONE',  ( 0.1377567573239772414, 0.2267391302264110120, -0.9999999999999995559 ) ) ;
#9205 = CARTESIAN_POINT ( 'NONE',  ( -0.1933130639216693869, 0.05341720595882260697, -1.000000000000000000 ) ) ;
#9206 = ORIENTED_EDGE ( 'NONE', *, *, #8600, .T. ) ;
#9207 = LINE ( 'NONE', #1787, #2504 ) ;
#9208 = CARTESIAN_POINT ( 'NONE',  ( 1.450000000000000178, 2.200000000000000622, -2.000000000000000000 ) ) ;
#9209 = PRESENTATION_STYLE_ASSIGNMENT (( #5924 ) ) ;
#9210 = UNCERTAINTY_MEASURE_WITH_UNIT (LENGTH_MEASURE( 1.000000000000000082E-05 ), #4738, 'distance_accuracy_value', 'NONE');
#9211 = DIRECTION ( 'NONE',  ( -1.000000000000000000, -1.239088197126291063E-16, 0.0000000000000000000 ) ) ;
#9212 = CARTESIAN_POINT ( 'NONE',  ( 1.749999999999999112, -2.250000000000000888, -3.000000000000000000 ) ) ;
#9213 = UNCERTAINTY_MEASURE_WITH_UNIT (LENGTH_MEASURE( 1.000000000000000082E-05 ), #9390, 'distance_accuracy_value', 'NONE');
#9214 = DIRECTION ( 'NONE',  ( -1.517445394471977106E-32, 1.224646799147353207E-16, -1.000000000000000000 ) ) ;
#9215 = ORIENTED_EDGE ( 'NONE', *, *, #2606, .T. ) ;
#9216 = DIRECTION ( 'NONE',  ( -1.000000000000000000, 1.239088197126291063E-16, 0.0000000000000000000 ) ) ;
#9217 = PRESENTATION_LAYER_ASSIGNMENT (  '', '', ( #3167 ) ) ;
#9218 = PLANE ( 'NONE',  #8303 ) ;
#9219 = UNCERTAINTY_MEASURE_WITH_UNIT (LENGTH_MEASURE( 1.000000000000000082E-05 ), #3646, 'distance_accuracy_value', 'NONE');
#9220 = TOROIDAL_SURFACE ( 'NONE', #4585, 0.7000000000000002887, 0.1499999999999999667 ) ;
#9221 = DIRECTION ( 'NONE',  ( -1.000000000000000000, 2.168404344971008868E-16, -0.0000000000000000000 ) ) ;
#9222 = ORIENTED_EDGE ( 'NONE', *, *, #7818, .F. ) ;
#9223 = ORIENTED_EDGE ( 'NONE', *, *, #4668, .T. ) ;
#9224 = SURFACE_STYLE_USAGE ( .BOTH. , #5935 ) ;
#9225 = ADVANCED_FACE ( 'NONE', ( #5155 ), #8481, .F. ) ;
#9226 =( GEOMETRIC_REPRESENTATION_CONTEXT ( 3 ) GLOBAL_UNCERTAINTY_ASSIGNED_CONTEXT ( ( #9867 ) ) GLOBAL_UNIT_ASSIGNED_CONTEXT ( ( #6246, #5415, #4620 ) ) REPRESENTATION_CONTEXT ( 'NONE', 'WORKASPACE' ) );
#9227 = VECTOR ( 'NONE', #7500, 1000.000000000000000 ) ;
#9228 = CARTESIAN_POINT ( 'NONE',  ( -0.2079418916033849429, 0.2083858240298902542, -1.000000000000000000 ) ) ;
#9229 =( LENGTH_UNIT ( ) NAMED_UNIT ( * ) SI_UNIT ( .MILLI., .METRE. ) );
#9230 = AXIS2_PLACEMENT_3D ( 'NONE', #3959, #7264, #10535 ) ;
#9231 = FACE_OUTER_BOUND ( 'NONE', #2405, .T. ) ;
#9232 = CARTESIAN_POINT ( 'NONE',  ( -0.2888044350399307514, 0.1739616130221148249, -1.000000000000000222 ) ) ;
#9233 = AXIS2_PLACEMENT_3D ( 'NONE', #4688, #7988, #534 ) ;
#9234 = MECHANICAL_DESIGN_GEOMETRIC_PRESENTATION_REPRESENTATION (  '', ( #7874 ), #1279 ) ;
#9235 = AXIS2_PLACEMENT_3D ( 'NONE', #9304, #1878, #5194 ) ;
#9236 =( LENGTH_UNIT ( ) NAMED_UNIT ( * ) SI_UNIT ( .MILLI., .METRE. ) );
#9237 = CLOSED_SHELL ( 'NONE', ( #5015, #9750, #8715, #5182 ) ) ;
#9238 = AXIS2_PLACEMENT_3D ( 'NONE', #7526, #89, #3411 ) ;
#9239 = CARTESIAN_POINT ( 'NONE',  ( 1.649999999999998357, -3.000000000000000444, -1.000000000000000000 ) ) ;
#9240 = FACE_OUTER_BOUND ( 'NONE', #6161, .T. ) ;
#9241 = TOROIDAL_SURFACE ( 'NONE', #4604, 0.7000000000000002887, 0.1499999999999999667 ) ;
#9242 =( NAMED_UNIT ( * ) SI_UNIT ( $, .STERADIAN. ) SOLID_ANGLE_UNIT ( ) );
#9243 = EDGE_CURVE ( 'NONE', #8977, #2827, #6080, .T. ) ;
#9244 = MECHANICAL_DESIGN_GEOMETRIC_PRESENTATION_REPRESENTATION (  '', ( #7885 ), #1292 ) ;
#9245 = VECTOR ( 'NONE', #7466, 1000.000000000000000 ) ;
#9246 = ORIENTED_EDGE ( 'NONE', *, *, #10163, .T. ) ;
#9247 =( NAMED_UNIT ( * ) SI_UNIT ( $, .STERADIAN. ) SOLID_ANGLE_UNIT ( ) );
#9248 = CARTESIAN_POINT ( 'NONE',  ( -3.550000000000000266, 0.7499999999999995559, -3.500000000000000000 ) ) ;
#9249 =( NAMED_UNIT ( * ) SI_UNIT ( $, .STERADIAN. ) SOLID_ANGLE_UNIT ( ) );
#9250 =( GEOMETRIC_REPRESENTATION_CONTEXT ( 3 ) GLOBAL_UNCERTAINTY_ASSIGNED_CONTEXT ( ( #5772 ) ) GLOBAL_UNIT_ASSIGNED_CONTEXT ( ( #6597, #5782, #4979 ) ) REPRESENTATION_CONTEXT ( 'NONE', 'WORKASPACE' ) );
#9251 = PLANE ( 'NONE',  #8093 ) ;
#9252 = AXIS2_PLACEMENT_3D ( 'NONE', #3314, #6619, #9893 ) ;
#9253 = EDGE_CURVE ( 'NONE', #6774, #4426, #5255, .T. ) ;
#9254 = VECTOR ( 'NONE', #1307, 1000.000000000000000 ) ;
#9255 = ORIENTED_EDGE ( 'NONE', *, *, #7150, .T. ) ;
#9256 = CARTESIAN_POINT ( 'NONE',  ( -0.2230418457391881160, 0.2278218415200957692, -0.9899999999999997691 ) ) ;
#9257 = PRESENTATION_LAYER_ASSIGNMENT (  '', '', ( #3201 ) ) ;
#9258 = AXIS2_PLACEMENT_3D ( 'NONE', #233, #3563, #6869 ) ;
#9259 = CARTESIAN_POINT ( 'NONE',  ( 0.1722385595887427345, 0.1292666983218062615, -1.000000000000000000 ) ) ;
#9260 = STYLED_ITEM ( 'NONE', ( #3110 ), #7171 ) ;
#9261 = CARTESIAN_POINT ( 'NONE',  ( 0.5500000000000003775, 0.9500000000000000666, -2.000000000000000000 ) ) ;
#9262 = VERTEX_POINT ( 'NONE', #4459 ) ;
#9263 = CARTESIAN_POINT ( 'NONE',  ( 0.01126294983264515548, 0.03140084466326965168, -0.9899999999999999911 ) ) ;
#9264 = ORIENTED_EDGE ( 'NONE', *, *, #9820, .T. ) ;
#9265 = EDGE_CURVE ( 'NONE', #703, #9872, #8205, .T. ) ;
#9266 = FILL_AREA_STYLE_COLOUR ( '', #7427 ) ;
#9267 =( GEOMETRIC_REPRESENTATION_CONTEXT ( 3 ) GLOBAL_UNCERTAINTY_ASSIGNED_CONTEXT ( ( #4003 ) ) GLOBAL_UNIT_ASSIGNED_CONTEXT ( ( #7478, #6654, #5859 ) ) REPRESENTATION_CONTEXT ( 'NONE', 'WORKASPACE' ) );
#9268 = CIRCLE ( 'NONE', #4622, 0.1499999999999999667 ) ;
#9269 = CARTESIAN_POINT ( 'NONE',  ( -0.3959372008069750315, 0.1938977861182806239, -1.000000000000000000 ) ) ;
#9270 = TOROIDAL_SURFACE ( 'NONE', #4625, 0.7000000000000002887, 0.1499999999999999667 ) ;
#9271 =( GEOMETRIC_REPRESENTATION_CONTEXT ( 3 ) GLOBAL_UNCERTAINTY_ASSIGNED_CONTEXT ( ( #2709 ) ) GLOBAL_UNIT_ASSIGNED_CONTEXT ( ( #578, #10497, #9687 ) ) REPRESENTATION_CONTEXT ( 'NONE', 'WORKASPACE' ) );
#9272 = VECTOR ( 'NONE', #8580, 1000.000000000000000 ) ;
#9273 = SURFACE_SIDE_STYLE ('',( #5971 ) ) ;
#9274 = PRESENTATION_LAYER_ASSIGNMENT (  '', '', ( #4634 ) ) ;
#9275 = DIRECTION ( 'NONE',  ( -1.000000000000000000, 0.0000000000000000000, 0.0000000000000000000 ) ) ;
#9276 = CARTESIAN_POINT ( 'NONE',  ( -0.2664337481816178022, 0.1073922068768551896, -1.000000000000000000 ) ) ;
#9277 = ORIENTED_EDGE ( 'NONE', *, *, #652, .F. ) ;
#9278 =( LENGTH_UNIT ( ) NAMED_UNIT ( * ) SI_UNIT ( .MILLI., .METRE. ) );
#9279 = DIRECTION ( 'NONE',  ( 0.0000000000000000000, 0.0000000000000000000, -1.000000000000000000 ) ) ;
#9280 = COLOUR_RGB ( '',0.9882352941176471006, 0.7372549019607843590, 0.5176470588235293491 ) ;
#9281 = PRESENTATION_LAYER_ASSIGNMENT (  '', '', ( #3231 ) ) ;
#9282 = SURFACE_STYLE_FILL_AREA ( #5986 ) ;
#9283 = MECHANICAL_DESIGN_GEOMETRIC_PRESENTATION_REPRESENTATION (  '', ( #7401 ), #3233 ) ;
#9284 = EDGE_LOOP ( 'NONE', ( #10298, #5158, #4491, #4474 ) ) ;
#9285 = CIRCLE ( 'NONE', #7924, 0.1499999999999998557 ) ;
#9286 = CARTESIAN_POINT ( 'NONE',  ( 0.1203185250220432795, 0.2089155538754065289, -0.9899999999999997691 ) ) ;
#9287 = DIRECTION ( 'NONE',  ( 1.000000000000000000, 0.0000000000000000000, -0.0000000000000000000 ) ) ;
#9288 = TOROIDAL_SURFACE ( 'NONE', #4651, 0.7000000000000002887, 0.1499999999999999667 ) ;
#9289 = AXIS2_PLACEMENT_3D ( 'NONE', #7200, #10470, #3066 ) ;
#9290 = ORIENTED_EDGE ( 'NONE', *, *, #5957, .F. ) ;
#9291 = VERTEX_POINT ( 'NONE', #1189 ) ;
#9292 = DIRECTION ( 'NONE',  ( 0.0000000000000000000, -1.000000000000000000, 0.0000000000000000000 ) ) ;
#9293 = DIRECTION ( 'NONE',  ( -1.239088197126291063E-16, 1.000000000000000000, 0.0000000000000000000 ) ) ;
#9294 = SURFACE_SIDE_STYLE ('',( #6008 ) ) ;
#9295 = COLOUR_RGB ( '',0.2509803921568627416, 0.2509803921568627416, 0.2509803921568627416 ) ;
#9296 =( NAMED_UNIT ( * ) PLANE_ANGLE_UNIT ( ) SI_UNIT ( $, .RADIAN. ) );
#9297 = PRESENTATION_STYLE_ASSIGNMENT (( #6010 ) ) ;
#9298 = AXIS2_PLACEMENT_3D ( 'NONE', #330, #3654, #6955 ) ;
#9299 = AXIS2_PLACEMENT_3D ( 'NONE', #1205, #4529, #7832 ) ;
#9300 = ADVANCED_FACE ( 'NONE', ( #4517 ), #7812, .T. ) ;
#9301 = DIRECTION ( 'NONE',  ( -1.000000000000000000, 1.239088197126291063E-16, 0.0000000000000000000 ) ) ;
#9302 = LINE ( 'NONE', #1876, #8919 ) ;
#9303 = CARTESIAN_POINT ( 'NONE',  ( 0.09983410269335210585, 0.2118303823241229344, -0.9900000000000002132 ) ) ;
#9304 = CARTESIAN_POINT ( 'NONE',  ( 1.450000000000000178, 1.500000000000000444, -2.000000000000000000 ) ) ;
#9305 = SURFACE_STYLE_USAGE ( .BOTH. , #6018 ) ;
#9306 = STYLED_ITEM ( 'NONE', ( #6200 ), #9300 ) ;
#9307 = ORIENTED_EDGE ( 'NONE', *, *, #3267, .T. ) ;
#9308 = DIRECTION ( 'NONE',  ( 1.971276677246371026E-16, -1.000000000000000000, 0.0000000000000000000 ) ) ;
#9309 = FILL_AREA_STYLE_COLOUR ( '', #7527 ) ;
#9310 = ORIENTED_EDGE ( 'NONE', *, *, #4886, .T. ) ;
#9311 = VECTOR ( 'NONE', #6733, 1000.000000000000000 ) ;
#9312 = CARTESIAN_POINT ( 'NONE',  ( -0.2959742897593317101, 0.1375414818799054750, -0.9899999999999999911 ) ) ;
#9313 = ADVANCED_FACE ( 'NONE', ( #5424 ), #8730, .F. ) ;
#9314 = CARTESIAN_POINT ( 'NONE',  ( 0.1613986357282784501, 0.08353952764844731205, -0.9899999999999997691 ) ) ;
#9315 = SURFACE_SIDE_STYLE ('',( #6029 ) ) ;
#9316 = EDGE_LOOP ( 'NONE', ( #4599, #8048, #9402, #4098 ) ) ;
#9317 = CARTESIAN_POINT ( 'NONE',  ( -1.750000000000000222, 2.249999999999999556, -3.000000000000000000 ) ) ;
#9318 = ORIENTED_EDGE ( 'NONE', *, *, #4886, .F. ) ;
#9319 = ADVANCED_FACE ( 'NONE', ( #6363 ), #9634, .F. ) ;
#9320 =( LENGTH_UNIT ( ) NAMED_UNIT ( * ) SI_UNIT ( .MILLI., .METRE. ) );
#9321 = FILL_AREA_STYLE ('',( #6041 ) ) ;
#9322 = PRESENTATION_STYLE_ASSIGNMENT (( #6042 ) ) ;
#9323 = ORIENTED_EDGE ( 'NONE', *, *, #8985, .F. ) ;
#9324 = DIRECTION ( 'NONE',  ( -2.409338161078899180E-16, -1.000000000000000000, 0.0000000000000000000 ) ) ;
#9325 = LINE ( 'NONE', #1898, #6525 ) ;
#9326 = FACE_OUTER_BOUND ( 'NONE', #8500, .T. ) ;
#9327 = SURFACE_SIDE_STYLE ('',( #6047 ) ) ;
#9328 = EDGE_CURVE ( 'NONE', #2487, #4523, #1177, .T. ) ;
#9329 = UNCERTAINTY_MEASURE_WITH_UNIT (LENGTH_MEASURE( 1.000000000000000082E-05 ), #10205, 'distance_accuracy_value', 'NONE');
#9330 =( NAMED_UNIT ( * ) PLANE_ANGLE_UNIT ( ) SI_UNIT ( $, .RADIAN. ) );
#9331 = FILL_AREA_STYLE ('',( #6050 ) ) ;
#9332 = UNCERTAINTY_MEASURE_WITH_UNIT (LENGTH_MEASURE( 1.000000000000000082E-05 ), #3723, 'distance_accuracy_value', 'NONE');
#9333 = LINE ( 'NONE', #1903, #995 ) ;
#9334 = DIRECTION ( 'NONE',  ( -1.204669080539449590E-16, -1.000000000000000000, 0.0000000000000000000 ) ) ;
#9335 = CARTESIAN_POINT ( 'NONE',  ( 0.1721692966928537738, 0.1323559165103699031, -0.9899999999999999911 ) ) ;
#9336 = VERTEX_POINT ( 'NONE', #6453 ) ;
#9337 = LINE ( 'NONE', #1909, #9652 ) ;
#9338 = EDGE_CURVE ( 'NONE', #904, #9663, #9728, .T. ) ;
#9339 = DIRECTION ( 'NONE',  ( 0.0000000000000000000, 0.0000000000000000000, 1.000000000000000000 ) ) ;
#9340 = ORIENTED_EDGE ( 'NONE', *, *, #2697, .F. ) ;
#9341 = ORIENTED_EDGE ( 'NONE', *, *, #4875, .T. ) ;
#9342 = CARTESIAN_POINT ( 'NONE',  ( 1.150000000000000133, 2.200000000000000622, -2.000000000000000000 ) ) ;
#9343 =( NAMED_UNIT ( * ) PLANE_ANGLE_UNIT ( ) SI_UNIT ( $, .RADIAN. ) );
#9344 = LINE ( 'NONE', #1916, #5981 ) ;
#9345 = CARTESIAN_POINT ( 'NONE',  ( -0.3399565623624768995, 0.03140084466326965168, -0.9899999999999999911 ) ) ;
#9346 = ORIENTED_EDGE ( 'NONE', *, *, #5542, .T. ) ;
#9347 = DIRECTION ( 'NONE',  ( -1.000000000000000000, -1.239088197126291063E-16, 0.0000000000000000000 ) ) ;
#9348 = CARTESIAN_POINT ( 'NONE',  ( -0.3499999999999997002, -0.8000000000000001554, -2.000000000000000000 ) ) ;
#9349 = CARTESIAN_POINT ( 'NONE',  ( 0.1401742421788720050, 0.1993912428881668142, -1.000000000000000222 ) ) ;
#9350 = EDGE_CURVE ( 'NONE', #1306, #2750, #8940, .T. ) ;
#9351 = EDGE_LOOP ( 'NONE', ( #6637, #22, #7378, #9310 ) ) ;
#9352 = SURFACE_STYLE_FILL_AREA ( #6070 ) ;
#9353 = CARTESIAN_POINT ( 'NONE',  ( 0.07857078623940627615, 0.2101821078709532886, -0.9900000000000002132 ) ) ;
#9354 = ADVANCED_FACE ( 'NONE', ( #8139, #682, #4006, #7313, #10581, #3176 ), #6503, .T. ) ;
#9355 = FACE_OUTER_BOUND ( 'NONE', #2698, .T. ) ;
#9356 = SURFACE_SIDE_STYLE ('',( #6073 ) ) ;
#9357 = PRESENTATION_LAYER_ASSIGNMENT (  '', '', ( #3318 ) ) ;
#9358 = EDGE_LOOP ( 'NONE', ( #9907, #8882, #9998, #8605 ) ) ;
#9359 = PRESENTATION_STYLE_ASSIGNMENT (( #6076 ) ) ;
#9360 = CARTESIAN_POINT ( 'NONE',  ( 0.1302108107965832817, 0.05607361744322267305, -1.000000000000000444 ) ) ;
#9361 = ORIENTED_EDGE ( 'NONE', *, *, #6466, .T. ) ;
#9362 = CARTESIAN_POINT ( 'NONE',  ( -1.750000000000000444, 0.7499999999999993339, -3.000000000000000000 ) ) ;
#9363 = EDGE_LOOP ( 'NONE', ( #5915, #1911, #2716, #8746 ) ) ;
#9364 = FACE_OUTER_BOUND ( 'NONE', #4809, .T. ) ;
#9365 = FILL_AREA_STYLE_COLOUR ( '', #5821 ) ;
#9366 = ADVANCED_FACE ( 'NONE', ( #4120 ), #7428, .T. ) ;
#9367 = DIRECTION ( 'NONE',  ( -1.239088197126291063E-16, -1.000000000000000000, 0.0000000000000000000 ) ) ;
#9368 = PLANE ( 'NONE',  #3919 ) ;
#9369 =( NAMED_UNIT ( * ) SI_UNIT ( $, .STERADIAN. ) SOLID_ANGLE_UNIT ( ) );
#9370 = ORIENTED_EDGE ( 'NONE', *, *, #10218, .F. ) ;
#9371 = LINE ( 'NONE', #1943, #8914 ) ;
#9372 = LINE ( 'NONE', #1944, #2356 ) ;
#9373 =( NAMED_UNIT ( * ) PLANE_ANGLE_UNIT ( ) SI_UNIT ( $, .RADIAN. ) );
#9374 = ADVANCED_FACE ( 'NONE', ( #5180 ), #8499, .T. ) ;
#9375 = PRESENTATION_STYLE_ASSIGNMENT (( #6094 ) ) ;
#9376 =( NAMED_UNIT ( * ) SI_UNIT ( $, .STERADIAN. ) SOLID_ANGLE_UNIT ( ) );
#9377 = PRESENTATION_STYLE_ASSIGNMENT (( #6095 ) ) ;
#9378 =( LENGTH_UNIT ( ) NAMED_UNIT ( * ) SI_UNIT ( .MILLI., .METRE. ) );
#9379 = EDGE_CURVE ( 'NONE', #5467, #1191, #6100, .T. ) ;
#9380 = SURFACE_SIDE_STYLE ('',( #6097 ) ) ;
#9381 = FILL_AREA_STYLE ('',( #6098 ) ) ;
#9382 = CARTESIAN_POINT ( 'NONE',  ( -1.750000000000000888, -2.250000000000000444, -3.000000000000000000 ) ) ;
#9383 = EDGE_LOOP ( 'NONE', ( #4454, #2186, #1135, #453 ) ) ;
#9384 = PLANE ( 'NONE',  #7255 ) ;
#9385 = ORIENTED_EDGE ( 'NONE', *, *, #878, .T. ) ;
#9386 = ORIENTED_EDGE ( 'NONE', *, *, #7930, .T. ) ;
#9387 = DIRECTION ( 'NONE',  ( -1.000000000000000000, -1.239088197126291063E-16, 0.0000000000000000000 ) ) ;
#9388 = DIRECTION ( 'NONE',  ( -0.0000000000000000000, -0.0000000000000000000, -1.000000000000000000 ) ) ;
#9389 = VECTOR ( 'NONE', #3113, 1000.000000000000000 ) ;
#9390 =( LENGTH_UNIT ( ) NAMED_UNIT ( * ) SI_UNIT ( .MILLI., .METRE. ) );
#9391 = CARTESIAN_POINT ( 'NONE',  ( -0.01556631846003775181, 0.1216447471022940596, -1.000000000000000000 ) ) ;
#9392 = SURFACE_STYLE_FILL_AREA ( #6112 ) ;
#9393 = ORIENTED_EDGE ( 'NONE', *, *, #6374, .F. ) ;
#9394 = DIRECTION ( 'NONE',  ( 0.0000000000000000000, -1.000000000000000000, 0.0000000000000000000 ) ) ;
#9395 = CIRCLE ( 'NONE', #4750, 0.5500000000000003775 ) ;
#9396 = SURFACE_SIDE_STYLE ('',( #6115 ) ) ;
#9397 = MECHANICAL_DESIGN_GEOMETRIC_PRESENTATION_REPRESENTATION (  '', ( #6133 ), #6645 ) ;
#9398 = CARTESIAN_POINT ( 'NONE',  ( 0.1694444891903013062, 0.1554586752350471668, -0.9899999999999995470 ) ) ;
#9399 = PRESENTATION_LAYER_ASSIGNMENT (  '', '', ( #4754 ) ) ;
#9400 = LINE ( 'NONE', #1974, #755 ) ;
#9401 = CARTESIAN_POINT ( 'NONE',  ( -0.2610031965160497514, 0.1734074089451305423, -0.9999999999999995559 ) ) ;
#9402 = ORIENTED_EDGE ( 'NONE', *, *, #2276, .T. ) ;
#9403 = AXIS2_PLACEMENT_3D ( 'NONE', #1854, #5169, #8492 ) ;
#9404 = DIRECTION ( 'NONE',  ( -0.0000000000000000000, -0.0000000000000000000, -1.000000000000000000 ) ) ;
#9405 = AXIS2_PLACEMENT_3D ( 'NONE', #670, #3994, #7302 ) ;
#9406 =( NAMED_UNIT ( * ) PLANE_ANGLE_UNIT ( ) SI_UNIT ( $, .RADIAN. ) );
#9407 = AXIS2_PLACEMENT_3D ( 'NONE', #4053, #7372, #10649 ) ;
#9408 = ORIENTED_EDGE ( 'NONE', *, *, #9038, .F. ) ;
#9409 = CARTESIAN_POINT ( 'NONE',  ( -0.1915190623624768440, 0.2314008446632696836, -1.000000000000000000 ) ) ;
#9410 = UNCERTAINTY_MEASURE_WITH_UNIT (LENGTH_MEASURE( 1.000000000000000082E-05 ), #4452, 'distance_accuracy_value', 'NONE');
#9411 = CARTESIAN_POINT ( 'NONE',  ( 3.549999999999998934, -2.250000000000001332, -3.500000000000000000 ) ) ;
#9412 = PRESENTATION_STYLE_ASSIGNMENT (( #6125 ) ) ;
#9413 =( GEOMETRIC_REPRESENTATION_CONTEXT ( 3 ) GLOBAL_UNCERTAINTY_ASSIGNED_CONTEXT ( ( #7947 ) ) GLOBAL_UNIT_ASSIGNED_CONTEXT ( ( #9236, #8465, #7629 ) ) REPRESENTATION_CONTEXT ( 'NONE', 'WORKASPACE' ) );
#9414 = CARTESIAN_POINT ( 'NONE',  ( -0.3106882696795499887, 0.03140084466326965168, -0.9899999999999999911 ) ) ;
#9415 = CARTESIAN_POINT ( 'NONE',  ( 0.06025980618681303635, 0.2294404446260246144, -1.000000000000000000 ) ) ;
#9416 = PRESENTATION_LAYER_ASSIGNMENT (  '', '', ( #3369 ) ) ;
#9417 = CARTESIAN_POINT ( 'NONE',  ( -0.01556631846003775181, 0.1216447471022940596, -0.9899999999999999911 ) ) ;
#9418 =( GEOMETRIC_REPRESENTATION_CONTEXT ( 3 ) GLOBAL_UNCERTAINTY_ASSIGNED_CONTEXT ( ( #6537 ) ) GLOBAL_UNIT_ASSIGNED_CONTEXT ( ( #7207, #6405, #5579 ) ) REPRESENTATION_CONTEXT ( 'NONE', 'WORKASPACE' ) );
#9419 = ORIENTED_EDGE ( 'NONE', *, *, #9564, .T. ) ;
#9420 =( NAMED_UNIT ( * ) PLANE_ANGLE_UNIT ( ) SI_UNIT ( $, .RADIAN. ) );
#9421 = CARTESIAN_POINT ( 'NONE',  ( 0.1520628723530736692, 0.03935412135655053101, -0.9999999999999995559 ) ) ;
#9422 = VECTOR ( 'NONE', #1891, 1000.000000000000000 ) ;
#9423 = AXIS2_PLACEMENT_3D ( 'NONE', #6044, #9324, #1897 ) ;
#9424 =( GEOMETRIC_REPRESENTATION_CONTEXT ( 3 ) GLOBAL_UNCERTAINTY_ASSIGNED_CONTEXT ( ( #1746 ) ) GLOBAL_UNIT_ASSIGNED_CONTEXT ( ( #1706, #879, #58 ) ) REPRESENTATION_CONTEXT ( 'NONE', 'WORKASPACE' ) );
#9425 = VECTOR ( 'NONE', #10645, 1000.000000000000000 ) ;
#9426 = COLOUR_RGB ( '',0.9882352941176471006, 0.7372549019607843590, 0.5176470588235293491 ) ;
#9427 = SURFACE_STYLE_USAGE ( .BOTH. , #6137 ) ;
#9428 = CARTESIAN_POINT ( 'NONE',  ( 0.1630794319606998499, 0.2115854446049459936, -1.000000000000000000 ) ) ;
#9429 = EDGE_LOOP ( 'NONE', ( #3833, #5880, #4761, #3164 ) ) ;
#9430 = PRESENTATION_STYLE_ASSIGNMENT (( #6141 ) ) ;
#9431 =( LENGTH_UNIT ( ) NAMED_UNIT ( * ) SI_UNIT ( .MILLI., .METRE. ) );
#9432 = AXIS2_PLACEMENT_3D ( 'NONE', #9348, #1921, #5242 ) ;
#9433 = CARTESIAN_POINT ( 'NONE',  ( 3.549999999999999378, 0.7499999999999986677, -3.500000000000000000 ) ) ;
#9434 = EDGE_CURVE ( 'NONE', #6458, #9595, #9395, .T. ) ;
#9435 = DIRECTION ( 'NONE',  ( -1.000000000000000000, 0.0000000000000000000, 0.0000000000000000000 ) ) ;
#9436 = COLOUR_RGB ( '',0.2509803921568627416, 0.2509803921568627416, 0.2509803921568627416 ) ;
#9437 = MECHANICAL_DESIGN_GEOMETRIC_PRESENTATION_REPRESENTATION (  '', ( #8072 ), #1477 ) ;
#9438 = STYLED_ITEM ( 'NONE', ( #5983 ), #7337 ) ;
#9439 = UNCERTAINTY_MEASURE_WITH_UNIT (LENGTH_MEASURE( 1.000000000000000082E-05 ), #5552, 'distance_accuracy_value', 'NONE');
#9440 = UNCERTAINTY_MEASURE_WITH_UNIT (LENGTH_MEASURE( 1.000000000000000082E-05 ), #5376, 'distance_accuracy_value', 'NONE');
#9441 = PRESENTATION_LAYER_ASSIGNMENT (  '', '', ( #4791 ) ) ;
#9442 = SURFACE_STYLE_USAGE ( .BOTH. , #6151 ) ;
#9443 = CARTESIAN_POINT ( 'NONE',  ( 3.549999999999999378, 2.249999999999998668, -3.500000000000000000 ) ) ;
#9444 = UNCERTAINTY_MEASURE_WITH_UNIT (LENGTH_MEASURE( 1.000000000000000082E-05 ), #1335, 'distance_accuracy_value', 'NONE');
#9445 = VECTOR ( 'NONE', #6806, 1000.000000000000000 ) ;
#9446 = CARTESIAN_POINT ( 'NONE',  ( -3.550000000000000266, 0.7499999999999995559, -3.500000000000000000 ) ) ;
#9447 = MECHANICAL_DESIGN_GEOMETRIC_PRESENTATION_REPRESENTATION (  '', ( #8081 ), #1488 ) ;
#9448 = VECTOR ( 'NONE', #1828, 1000.000000000000000 ) ;
#9449 = CARTESIAN_POINT ( 'NONE',  ( -0.4017515972255387147, 0.1956056797249307311, -0.9900000000000004352 ) ) ;
#9450 =( NAMED_UNIT ( * ) SI_UNIT ( $, .STERADIAN. ) SOLID_ANGLE_UNIT ( ) );
#9451 = EDGE_CURVE ( 'NONE', #5929, #2672, #4486, .T. ) ;
#9452 = SURFACE_STYLE_FILL_AREA ( #6160 ) ;
#9453 = ORIENTED_EDGE ( 'NONE', *, *, #7224, .T. ) ;
#9454 = STYLED_ITEM ( 'NONE', ( #10342 ), #2363 ) ;
#9455 = UNCERTAINTY_MEASURE_WITH_UNIT (LENGTH_MEASURE( 1.000000000000000082E-05 ), #3724, 'distance_accuracy_value', 'NONE');
#9456 = CARTESIAN_POINT ( 'NONE',  ( -0.9499999999999995115, -1.500000000000000444, -2.000000000000000000 ) ) ;
#9457 = ORIENTED_EDGE ( 'NONE', *, *, #835, .F. ) ;
#9458 = ORIENTED_EDGE ( 'NONE', *, *, #1341, .F. ) ;
#9459 = AXIS2_PLACEMENT_3D ( 'NONE', #6887, #10156, #2748 ) ;
#9460 = VECTOR ( 'NONE', #5784, 1000.000000000000000 ) ;
#9461 = ADVANCED_FACE ( 'NONE', ( #3660, #6964 ), #10232, .T. ) ;
#9462 = FILL_AREA_STYLE_COLOUR ( '', #5840 ) ;
#9463 = FILL_AREA_STYLE_COLOUR ( '', #2195 ) ;
#9464 = FILL_AREA_STYLE_COLOUR ( '', #1266 ) ;
#9465 = UNCERTAINTY_MEASURE_WITH_UNIT (LENGTH_MEASURE( 1.000000000000000082E-05 ), #1668, 'distance_accuracy_value', 'NONE');
#9466 = STYLED_ITEM ( 'NONE', ( #2735 ), #2106 ) ;
#9467 = CARTESIAN_POINT ( 'NONE',  ( -0.3981623536935343100, 0.2028960308059524487, -0.9899999999999999911 ) ) ;
#9468 = SURFACE_STYLE_USAGE ( .BOTH. , #6176 ) ;
#9469 = CIRCLE ( 'NONE', #4810, 0.1499999999999999667 ) ;
#9470 = PRESENTATION_LAYER_ASSIGNMENT (  '', '', ( #3418 ) ) ;
#9471 = FILL_AREA_STYLE_COLOUR ( '', #10668 ) ;
#9472 = PRESENTATION_STYLE_ASSIGNMENT (( #6181 ) ) ;
#9473 = CARTESIAN_POINT ( 'NONE',  ( -0.2229455409791067655, 0.2048137931291728608, -0.9899999999999997691 ) ) ;
#9474 = EDGE_CURVE ( 'NONE', #8687, #709, #7897, .T. ) ;
#9475 = ORIENTED_EDGE ( 'NONE', *, *, #7581, .T. ) ;
#9476 = CARTESIAN_POINT ( 'NONE',  ( -0.9499999999999995115, 1.500000000000000444, -2.000000000000000000 ) ) ;
#9477 = DIRECTION ( 'NONE',  ( 4.956352788505162282E-16, -1.000000000000000000, 0.0000000000000000000 ) ) ;
#9478 = VECTOR ( 'NONE', #1001, 1000.000000000000000 ) ;
#9479 = AXIS2_PLACEMENT_3D ( 'NONE', #5928, #9214, #1800 ) ;
#9480 = DIRECTION ( 'NONE',  ( -1.000000000000000000, 0.0000000000000000000, 0.0000000000000000000 ) ) ;
#9481 = CARTESIAN_POINT ( 'NONE',  ( -0.4025708916307694230, 0.1929862105169281861, -0.9899999999999999911 ) ) ;
#9482 = CARTESIAN_POINT ( 'NONE',  ( 0.05581854834929898812, 0.06060248027890945827, -1.000000000000000222 ) ) ;
#9483 = ORIENTED_EDGE ( 'NONE', *, *, #5603, .F. ) ;
#9484 = CARTESIAN_POINT ( 'NONE',  ( -0.2504786955159807871, 0.2166237985200923644, -0.9899999999999997691 ) ) ;
#9485 = PRESENTATION_STYLE_ASSIGNMENT (( #6199 ) ) ;
#9486 = COLOUR_RGB ( '',0.7529411764705882248, 0.7529411764705882248, 0.7529411764705882248 ) ;
#9487 = STYLED_ITEM ( 'NONE', ( #9049 ), #5386 ) ;
#9488 = CARTESIAN_POINT ( 'NONE',  ( -1.249999999999999556, 1.500000000000000444, -2.000000000000000000 ) ) ;
#9489 = ORIENTED_EDGE ( 'NONE', *, *, #8976, .T. ) ;
#9490 = FILL_AREA_STYLE ('',( #6203 ) ) ;
#9491 = CARTESIAN_POINT ( 'NONE',  ( 0.1928745317889363209, 0.08748266555673742118, -0.9899999999999999911 ) ) ;
#9492 = DIRECTION ( 'NONE',  ( -1.000000000000000000, -1.239088197126291063E-16, 0.0000000000000000000 ) ) ;
#9493 = CARTESIAN_POINT ( 'NONE',  ( -1.549999999999999600, 1.500000000000000444, -2.000000000000000000 ) ) ;
#9494 = VECTOR ( 'NONE', #5659, 1000.000000000000000 ) ;
#9495 = DIRECTION ( 'NONE',  ( -1.000000000000000000, -1.239088197126291063E-16, 0.0000000000000000000 ) ) ;
#9496 = ORIENTED_EDGE ( 'NONE', *, *, #6507, .F. ) ;
#9497 = ADVANCED_FACE ( 'NONE', ( #7090 ), #2738, .T. ) ;
#9498 = CARTESIAN_POINT ( 'NONE',  ( 0.0000000000000000000, 0.0000000000000000000, -0.9899999999999999911 ) ) ;
#9499 = CARTESIAN_POINT ( 'NONE',  ( -0.04999999999999960726, -2.200000000000000622, -2.000000000000000000 ) ) ;
#9500 = SURFACE_STYLE_FILL_AREA ( #6215 ) ;
#9501 =( NAMED_UNIT ( * ) SI_UNIT ( $, .STERADIAN. ) SOLID_ANGLE_UNIT ( ) );
#9502 = ADVANCED_FACE ( 'NONE', ( #3108 ), #6435, .T. ) ;
#9503 = CARTESIAN_POINT ( 'NONE',  ( 0.1771937378033493493, 0.1972103781006342704, -0.9899999999999999911 ) ) ;
#9504 = AXIS2_PLACEMENT_3D ( 'NONE', #6944, #10212, #2802 ) ;
#9505 = LINE ( 'NONE', #10390, #6897 ) ;
#9506 = FILL_AREA_STYLE ('',( #6225 ) ) ;
#9507 = FACE_OUTER_BOUND ( 'NONE', #1090, .T. ) ;
#9508 = FILL_AREA_STYLE_COLOUR ( '', #6540 ) ;
#9509 = ORIENTED_EDGE ( 'NONE', *, *, #6864, .T. ) ;
#9510 = LINE ( 'NONE', #2070, #2562 ) ;
#9511 = SURFACE_STYLE_USAGE ( .BOTH. , #6233 ) ;
#9512 = ORIENTED_EDGE ( 'NONE', *, *, #8350, .T. ) ;
#9513 = ORIENTED_EDGE ( 'NONE', *, *, #1682, .F. ) ;
#9514 = ADVANCED_FACE ( 'NONE', ( #4029 ), #7335, .T. ) ;
#9515 = FILL_AREA_STYLE_COLOUR ( '', #6846 ) ;
#9516 = DIRECTION ( 'NONE',  ( -0.0000000000000000000, -0.0000000000000000000, -1.000000000000000000 ) ) ;
#9517 = PRODUCT_CONTEXT ( 'NONE', #8665, 'mechanical' ) ;
#9518 = DIRECTION ( 'NONE',  ( 1.000000000000000000, 0.0000000000000000000, 0.0000000000000000000 ) ) ;
#9519 = LINE ( 'NONE', #2087, #5805 ) ;
#9520 = VERTEX_POINT ( 'NONE', #4961 ) ;
#9521 = SURFACE_STYLE_USAGE ( .BOTH. , #6244 ) ;
#9522 = EDGE_CURVE ( 'NONE', #1715, #656, #9581, .T. ) ;
#9523 = FILL_AREA_STYLE ('',( #6247 ) ) ;
#9524 = DIRECTION ( 'NONE',  ( -1.517445394471977106E-32, 1.224646799147353207E-16, -1.000000000000000000 ) ) ;
#9525 = VERTEX_POINT ( 'NONE', #7453 ) ;
#9526 = CARTESIAN_POINT ( 'NONE',  ( -0.2888044350399307514, 0.1739616130221148249, -1.000000000000000222 ) ) ;
#9527 = UNCERTAINTY_MEASURE_WITH_UNIT (LENGTH_MEASURE( 1.000000000000000082E-05 ), #575, 'distance_accuracy_value', 'NONE');
#9528 = EDGE_CURVE ( 'NONE', #7945, #9982, #222, .T. ) ;
#9529 = COLOUR_RGB ( '',0.9882352941176471006, 0.7372549019607843590, 0.5176470588235293491 ) ;
#9530 = DIRECTION ( 'NONE',  ( 1.000000000000000000, 0.0000000000000000000, 0.0000000000000000000 ) ) ;
#9531 = LINE ( 'NONE', #2097, #6177 ) ;
#9532 = DIRECTION ( 'NONE',  ( 1.000000000000000000, -0.0000000000000000000, 0.0000000000000000000 ) ) ;
#9533 = SURFACE_STYLE_USAGE ( .BOTH. , #6254 ) ;
#9534 = VERTEX_POINT ( 'NONE', #9906 ) ;
#9535 =( NAMED_UNIT ( * ) SI_UNIT ( $, .STERADIAN. ) SOLID_ANGLE_UNIT ( ) );
#9536 = CARTESIAN_POINT ( 'NONE',  ( -0.04999999999999967665, -0.9500000000000000666, -2.000000000000000000 ) ) ;
#9537 = CARTESIAN_POINT ( 'NONE',  ( 0.8500000000000003109, -1.500000000000000444, -2.000000000000000000 ) ) ;
#9538 = DIRECTION ( 'NONE',  ( 0.0000000000000000000, -1.000000000000000000, 0.0000000000000000000 ) ) ;
#9539 = SURFACE_STYLE_USAGE ( .BOTH. , #6259 ) ;
#9540 = DIRECTION ( 'NONE',  ( 1.445602896647339410E-16, 1.000000000000000000, 0.0000000000000000000 ) ) ;
#9541 = EDGE_LOOP ( 'NONE', ( #3437, #9865, #7973, #8757 ) ) ;
#9542 = EDGE_CURVE ( 'NONE', #7126, #6164, #1611, .T. ) ;
#9543 = CARTESIAN_POINT ( 'NONE',  ( -0.08629802577711097322, 0.1435959666144891733, -1.000000000000000000 ) ) ;
#9544 =( LENGTH_UNIT ( ) NAMED_UNIT ( * ) SI_UNIT ( .MILLI., .METRE. ) );
#9545 = STYLED_ITEM ( 'NONE', ( #10389 ), #1079 ) ;
#9546 = EDGE_LOOP ( 'NONE', ( #4335, #3183, #9509, #1032, #339, #327, #7176, #8127 ) ) ;
#9547 = UNCERTAINTY_MEASURE_WITH_UNIT (LENGTH_MEASURE( 1.000000000000000082E-05 ), #2367, 'distance_accuracy_value', 'NONE');
#9548 = FILL_AREA_STYLE_COLOUR ( '', #5586 ) ;
#9549 = DIRECTION ( 'NONE',  ( 0.0000000000000000000, 0.0000000000000000000, -1.000000000000000000 ) ) ;
#9550 = DIRECTION ( 'NONE',  ( -1.517445394471977106E-32, 1.224646799147353207E-16, -1.000000000000000000 ) ) ;
#9551 = CARTESIAN_POINT ( 'NONE',  ( 3.499999999999999556, -3.000000000000000444, -3.500000000000000000 ) ) ;
#9552 =( NAMED_UNIT ( * ) SI_UNIT ( $, .STERADIAN. ) SOLID_ANGLE_UNIT ( ) );
#9553 =( NAMED_UNIT ( * ) PLANE_ANGLE_UNIT ( ) SI_UNIT ( $, .RADIAN. ) );
#9554 = SURFACE_STYLE_FILL_AREA ( #6272 ) ;
#9555 = ORIENTED_EDGE ( 'NONE', *, *, #4234, .T. ) ;
#9556 =( LENGTH_UNIT ( ) NAMED_UNIT ( * ) SI_UNIT ( .MILLI., .METRE. ) );
#9557 = UNCERTAINTY_MEASURE_WITH_UNIT (LENGTH_MEASURE( 1.000000000000000082E-05 ), #1194, 'distance_accuracy_value', 'NONE');
#9558 = ORIENTED_EDGE ( 'NONE', *, *, #9350, .T. ) ;
#9559 = VERTEX_POINT ( 'NONE', #1700 ) ;
#9560 = CARTESIAN_POINT ( 'NONE',  ( 0.1720744804960721852, 0.1206314832239044343, -1.000000000000000222 ) ) ;
#9561 = SURFACE_STYLE_USAGE ( .BOTH. , #6278 ) ;
#9562 = SURFACE_STYLE_USAGE ( .BOTH. , #6279 ) ;
#9563 = SURFACE_STYLE_USAGE ( .BOTH. , #6280 ) ;
#9564 = EDGE_CURVE ( 'NONE', #3891, #5066, #5018, .T. ) ;
#9565 = FILL_AREA_STYLE_COLOUR ( '', #6313 ) ;
#9566 = CARTESIAN_POINT ( 'NONE',  ( -0.04999999999999969746, 1.500000000000000444, -2.000000000000000000 ) ) ;
#9567 =( LENGTH_UNIT ( ) NAMED_UNIT ( * ) SI_UNIT ( .MILLI., .METRE. ) );
#9568 = CIRCLE ( 'NONE', #729, 0.1499999999999999667 ) ;
#9569 = ORIENTED_EDGE ( 'NONE', *, *, #6092, .F. ) ;
#9570 = SURFACE_STYLE_USAGE ( .BOTH. , #6286 ) ;
#9571 = CARTESIAN_POINT ( 'NONE',  ( -1.249999999999999556, -0.9500000000000000666, -2.000000000000000000 ) ) ;
#9572 =( NAMED_UNIT ( * ) SI_UNIT ( $, .STERADIAN. ) SOLID_ANGLE_UNIT ( ) );
#9573 = ORIENTED_EDGE ( 'NONE', *, *, #7096, .F. ) ;
#9574 = DIRECTION ( 'NONE',  ( 0.0000000000000000000, -1.000000000000000000, 0.0000000000000000000 ) ) ;
#9575 = PRESENTATION_LAYER_ASSIGNMENT (  '', '', ( #7177 ) ) ;
#9576 =( GEOMETRIC_REPRESENTATION_CONTEXT ( 3 ) GLOBAL_UNCERTAINTY_ASSIGNED_CONTEXT ( ( #6332 ) ) GLOBAL_UNIT_ASSIGNED_CONTEXT ( ( #4373, #3562, #2736 ) ) REPRESENTATION_CONTEXT ( 'NONE', 'WORKASPACE' ) );
#9577 = CARTESIAN_POINT ( 'NONE',  ( 1.150000000000000133, -2.350000000000000533, -2.000000000000000000 ) ) ;
#9578 = EDGE_CURVE ( 'NONE', #9525, #10542, #9061, .T. ) ;
#9579 = EDGE_LOOP ( 'NONE', ( #166, #4148, #9620, #10391 ) ) ;
#9580 = CARTESIAN_POINT ( 'NONE',  ( 0.8500000000000003109, -1.500000000000000444, -2.000000000000000000 ) ) ;
#9581 = CIRCLE ( 'NONE', #4922, 0.5500000000000001554 ) ;
#9582 = PRESENTATION_LAYER_ASSIGNMENT (  '', '', ( #3533 ) ) ;
#9583 = DIRECTION ( 'NONE',  ( -0.0000000000000000000, -0.0000000000000000000, -1.000000000000000000 ) ) ;
#9584 = EDGE_CURVE ( 'NONE', #7697, #9686, #10427, .T. ) ;
#9585 = COLOUR_RGB ( '',0.9882352941176471006, 0.7372549019607843590, 0.5176470588235293491 ) ;
#9586 = DIRECTION ( 'NONE',  ( 0.0000000000000000000, -0.0000000000000000000, 1.000000000000000000 ) ) ;
#9587 = MECHANICAL_DESIGN_GEOMETRIC_PRESENTATION_REPRESENTATION (  '', ( #8222 ), #1623 ) ;
#9588 = SURFACE_SIDE_STYLE ('',( #6304 ) ) ;
#9589 = MECHANICAL_DESIGN_GEOMETRIC_PRESENTATION_REPRESENTATION (  '', ( #8223 ), #1624 ) ;
#9590 = CARTESIAN_POINT ( 'NONE',  ( 0.09048778416267193314, 0.2337906581534558437, -0.9900000000000002132 ) ) ;
#9591 = DIRECTION ( 'NONE',  ( 1.000000000000000000, 0.0000000000000000000, 0.0000000000000000000 ) ) ;
#9592 = CLOSED_SHELL ( 'NONE', ( #614, #747, #8190, #10433, #4397, #4595, #6441, #631, #10639, #4637, #1775, #10474, #5425, #7289 ) ) ;
#9593 = PRESENTATION_STYLE_ASSIGNMENT (( #6308 ) ) ;
#9594 = STYLED_ITEM ( 'NONE', ( #1879 ), #506 ) ;
#9595 = VERTEX_POINT ( 'NONE', #2561 ) ;
#9596 = TOROIDAL_SURFACE ( 'NONE', #4939, 0.7000000000000002887, 0.1499999999999999667 ) ;
#9597 = CIRCLE ( 'NONE', #4941, 0.5500000000000003775 ) ;
#9598 = EDGE_CURVE ( 'NONE', #360, #7126, #1091, .T. ) ;
#9599 = COLOUR_RGB ( '',0.2509803921568627416, 0.2509803921568627416, 0.2509803921568627416 ) ;
#9600 =( NAMED_UNIT ( * ) PLANE_ANGLE_UNIT ( ) SI_UNIT ( $, .RADIAN. ) );
#9601 = PRESENTATION_STYLE_ASSIGNMENT (( #6312 ) ) ;
#9602 = CARTESIAN_POINT ( 'NONE',  ( 1.749999999999999556, 0.7499999999999988898, -3.000000000000000000 ) ) ;
#9603 = ORIENTED_EDGE ( 'NONE', *, *, #5170, .T. ) ;
#9604 = DIRECTION ( 'NONE',  ( -0.0000000000000000000, -0.0000000000000000000, -1.000000000000000000 ) ) ;
#9605 = DIRECTION ( 'NONE',  ( -1.445602896647339163E-16, -1.000000000000000000, 0.0000000000000000000 ) ) ;
#9606 = CIRCLE ( 'NONE', #4951, 0.1499999999999999667 ) ;
#9607 = DIRECTION ( 'NONE',  ( -1.275531967630004752E-16, -1.000000000000000000, 0.0000000000000000000 ) ) ;
#9608 =( GEOMETRIC_REPRESENTATION_CONTEXT ( 3 ) GLOBAL_UNCERTAINTY_ASSIGNED_CONTEXT ( ( #6743 ) ) GLOBAL_UNIT_ASSIGNED_CONTEXT ( ( #5392, #4581, #3773 ) ) REPRESENTATION_CONTEXT ( 'NONE', 'WORKASPACE' ) );
#9609 = ORIENTED_EDGE ( 'NONE', *, *, #6356, .F. ) ;
#9610 = SURFACE_STYLE_USAGE ( .BOTH. , #6327 ) ;
#9611 = VERTEX_POINT ( 'NONE', #5057 ) ;
#9612 = ORIENTED_EDGE ( 'NONE', *, *, #6131, .T. ) ;
#9613 = PRESENTATION_LAYER_ASSIGNMENT (  '', '', ( #4954 ) ) ;
#9614 = CARTESIAN_POINT ( 'NONE',  ( 0.1165989129238866329, 0.05211877037523910544, -1.000000000000000000 ) ) ;
#9615 = AXIS2_PLACEMENT_3D ( 'NONE', #2925, #6258, #9538 ) ;
#9616 = AXIS2_PLACEMENT_3D ( 'NONE', #1565, #4890, #8195 ) ;
#9617 = SURFACE_STYLE_FILL_AREA ( #6341 ) ;
#9618 = CIRCLE ( 'NONE', #4967, 0.5500000000000003775 ) ;
#9619 = FACE_OUTER_BOUND ( 'NONE', #491, .T. ) ;
#9620 = ORIENTED_EDGE ( 'NONE', *, *, #4166, .F. ) ;
#9621 = CARTESIAN_POINT ( 'NONE',  ( -0.1915190623624768440, 0.2314008446632696836, -0.9899999999999999911 ) ) ;
#9622 = EDGE_LOOP ( 'NONE', ( #9386, #6820, #10068, #8647 ) ) ;
#9623 = FILL_AREA_STYLE_COLOUR ( '', #3065 ) ;
#9624 = AXIS2_PLACEMENT_3D ( 'NONE', #3790, #7097, #10357 ) ;
#9625 =( NAMED_UNIT ( * ) PLANE_ANGLE_UNIT ( ) SI_UNIT ( $, .RADIAN. ) );
#9626 = FILL_AREA_STYLE_COLOUR ( '', #9280 ) ;
#9627 = CARTESIAN_POINT ( 'NONE',  ( -3.550000000000000711, -2.250000000000000444, -3.000000000000000000 ) ) ;
#9628 = EDGE_CURVE ( 'NONE', #8856, #1391, #8371, .T. ) ;
#9629 = CIRCLE ( 'NONE', #4975, 0.5000000000000000000 ) ;
#9630 = MECHANICAL_DESIGN_GEOMETRIC_PRESENTATION_REPRESENTATION (  '', ( #8275 ), #1676 ) ;
#9631 = CARTESIAN_POINT ( 'NONE',  ( -0.09605412333808657777, 0.03140084466326965168, -0.9899999999999999911 ) ) ;
#9632 = CARTESIAN_POINT ( 'NONE',  ( 1.749999999999998890, -3.000000000000000444, -3.500000000000000000 ) ) ;
#9633 = FILL_AREA_STYLE ('',( #6362 ) ) ;
#9634 = PLANE ( 'NONE',  #5872 ) ;
#9635 = FILL_AREA_STYLE ('',( #6364 ) ) ;
#9636 = SURFACE_STYLE_FILL_AREA ( #6365 ) ;
#9637 = AXIS2_PLACEMENT_3D ( 'NONE', #9772, #2355, #5680 ) ;
#9638 = FILL_AREA_STYLE_COLOUR ( '', #8208 ) ;
#9639 =( GEOMETRIC_REPRESENTATION_CONTEXT ( 3 ) GLOBAL_UNCERTAINTY_ASSIGNED_CONTEXT ( ( #1947 ) ) GLOBAL_UNIT_ASSIGNED_CONTEXT ( ( #3053, #2240, #1423 ) ) REPRESENTATION_CONTEXT ( 'NONE', 'WORKASPACE' ) );
#9640 = MECHANICAL_DESIGN_GEOMETRIC_PRESENTATION_REPRESENTATION (  '', ( #8286 ), #1689 ) ;
#9641 = FILL_AREA_STYLE ('',( #6367 ) ) ;
#9642 = PLANE ( 'NONE',  #5448 ) ;
#9643 = ADVANCED_FACE ( 'NONE', ( #7559 ), #3359, .T. ) ;
#9644 = COLOUR_RGB ( '',0.7921568627450980005, 0.8196078431372548767, 0.9333333333333333481 ) ;
#9645 = CARTESIAN_POINT ( 'NONE',  ( -3.499999999999999556, 2.999999999999999556, -0.1000000000000000056 ) ) ;
#9646 = DIRECTION ( 'NONE',  ( 1.000000000000000000, 0.0000000000000000000, 0.0000000000000000000 ) ) ;
#9647 = AXIS2_PLACEMENT_3D ( 'NONE', #493, #3816, #7124 ) ;
#9648 = CIRCLE ( 'NONE', #4993, 0.1499999999999999667 ) ;
#9649 = CARTESIAN_POINT ( 'NONE',  ( 0.05512506691993533658, 0.2278767797689575381, -1.000000000000000222 ) ) ;
#9650 = ORIENTED_EDGE ( 'NONE', *, *, #7930, .F. ) ;
#9651 = UNCERTAINTY_MEASURE_WITH_UNIT (LENGTH_MEASURE( 1.000000000000000082E-05 ), #6292, 'distance_accuracy_value', 'NONE');
#9652 = VECTOR ( 'NONE', #5230, 1000.000000000000114 ) ;
#9653 =( GEOMETRIC_REPRESENTATION_CONTEXT ( 3 ) GLOBAL_UNCERTAINTY_ASSIGNED_CONTEXT ( ( #5336 ) ) GLOBAL_UNIT_ASSIGNED_CONTEXT ( ( #6295, #5486, #4684 ) ) REPRESENTATION_CONTEXT ( 'NONE', 'WORKASPACE' ) );
#9654 = AXIS2_PLACEMENT_3D ( 'NONE', #3856, #7169, #10435 ) ;
#9655 = SURFACE_SIDE_STYLE ('',( #6381 ) ) ;
#9656 = CARTESIAN_POINT ( 'NONE',  ( 0.0000000000000000000, -1.500000000000000000, -2.000000000000000000 ) ) ;
#9657 = CARTESIAN_POINT ( 'NONE',  ( -3.499999999999999112, 2.999999999999998668, -0.04142135623730951177 ) ) ;
#9658 = ORIENTED_EDGE ( 'NONE', *, *, #2598, .F. ) ;
#9659 = SURFACE_SIDE_STYLE ('',( #6386 ) ) ;
#9660 = CARTESIAN_POINT ( 'NONE',  ( -0.04999999999999958644, -2.350000000000000533, -2.000000000000000000 ) ) ;
#9661 = EDGE_CURVE ( 'NONE', #3144, #6416, #118, .T. ) ;
#9662 = CARTESIAN_POINT ( 'NONE',  ( 0.07406760943270329633, 0.05403584981011987781, -0.9999999999999997780 ) ) ;
#9663 = VERTEX_POINT ( 'NONE', #7653 ) ;
#9664 = UNCERTAINTY_MEASURE_WITH_UNIT (LENGTH_MEASURE( 1.000000000000000082E-05 ), #8014, 'distance_accuracy_value', 'NONE');
#9665 = EDGE_LOOP ( 'NONE', ( #6677, #3496, #4301, #8284 ) ) ;
#9666 = VERTEX_POINT ( 'NONE', #211 ) ;
#9667 = PRESENTATION_STYLE_ASSIGNMENT (( #6396 ) ) ;
#9668 = DIRECTION ( 'NONE',  ( -0.0000000000000000000, -0.0000000000000000000, -1.000000000000000000 ) ) ;
#9669 =( LENGTH_UNIT ( ) NAMED_UNIT ( * ) SI_UNIT ( .MILLI., .METRE. ) );
#9670 = UNCERTAINTY_MEASURE_WITH_UNIT (LENGTH_MEASURE( 1.000000000000000082E-05 ), #3725, 'distance_accuracy_value', 'NONE');
#9671 = FACE_OUTER_BOUND ( 'NONE', #4232, .T. ) ;
#9672 = SURFACE_SIDE_STYLE ('',( #6402 ) ) ;
#9673 = ADVANCED_FACE ( 'NONE', ( #3536 ), #5616, .T. ) ;
#9674 = FILL_AREA_STYLE ('',( #6404 ) ) ;
#9675 = VERTEX_POINT ( 'NONE', #6843 ) ;
#9676 = ORIENTED_EDGE ( 'NONE', *, *, #7128, .T. ) ;
#9677 =( LENGTH_UNIT ( ) NAMED_UNIT ( * ) SI_UNIT ( .MILLI., .METRE. ) );
#9678 = SURFACE_SIDE_STYLE ('',( #6409 ) ) ;
#9679 = FILL_AREA_STYLE ('',( #6410 ) ) ;
#9680 = PLANE ( 'NONE',  #8001 ) ;
#9681 = DIRECTION ( 'NONE',  ( 0.0000000000000000000, -1.000000000000000000, 0.0000000000000000000 ) ) ;
#9682 = PRESENTATION_STYLE_ASSIGNMENT (( #6413 ) ) ;
#9683 =( NAMED_UNIT ( * ) SI_UNIT ( $, .STERADIAN. ) SOLID_ANGLE_UNIT ( ) );
#9684 =( NAMED_UNIT ( * ) SI_UNIT ( $, .STERADIAN. ) SOLID_ANGLE_UNIT ( ) );
#9685 = EDGE_CURVE ( 'NONE', #5024, #10233, #7003, .T. ) ;
#9686 = VERTEX_POINT ( 'NONE', #6957 ) ;
#9687 =( NAMED_UNIT ( * ) SI_UNIT ( $, .STERADIAN. ) SOLID_ANGLE_UNIT ( ) );
#9688 = DIRECTION ( 'NONE',  ( -0.0000000000000000000, 0.0000000000000000000, -1.000000000000000000 ) ) ;
#9689 = SURFACE_SIDE_STYLE ('',( #6420 ) ) ;
#9690 = SURFACE_STYLE_USAGE ( .BOTH. , #6421 ) ;
#9691 = CARTESIAN_POINT ( 'NONE',  ( -0.04999999999999978767, -0.8000000000000001554, -2.000000000000000000 ) ) ;
#9692 = CARTESIAN_POINT ( 'NONE',  ( 3.499999999999999556, -0.7500000000000011102, -3.000000000000000000 ) ) ;
#9693 = DIRECTION ( 'NONE',  ( 1.000000000000000000, 0.0000000000000000000, -0.0000000000000000000 ) ) ;
#9694 = CARTESIAN_POINT ( 'NONE',  ( -0.2920577238350460791, 0.1016880832018772635, -0.9900000000000002132 ) ) ;
#9695 = VERTEX_POINT ( 'NONE', #10226 ) ;
#9696 = EDGE_CURVE ( 'NONE', #2049, #8856, #2813, .T. ) ;
#9697 = CIRCLE ( 'NONE', #5043, 0.5500000000000003775 ) ;
#9698 = FACE_OUTER_BOUND ( 'NONE', #7260, .T. ) ;
#9699 = SURFACE_STYLE_FILL_AREA ( #6430 ) ;
#9700 = ORIENTED_EDGE ( 'NONE', *, *, #5926, .F. ) ;
#9701 = PRESENTATION_STYLE_ASSIGNMENT (( #6433 ) ) ;
#9702 = CARTESIAN_POINT ( 'NONE',  ( -0.6499999999999996891, 0.8000000000000001554, -2.000000000000000000 ) ) ;
#9703 = FILL_AREA_STYLE_COLOUR ( '', #7863 ) ;
#9704 = VERTEX_POINT ( 'NONE', #2006 ) ;
#9705 = ADVANCED_FACE ( 'NONE', ( #5334 ), #8651, .T. ) ;
#9706 = ORIENTED_EDGE ( 'NONE', *, *, #2578, .F. ) ;
#9707 =( GEOMETRIC_REPRESENTATION_CONTEXT ( 3 ) GLOBAL_UNCERTAINTY_ASSIGNED_CONTEXT ( ( #8063 ) ) GLOBAL_UNIT_ASSIGNED_CONTEXT ( ( #7656, #6850, #6051 ) ) REPRESENTATION_CONTEXT ( 'NONE', 'WORKASPACE' ) );
#9708 = CARTESIAN_POINT ( 'NONE',  ( 0.0000000000000000000, 0.0000000000000000000, -3.500000000000000000 ) ) ;
#9709 = EDGE_CURVE ( 'NONE', #7591, #4659, #4592, .T. ) ;
#9710 = FILL_AREA_STYLE_COLOUR ( '', #3344 ) ;
#9711 =( NAMED_UNIT ( * ) PLANE_ANGLE_UNIT ( ) SI_UNIT ( $, .RADIAN. ) );
#9712 = PRESENTATION_STYLE_ASSIGNMENT (( #6442 ) ) ;
#9713 =( NAMED_UNIT ( * ) SI_UNIT ( $, .STERADIAN. ) SOLID_ANGLE_UNIT ( ) );
#9714 = SURFACE_STYLE_FILL_AREA ( #6443 ) ;
#9715 = ORIENTED_EDGE ( 'NONE', *, *, #1054, .T. ) ;
#9716 = DIRECTION ( 'NONE',  ( 1.204669080539449837E-16, 1.000000000000000000, 0.0000000000000000000 ) ) ;
#9717 = VERTEX_POINT ( 'NONE', #2298 ) ;
#9718 = CARTESIAN_POINT ( 'NONE',  ( 3.500000000000000444, 2.999999999999999556, -3.000000000000000000 ) ) ;
#9719 = SURFACE_STYLE_FILL_AREA ( #6448 ) ;
#9720 = EDGE_CURVE ( 'NONE', #5865, #9695, #5632, .T. ) ;
#9721 =( GEOMETRIC_REPRESENTATION_CONTEXT ( 3 ) GLOBAL_UNCERTAINTY_ASSIGNED_CONTEXT ( ( #7199 ) ) GLOBAL_UNIT_ASSIGNED_CONTEXT ( ( #8685, #7860, #7061 ) ) REPRESENTATION_CONTEXT ( 'NONE', 'WORKASPACE' ) );
#9722 = DIRECTION ( 'NONE',  ( -1.000000000000000000, -0.0000000000000000000, -0.0000000000000000000 ) ) ;
#9723 =( NAMED_UNIT ( * ) SI_UNIT ( $, .STERADIAN. ) SOLID_ANGLE_UNIT ( ) );
#9724 = DIRECTION ( 'NONE',  ( 0.0000000000000000000, -1.000000000000000000, 0.0000000000000000000 ) ) ;
#9725 = UNCERTAINTY_MEASURE_WITH_UNIT (LENGTH_MEASURE( 1.000000000000000082E-05 ), #6288, 'distance_accuracy_value', 'NONE');
#9726 = CARTESIAN_POINT ( 'NONE',  ( -1.750000000000000888, -2.250000000000000444, -3.000000000000000000 ) ) ;
#9727 = FACE_OUTER_BOUND ( 'NONE', #3119, .T. ) ;
#9728 = LINE ( 'NONE', #2304, #2564 ) ;
#9729 = CARTESIAN_POINT ( 'NONE',  ( -0.4326775989478427453, 0.1094496251510745366, -0.9899999999999999911 ) ) ;
#9730 = FILL_AREA_STYLE ('',( #6455 ) ) ;
#9731 = CARTESIAN_POINT ( 'NONE',  ( 0.1348809068538395495, 0.03259089095425485305, -0.9900000000000002132 ) ) ;
#9732 = ORIENTED_EDGE ( 'NONE', *, *, #6033, .T. ) ;
#9733 = SURFACE_SIDE_STYLE ('',( #6459 ) ) ;
#9734 = MANIFOLD_SOLID_BREP ( '扫描1', #4063 ) ;
#9735 = FACE_OUTER_BOUND ( 'NONE', #4142, .T. ) ;
#9736 = STYLED_ITEM ( 'NONE', ( #2126 ), #864 ) ;
#9737 = CARTESIAN_POINT ( 'NONE',  ( -0.2846165542409797022, 0.08293479116423234376, -1.000000000000000222 ) ) ;
#9738 = SURFACE_STYLE_FILL_AREA ( #6464 ) ;
#9739 = MECHANICAL_DESIGN_GEOMETRIC_PRESENTATION_REPRESENTATION (  '', ( #8381 ), #1783 ) ;
#9740 = CARTESIAN_POINT ( 'NONE',  ( 0.1423091909593303672, 0.06270726298565859613, -0.9900000000000004352 ) ) ;
#9741 = CARTESIAN_POINT ( 'NONE',  ( -0.1932892789290100999, 0.03147010573850075876, -0.9899999999999997691 ) ) ;
#9742 = STYLED_ITEM ( 'NONE', ( #322 ), #6607 ) ;
#9743 = VERTEX_POINT ( 'NONE', #3245 ) ;
#9744 = LINE ( 'NONE', #2328, #9494 ) ;
#9745 =( GEOMETRIC_REPRESENTATION_CONTEXT ( 3 ) GLOBAL_UNCERTAINTY_ASSIGNED_CONTEXT ( ( #3064 ) ) GLOBAL_UNIT_ASSIGNED_CONTEXT ( ( #6920, #6107, #5289 ) ) REPRESENTATION_CONTEXT ( 'NONE', 'WORKASPACE' ) );
#9746 = STYLED_ITEM ( 'NONE', ( #7011 ), #9705 ) ;
#9747 =( NAMED_UNIT ( * ) PLANE_ANGLE_UNIT ( ) SI_UNIT ( $, .RADIAN. ) );
#9748 = PRESENTATION_LAYER_ASSIGNMENT (  '', '', ( #3716 ) ) ;
#9749 =( NAMED_UNIT ( * ) SI_UNIT ( $, .STERADIAN. ) SOLID_ANGLE_UNIT ( ) );
#9750 = ADVANCED_FACE ( 'NONE', ( #6564 ), #1621, .T. ) ;
#9751 = CLOSED_SHELL ( 'NONE', ( #2711, #5674, #1711, #9673 ) ) ;
#9752 = VERTEX_POINT ( 'NONE', #4828 ) ;
#9753 = STYLED_ITEM ( 'NONE', ( #681 ), #209 ) ;
#9754 = LINE ( 'NONE', #2336, #7361 ) ;
#9755 = DIRECTION ( 'NONE',  ( -1.000000000000000000, -0.0000000000000000000, -0.0000000000000000000 ) ) ;
#9756 = EDGE_LOOP ( 'NONE', ( #6832, #2831, #5331, #6379 ) ) ;
#9757 = STYLED_ITEM ( 'NONE', ( #5561 ), #9848 ) ;
#9758 = AXIS2_PLACEMENT_3D ( 'NONE', #6022, #6934, #10203 ) ;
#9759 = MECHANICAL_DESIGN_GEOMETRIC_PRESENTATION_REPRESENTATION (  '', ( #8407 ), #1806 ) ;
#9760 = UNCERTAINTY_MEASURE_WITH_UNIT (LENGTH_MEASURE( 1.000000000000000082E-05 ), #684, 'distance_accuracy_value', 'NONE');
#9761 = DIRECTION ( 'NONE',  ( 0.0000000000000000000, -0.0000000000000000000, -1.000000000000000000 ) ) ;
#9762 = ORIENTED_EDGE ( 'NONE', *, *, #10323, .T. ) ;
#9763 = COLOUR_RGB ( '',0.2509803921568627416, 0.2509803921568627416, 0.2509803921568627416 ) ;
#9764 =( LENGTH_UNIT ( ) NAMED_UNIT ( * ) SI_UNIT ( .MILLI., .METRE. ) );
#9765 = DIRECTION ( 'NONE',  ( 1.000000000000000000, 0.0000000000000000000, -0.0000000000000000000 ) ) ;
#9766 = UNCERTAINTY_MEASURE_WITH_UNIT (LENGTH_MEASURE( 1.000000000000000082E-05 ), #6293, 'distance_accuracy_value', 'NONE');
#9767 = DIRECTION ( 'NONE',  ( -1.000000000000000000, 0.0000000000000000000, 0.0000000000000000000 ) ) ;
#9768 = ADVANCED_FACE ( 'NONE', ( #7475 ), #8572, .T. ) ;
#9769 = MECHANICAL_DESIGN_GEOMETRIC_PRESENTATION_REPRESENTATION (  '', ( #8414 ), #1816 ) ;
#9770 = STYLED_ITEM ( 'NONE', ( #186 ), #4076 ) ;
#9771 = ORIENTED_EDGE ( 'NONE', *, *, #217, .T. ) ;
#9772 = CARTESIAN_POINT ( 'NONE',  ( 0.5500000000000003775, 1.500000000000000444, -2.000000000000000000 ) ) ;
#9773 = DIRECTION ( 'NONE',  ( 1.000000000000000000, -1.204669080539449344E-16, -0.0000000000000000000 ) ) ;
#9774 = CARTESIAN_POINT ( 'NONE',  ( -3.499999999999999556, -3.000000000000000444, -0.5000000000000000000 ) ) ;
#9775 = ADVANCED_FACE ( 'NONE', ( #29 ), #3521, .T. ) ;
#9776 = EDGE_LOOP ( 'NONE', ( #7511, #1697, #5672, #10478, #218, #226 ) ) ;
#9777 = STYLED_ITEM ( 'NONE', ( #5823 ), #8027 ) ;
#9778 = COLOUR_RGB ( '',0.7921568627450980005, 0.8196078431372548767, 0.9333333333333333481 ) ;
#9779 = MECHANICAL_DESIGN_GEOMETRIC_PRESENTATION_REPRESENTATION (  '', ( #8428 ), #1826 ) ;
#9780 = COLOUR_RGB ( '',0.9882352941176471006, 0.7372549019607843590, 0.5176470588235293491 ) ;
#9781 = CARTESIAN_POINT ( 'NONE',  ( 3.500000000000000444, 2.999999999999999556, -3.500000000000000000 ) ) ;
#9782 = SURFACE_STYLE_FILL_AREA ( #6499 ) ;
#9783 = AXIS2_PLACEMENT_3D ( 'NONE', #2263, #5592, #8883 ) ;
#9784 =( GEOMETRIC_REPRESENTATION_CONTEXT ( 3 ) GLOBAL_UNCERTAINTY_ASSIGNED_CONTEXT ( ( #10186 ) ) GLOBAL_UNIT_ASSIGNED_CONTEXT ( ( #5308, #4508, #3677 ) ) REPRESENTATION_CONTEXT ( 'NONE', 'WORKASPACE' ) );
#9785 = DIRECTION ( 'NONE',  ( 0.0000000000000000000, -0.0000000000000000000, -1.000000000000000000 ) ) ;
#9786 = PLANE ( 'NONE',  #5475 ) ;
#9787 =( NAMED_UNIT ( * ) PLANE_ANGLE_UNIT ( ) SI_UNIT ( $, .RADIAN. ) );
#9788 = FILL_AREA_STYLE_COLOUR ( '', #3965 ) ;
#9789 = ADVANCED_FACE ( 'NONE', ( #10295 ), #10260, .T. ) ;
#9790 = CARTESIAN_POINT ( 'NONE',  ( 0.05212580610231487555, 0.06268240699839384977, -0.9899999999999999911 ) ) ;
#9791 =( NAMED_UNIT ( * ) SI_UNIT ( $, .STERADIAN. ) SOLID_ANGLE_UNIT ( ) );
#9792 = CIRCLE ( 'NONE', #3762, 0.1499999999999999667 ) ;
#9793 = CARTESIAN_POINT ( 'NONE',  ( 0.1990053181830648832, 0.1240036856702400464, -0.9899999999999999911 ) ) ;
#9794 = VERTEX_POINT ( 'NONE', #2889 ) ;
#9795 = SURFACE_SIDE_STYLE ('',( #6509 ) ) ;
#9796 =( NAMED_UNIT ( * ) PLANE_ANGLE_UNIT ( ) SI_UNIT ( $, .RADIAN. ) );
#9797 = DIRECTION ( 'NONE',  ( 0.0000000000000000000, 1.000000000000000000, 0.0000000000000000000 ) ) ;
#9798 = MECHANICAL_DESIGN_GEOMETRIC_PRESENTATION_REPRESENTATION (  '', ( #458 ), #3593 ) ;
#9799 = CARTESIAN_POINT ( 'NONE',  ( 1.749999999999999112, -2.250000000000000888, -3.500000000000000000 ) ) ;
#9800 = CARTESIAN_POINT ( 'NONE',  ( -0.2304079144501935683, 0.06145318739358690552, -0.9999999999999985567 ) ) ;
#9801 = CARTESIAN_POINT ( 'NONE',  ( 0.09712423032045001958, 0.2118886495413184468, -1.000000000000000000 ) ) ;
#9802 = STYLED_ITEM ( 'NONE', ( #2131 ), #5768 ) ;
#9803 = DIRECTION ( 'NONE',  ( 1.445602896647339410E-16, 1.000000000000000000, -0.0000000000000000000 ) ) ;
#9804 = TOROIDAL_SURFACE ( 'NONE', #5147, 0.7000000000000002887, 0.1499999999999999667 ) ;
#9805 = CARTESIAN_POINT ( 'NONE',  ( 0.05028734007654758753, 0.04176669832180623931, -1.000000000000000000 ) ) ;
#9806 = ORIENTED_EDGE ( 'NONE', *, *, #8491, .F. ) ;
#9807 = FILL_AREA_STYLE_COLOUR ( '', #2863 ) ;
#9808 = STYLED_ITEM ( 'NONE', ( #274 ), #8931 ) ;
#9809 = FACE_OUTER_BOUND ( 'NONE', #10144, .T. ) ;
#9810 = LINE ( 'NONE', #2396, #6721 ) ;
#9811 = CARTESIAN_POINT ( 'NONE',  ( -0.3994840013868670714, 0.2070106007608306375, -1.000000000000000000 ) ) ;
#9812 = ORIENTED_EDGE ( 'NONE', *, *, #1378, .F. ) ;
#9813 = SURFACE_STYLE_USAGE ( .BOTH. , #6533 ) ;
#9814 = SURFACE_SIDE_STYLE ('',( #6534 ) ) ;
#9815 = ORIENTED_EDGE ( 'NONE', *, *, #3267, .F. ) ;
#9816 = CIRCLE ( 'NONE', #5163, 0.1499999999999999667 ) ;
#9817 = EDGE_CURVE ( 'NONE', #9704, #3315, #3826, .T. ) ;
#9818 = SURFACE_SIDE_STYLE ('',( #6538 ) ) ;
#9819 = EDGE_LOOP ( 'NONE', ( #4822, #6113, #6106, #6813 ) ) ;
#9820 = EDGE_CURVE ( 'NONE', #1391, #6139, #2982, .T. ) ;
#9821 = DIRECTION ( 'NONE',  ( -1.239088197126291063E-16, -1.000000000000000000, 0.0000000000000000000 ) ) ;
#9822 = DIRECTION ( 'NONE',  ( -1.971276677246370286E-16, -1.000000000000000000, 0.0000000000000000000 ) ) ;
#9823 = FILL_AREA_STYLE_COLOUR ( '', #7168 ) ;
#9824 = SURFACE_STYLE_USAGE ( .BOTH. , #6547 ) ;
#9825 = ORIENTED_EDGE ( 'NONE', *, *, #8263, .F. ) ;
#9826 = PRESENTATION_STYLE_ASSIGNMENT (( #6549 ) ) ;
#9827 = CARTESIAN_POINT ( 'NONE',  ( 0.01126294983264515548, 0.03140084466326965168, -0.9899999999999999911 ) ) ;
#9828 =( LENGTH_UNIT ( ) NAMED_UNIT ( * ) SI_UNIT ( .MILLI., .METRE. ) );
#9829 = PRESENTATION_STYLE_ASSIGNMENT (( #6553 ) ) ;
#9830 = VERTEX_POINT ( 'NONE', #2183 ) ;
#9831 = ORIENTED_EDGE ( 'NONE', *, *, #6559, .F. ) ;
#9832 = CARTESIAN_POINT ( 'NONE',  ( 1.150000000000000133, -1.500000000000000444, -2.000000000000000000 ) ) ;
#9833 = EDGE_CURVE ( 'NONE', #3814, #2457, #5511, .T. ) ;
#9834 = DIRECTION ( 'NONE',  ( -1.517445394471977106E-32, 1.224646799147353207E-16, -1.000000000000000000 ) ) ;
#9835 = LINE ( 'NONE', #2418, #9956 ) ;
#9836 = FILL_AREA_STYLE_COLOUR ( '', #4753 ) ;
#9837 = CYLINDRICAL_SURFACE ( 'NONE', #948, 0.5000000000000000000 ) ;
#9838 = FILL_AREA_STYLE_COLOUR ( '', #6824 ) ;
#9839 =( LENGTH_UNIT ( ) NAMED_UNIT ( * ) SI_UNIT ( .MILLI., .METRE. ) );
#9840 = DIRECTION ( 'NONE',  ( 0.0000000000000000000, 1.000000000000000000, 0.0000000000000000000 ) ) ;
#9841 = SURFACE_SIDE_STYLE ('',( #6570 ) ) ;
#9842 = CARTESIAN_POINT ( 'NONE',  ( -0.1894611355332085079, 0.03140084466326965168, -1.000000000000000222 ) ) ;
#9843 = EDGE_CURVE ( 'NONE', #6945, #9191, #4699, .T. ) ;
#9844 = ORIENTED_EDGE ( 'NONE', *, *, #4694, .T. ) ;
#9845 = MECHANICAL_DESIGN_GEOMETRIC_PRESENTATION_REPRESENTATION (  '', ( #1382 ), #2931 ) ;
#9846 = CARTESIAN_POINT ( 'NONE',  ( -0.9499999999999995115, 1.500000000000000444, -2.000000000000000000 ) ) ;
#9847 = SURFACE_STYLE_FILL_AREA ( #6576 ) ;
#9848 = ADVANCED_FACE ( 'NONE', ( #3866 ), #9241, .T. ) ;
#9849 = CARTESIAN_POINT ( 'NONE',  ( -0.2641707444161756624, 0.09971045485637461403, -0.9900000000000002132 ) ) ;
#9850 = CARTESIAN_POINT ( 'NONE',  ( 0.1671725893414270081, 0.1632861400088746751, -1.000000000000000222 ) ) ;
#9851 = LINE ( 'NONE', #2435, #2178 ) ;
#9852 = DIRECTION ( 'NONE',  ( -0.0000000000000000000, -0.0000000000000000000, -1.000000000000000000 ) ) ;
#9853 = CARTESIAN_POINT ( 'NONE',  ( -3.550000000000000711, -2.250000000000000444, -3.500000000000000000 ) ) ;
#9854 = EDGE_LOOP ( 'NONE', ( #1810, #115, #10681, #4672 ) ) ;
#9855 = DIRECTION ( 'NONE',  ( 1.000000000000000000, 0.0000000000000000000, 0.0000000000000000000 ) ) ;
#9856 =( NAMED_UNIT ( * ) PLANE_ANGLE_UNIT ( ) SI_UNIT ( $, .RADIAN. ) );
#9857 = EDGE_CURVE ( 'NONE', #159, #4189, #10614, .T. ) ;
#9858 = SURFACE_STYLE_FILL_AREA ( #6585 ) ;
#9859 = CARTESIAN_POINT ( 'NONE',  ( -1.549999999999999600, -0.8000000000000001554, -2.000000000000000000 ) ) ;
#9860 = ORIENTED_EDGE ( 'NONE', *, *, #9909, .F. ) ;
#9861 = FACE_OUTER_BOUND ( 'NONE', #10009, .T. ) ;
#9862 = TOROIDAL_SURFACE ( 'NONE', #5211, 0.7000000000000002887, 0.1499999999999999667 ) ;
#9863 = EDGE_LOOP ( 'NONE', ( #8090, #1774, #337, #8422 ) ) ;
#9864 = UNCERTAINTY_MEASURE_WITH_UNIT (LENGTH_MEASURE( 1.000000000000000082E-05 ), #1379, 'distance_accuracy_value', 'NONE');
#9865 = ORIENTED_EDGE ( 'NONE', *, *, #1907, .F. ) ;
#9866 = STYLED_ITEM ( 'NONE', ( #8080 ), #1620 ) ;
#9867 = UNCERTAINTY_MEASURE_WITH_UNIT (LENGTH_MEASURE( 1.000000000000000082E-05 ), #6246, 'distance_accuracy_value', 'NONE');
#9868 = ORIENTED_EDGE ( 'NONE', *, *, #2881, .T. ) ;
#9869 = CARTESIAN_POINT ( 'NONE',  ( -3.550000000000000266, 0.7499999999999995559, -3.000000000000000000 ) ) ;
#9870 = CARTESIAN_POINT ( 'NONE',  ( 3.549999999999999378, 2.249999999999998668, -3.000000000000000000 ) ) ;
#9871 = CARTESIAN_POINT ( 'NONE',  ( -0.4131272940697939267, 0.2314008446632696836, -0.9899999999999999911 ) ) ;
#9872 = VERTEX_POINT ( 'NONE', #3983 ) ;
#9873 = ORIENTED_EDGE ( 'NONE', *, *, #1894, .T. ) ;
#9874 = FILL_AREA_STYLE ('',( #6599 ) ) ;
#9875 = LINE ( 'NONE', #2460, #9460 ) ;
#9876 = SURFACE_SIDE_STYLE ('',( #6602 ) ) ;
#9877 = EDGE_CURVE ( 'NONE', #9559, #9174, #7287, .T. ) ;
#9878 = DIRECTION ( 'NONE',  ( -1.239088197126291063E-16, 1.000000000000000000, 0.0000000000000000000 ) ) ;
#9879 = FACE_OUTER_BOUND ( 'NONE', #9284, .T. ) ;
#9880 = SURFACE_STYLE_USAGE ( .BOTH. , #6605 ) ;
#9881 = SURFACE_SIDE_STYLE ('',( #6606 ) ) ;
#9882 = CARTESIAN_POINT ( 'NONE',  ( -3.499999999999999556, 2.999999999999999556, -0.5000000000000000000 ) ) ;
#9883 = ORIENTED_EDGE ( 'NONE', *, *, #4900, .F. ) ;
#9884 = CARTESIAN_POINT ( 'NONE',  ( -0.2846165542409797022, 0.08293479116423234376, -0.9900000000000002132 ) ) ;
#9885 = PLANE ( 'NONE',  #8602 ) ;
#9886 =( LENGTH_UNIT ( ) NAMED_UNIT ( * ) SI_UNIT ( .MILLI., .METRE. ) );
#9887 = VERTEX_POINT ( 'NONE', #6473 ) ;
#9888 = DIRECTION ( 'NONE',  ( 0.0000000000000000000, -1.000000000000000000, 0.0000000000000000000 ) ) ;
#9889 = DIRECTION ( 'NONE',  ( -0.0000000000000000000, 0.0000000000000000000, -1.000000000000000000 ) ) ;
#9890 = EDGE_CURVE ( 'NONE', #10460, #1811, #9754, .T. ) ;
#9891 = DIRECTION ( 'NONE',  ( -1.000000000000000000, -1.239088197126291063E-16, 0.0000000000000000000 ) ) ;
#9892 = CARTESIAN_POINT ( 'NONE',  ( 0.09712423032045001958, 0.2118886495413184468, -1.000000000000000000 ) ) ;
#9893 = DIRECTION ( 'NONE',  ( 0.0000000000000000000, -1.000000000000000000, 0.0000000000000000000 ) ) ;
#9894 = VERTEX_POINT ( 'NONE', #8961 ) ;
#9895 = EDGE_CURVE ( 'NONE', #1886, #210, #2665, .T. ) ;
#9896 = SURFACE_SIDE_STYLE ('',( #6623 ) ) ;
#9897 = CARTESIAN_POINT ( 'NONE',  ( -0.6499999999999994671, 2.350000000000000533, -2.000000000000000000 ) ) ;
#9898 = ADVANCED_FACE ( 'NONE', ( #705 ), #9596, .T. ) ;
#9899 = MECHANICAL_DESIGN_GEOMETRIC_PRESENTATION_REPRESENTATION (  '', ( #8552 ), #1948 ) ;
#9900 = DIRECTION ( 'NONE',  ( -0.0000000000000000000, 0.0000000000000000000, -1.000000000000000000 ) ) ;
#9901 = ORIENTED_EDGE ( 'NONE', *, *, #4382, .F. ) ;
#9902 = CARTESIAN_POINT ( 'NONE',  ( 0.1026234291547072630, 0.02899342103510433796, -0.9900000000000002132 ) ) ;
#9903 =( NAMED_UNIT ( * ) PLANE_ANGLE_UNIT ( ) SI_UNIT ( $, .RADIAN. ) );
#9904 = STYLED_ITEM ( 'NONE', ( #5584 ), #726 ) ;
#9905 = VECTOR ( 'NONE', #5071, 1000.000000000000000 ) ;
#9906 = CARTESIAN_POINT ( 'NONE',  ( -0.09117607455759875468, 0.2314008446632696836, -0.9899999999999999911 ) ) ;
#9907 = ORIENTED_EDGE ( 'NONE', *, *, #9265, .F. ) ;
#9908 =( NAMED_UNIT ( * ) SI_UNIT ( $, .STERADIAN. ) SOLID_ANGLE_UNIT ( ) );
#9909 = EDGE_CURVE ( 'NONE', #2861, #1942, #3729, .T. ) ;
#9910 = DIRECTION ( 'NONE',  ( 1.000000000000000000, -1.204669080539449344E-16, -0.0000000000000000000 ) ) ;
#9911 = PRESENTATION_LAYER_ASSIGNMENT (  '', '', ( #3882 ) ) ;
#9912 = MECHANICAL_DESIGN_GEOMETRIC_PRESENTATION_REPRESENTATION (  '', ( #8562 ), #1954 ) ;
#9913 = CIRCLE ( 'NONE', #5268, 0.1499999999999999667 ) ;
#9914 = SURFACE_STYLE_USAGE ( .BOTH. , #6634 ) ;
#9915 = CLOSED_SHELL ( 'NONE', ( #9643, #5615, #9848, #7652 ) ) ;
#9916 = COLOUR_RGB ( '',0.9882352941176471006, 0.7372549019607843590, 0.5176470588235293491 ) ;
#9917 = CARTESIAN_POINT ( 'NONE',  ( -1.750000000000000222, -1.000000000000000000, -2.000000000000000000 ) ) ;
#9918 = ORIENTED_EDGE ( 'NONE', *, *, #4572, .F. ) ;
#9919 = CARTESIAN_POINT ( 'NONE',  ( -0.4619077818746720188, 0.03140084466326965168, -1.000000000000000000 ) ) ;
#9920 = COLOUR_RGB ( '',0.7529411764705882248, 0.7529411764705882248, 0.7529411764705882248 ) ;
#9921 = COLOUR_RGB ( '',0.9882352941176471006, 0.7372549019607843590, 0.5176470588235293491 ) ;
#9922 = DIRECTION ( 'NONE',  ( -0.0000000000000000000, 0.0000000000000000000, -1.000000000000000000 ) ) ;
#9923 = CARTESIAN_POINT ( 'NONE',  ( 1.150000000000000133, -2.050000000000000711, -2.000000000000000000 ) ) ;
#9924 = ORIENTED_EDGE ( 'NONE', *, *, #641, .F. ) ;
#9925 = ORIENTED_EDGE ( 'NONE', *, *, #10706, .T. ) ;
#9926 = FACE_OUTER_BOUND ( 'NONE', #5848, .T. ) ;
#9927 =( NAMED_UNIT ( * ) SI_UNIT ( $, .STERADIAN. ) SOLID_ANGLE_UNIT ( ) );
#9928 =( LENGTH_UNIT ( ) NAMED_UNIT ( * ) SI_UNIT ( .MILLI., .METRE. ) );
#9929 = STYLED_ITEM ( 'NONE', ( #5978 ), #9990 ) ;
#9930 = COLOUR_RGB ( '',0.9882352941176471006, 0.7372549019607843590, 0.5176470588235293491 ) ;
#9931 = TOROIDAL_SURFACE ( 'NONE', #5281, 0.7000000000000002887, 0.1499999999999999667 ) ;
#9932 = SURFACE_STYLE_USAGE ( .BOTH. , #6646 ) ;
#9933 = CARTESIAN_POINT ( 'NONE',  ( -3.815815714343071985, 1.499999999999999334, -3.500000000000000000 ) ) ;
#9934 = SURFACE_STYLE_FILL_AREA ( #6650 ) ;
#9935 = LINE ( 'NONE', #2533, #1139 ) ;
#9936 = MECHANICAL_DESIGN_GEOMETRIC_PRESENTATION_REPRESENTATION (  '', ( #8591 ), #1984 ) ;
#9937 = FILL_AREA_STYLE_COLOUR ( '', #5201 ) ;
#9938 = FILL_AREA_STYLE_COLOUR ( '', #7518 ) ;
#9939 = VERTEX_POINT ( 'NONE', #5828 ) ;
#9940 = CARTESIAN_POINT ( 'NONE',  ( -0.2415227892850929370, 0.04217011887229213385, -0.9999999999999997780 ) ) ;
#9941 = VECTOR ( 'NONE', #2216, 1000.000000000000000 ) ;
#9942 = EDGE_CURVE ( 'NONE', #6056, #3765, #243, .T. ) ;
#9943 = CARTESIAN_POINT ( 'NONE',  ( -0.3981623536935343100, 0.2028960308059524487, -0.9899999999999999911 ) ) ;
#9944 = CARTESIAN_POINT ( 'NONE',  ( 0.3185800230033769553, 0.03140084466326965168, -0.9899999999999999911 ) ) ;
#9945 = VECTOR ( 'NONE', #6208, 1000.000000000000000 ) ;
#9946 = STYLED_ITEM ( 'NONE', ( #5907 ), #4403 ) ;
#9947 = ORIENTED_EDGE ( 'NONE', *, *, #9685, .F. ) ;
#9948 = SURFACE_STYLE_USAGE ( .BOTH. , #6670 ) ;
#9949 = FILL_AREA_STYLE_COLOUR ( '', #1743 ) ;
#9950 = CARTESIAN_POINT ( 'NONE',  ( 0.5500000000000004885, 2.050000000000000711, -2.000000000000000000 ) ) ;
#9951 = CIRCLE ( 'NONE', #3923, 0.8500000000000003109 ) ;
#9952 = CARTESIAN_POINT ( 'NONE',  ( 0.05206341720209935187, 0.2001158060908337644, -1.000000000000000000 ) ) ;
#9953 = ORIENTED_EDGE ( 'NONE', *, *, #10555, .F. ) ;
#9954 = DIRECTION ( 'NONE',  ( 1.000000000000000000, 2.168404344971008868E-16, 0.0000000000000000000 ) ) ;
#9955 = MECHANICAL_DESIGN_GEOMETRIC_PRESENTATION_REPRESENTATION (  '', ( #8611 ), #2004 ) ;
#9956 = VECTOR ( 'NONE', #5736, 1000.000000000000000 ) ;
#9957 = ADVANCED_FACE ( 'NONE', ( #8329 ), #871, .T. ) ;
#9958 = TOROIDAL_SURFACE ( 'NONE', #3934, 0.7000000000000002887, 0.1499999999999999667 ) ;
#9959 = TOROIDAL_SURFACE ( 'NONE', #5321, 0.7000000000000002887, 0.1499999999999999667 ) ;
#9960 = CARTESIAN_POINT ( 'NONE',  ( 0.1920499190446972315, 0.1707947206476423951, -1.000000000000000222 ) ) ;
#9961 =( GEOMETRIC_REPRESENTATION_CONTEXT ( 3 ) GLOBAL_UNCERTAINTY_ASSIGNED_CONTEXT ( ( #7715 ) ) GLOBAL_UNIT_ASSIGNED_CONTEXT ( ( #7464, #6639, #5841 ) ) REPRESENTATION_CONTEXT ( 'NONE', 'WORKASPACE' ) );
#9962 = ORIENTED_EDGE ( 'NONE', *, *, #8096, .T. ) ;
#9963 = PRESENTATION_STYLE_ASSIGNMENT (( #6687 ) ) ;
#9964 = CARTESIAN_POINT ( 'NONE',  ( -0.2077591614994486746, 0.05455344538333414817, -0.9899999999999999911 ) ) ;
#9965 = DIRECTION ( 'NONE',  ( 0.0000000000000000000, -1.000000000000000000, 0.0000000000000000000 ) ) ;
#9966 = PRESENTATION_LAYER_ASSIGNMENT (  '', '', ( #5326 ) ) ;
#9967 = FILL_AREA_STYLE ('',( #6693 ) ) ;
#9968 = UNCERTAINTY_MEASURE_WITH_UNIT (LENGTH_MEASURE( 1.000000000000000082E-05 ), #2284, 'distance_accuracy_value', 'NONE');
#9969 = SURFACE_STYLE_USAGE ( .BOTH. , #6694 ) ;
#9970 = VECTOR ( 'NONE', #2517, 1000.000000000000114 ) ;
#9971 = TOROIDAL_SURFACE ( 'NONE', #5329, 0.7000000000000002887, 0.1499999999999999667 ) ;
#9972 = AXIS2_PLACEMENT_3D ( 'NONE', #6696, #9974, #2569 ) ;
#9973 = UNCERTAINTY_MEASURE_WITH_UNIT (LENGTH_MEASURE( 1.000000000000000082E-05 ), #1981, 'distance_accuracy_value', 'NONE');
#9974 = DIRECTION ( 'NONE',  ( -1.000000000000000000, 1.239088197126291063E-16, 0.0000000000000000000 ) ) ;
#9975 = EDGE_CURVE ( 'NONE', #4573, #6394, #9207, .T. ) ;
#9976 = VERTEX_POINT ( 'NONE', #8433 ) ;
#9977 = CARTESIAN_POINT ( 'NONE',  ( 0.1598493380493382077, 0.04402090743545410828, -1.000000000000000222 ) ) ;
#9978 = FILL_AREA_STYLE_COLOUR ( '', #5323 ) ;
#9979 = VECTOR ( 'NONE', #9803, 1000.000000000000000 ) ;
#9980 = AXIS2_PLACEMENT_3D ( 'NONE', #8156, #701, #4023 ) ;
#9981 = ORIENTED_EDGE ( 'NONE', *, *, #5239, .T. ) ;
#9982 = VERTEX_POINT ( 'NONE', #988 ) ;
#9983 =( NAMED_UNIT ( * ) PLANE_ANGLE_UNIT ( ) SI_UNIT ( $, .RADIAN. ) );
#9984 = DIRECTION ( 'NONE',  ( -1.445602896647339163E-16, -1.000000000000000000, 0.0000000000000000000 ) ) ;
#9985 = CARTESIAN_POINT ( 'NONE',  ( -0.3399565623624768995, 0.03140084466326965168, -1.000000000000000000 ) ) ;
#9986 = PRESENTATION_LAYER_ASSIGNMENT (  '', '', ( #3963 ) ) ;
#9987 = STYLED_ITEM ( 'NONE', ( #4878 ), #9354 ) ;
#9988 = CARTESIAN_POINT ( 'NONE',  ( -0.2572912302160101361, 0.1796899146309494100, -0.9899999999999999911 ) ) ;
#9989 = CARTESIAN_POINT ( 'NONE',  ( 1.150000000000000133, 0.8000000000000001554, -2.000000000000000000 ) ) ;
#9990 = ADVANCED_FACE ( 'NONE', ( #4302 ), #7605, .T. ) ;
#9991 = SURFACE_STYLE_FILL_AREA ( #6716 ) ;
#9992 = PRESENTATION_STYLE_ASSIGNMENT (( #6717 ) ) ;
#9993 = FACE_OUTER_BOUND ( 'NONE', #8412, .T. ) ;
#9994 = VERTEX_POINT ( 'NONE', #5215 ) ;
#9995 = FACE_OUTER_BOUND ( 'NONE', #3979, .T. ) ;
#9996 = SURFACE_SIDE_STYLE ('',( #6724 ) ) ;
#9997 = FACE_OUTER_BOUND ( 'NONE', #7901, .T. ) ;
#9998 = ORIENTED_EDGE ( 'NONE', *, *, #2237, .T. ) ;
#9999 = SURFACE_STYLE_FILL_AREA ( #6728 ) ;
#10000 = CARTESIAN_POINT ( 'NONE',  ( 0.06199052584295242779, 0.03606930704632978213, -0.9899999999999995470 ) ) ;
#10001 = CARTESIAN_POINT ( 'NONE',  ( 0.09083472352101702729, 0.2117935567313274647, -0.9900000000000002132 ) ) ;
#10002 = DIRECTION ( 'NONE',  ( -0.0000000000000000000, -0.0000000000000000000, -1.000000000000000000 ) ) ;
#10003 = EDGE_LOOP ( 'NONE', ( #9138, #6627, #6479, #8830 ) ) ;
#10004 = LINE ( 'NONE', #2600, #4673 ) ;
#10005 = DIRECTION ( 'NONE',  ( -1.239088197126291063E-16, 1.000000000000000000, 0.0000000000000000000 ) ) ;
#10006 = EDGE_CURVE ( 'NONE', #9830, #1730, #4775, .T. ) ;
#10007 = CARTESIAN_POINT ( 'NONE',  ( 0.1466763245437497087, 0.2225896789443952140, -0.9899999999999999911 ) ) ;
#10008 = CARTESIAN_POINT ( 'NONE',  ( -3.550000000000000266, 2.249999999999999556, -3.000000000000000000 ) ) ;
#10009 = EDGE_LOOP ( 'NONE', ( #9206, #5771, #3843, #1324 ) ) ;
#10010 = CARTESIAN_POINT ( 'NONE',  ( 1.749999999999999778, 1.500000000000000000, -2.000000000000000000 ) ) ;
#10011 = CARTESIAN_POINT ( 'NONE',  ( -0.2690217172643742383, 0.1242901672470302088, -0.9899999999999999911 ) ) ;
#10012 = EDGE_CURVE ( 'NONE', #967, #1658, #6156, .T. ) ;
#10013 = SURFACE_STYLE_FILL_AREA ( #6741 ) ;
#10014 =( NAMED_UNIT ( * ) SI_UNIT ( $, .STERADIAN. ) SOLID_ANGLE_UNIT ( ) );
#10015 = SURFACE_STYLE_USAGE ( .BOTH. , #6744 ) ;
#10016 = DIRECTION ( 'NONE',  ( -1.000000000000000000, 1.239088197126291063E-16, 0.0000000000000000000 ) ) ;
#10017 = DIRECTION ( 'NONE',  ( -1.517445394471977106E-32, -1.224646799147353207E-16, 1.000000000000000000 ) ) ;
#10018 = AXIS2_PLACEMENT_3D ( 'NONE', #757, #4087, #7397 ) ;
#10019 = ORIENTED_EDGE ( 'NONE', *, *, #6380, .T. ) ;
#10020 = DIRECTION ( 'NONE',  ( -0.0000000000000000000, 0.0000000000000000000, -1.000000000000000000 ) ) ;
#10021 = EDGE_CURVE ( 'NONE', #5604, #5095, #7535, .T. ) ;
#10022 = DIRECTION ( 'NONE',  ( -1.517445394471977106E-32, 1.224646799147353207E-16, -1.000000000000000000 ) ) ;
#10023 = DIRECTION ( 'NONE',  ( -0.0000000000000000000, -0.0000000000000000000, -1.000000000000000000 ) ) ;
#10024 = EDGE_LOOP ( 'NONE', ( #10636, #638, #5087, #6965 ) ) ;
#10025 = VERTEX_POINT ( 'NONE', #6090 ) ;
#10026 = FILL_AREA_STYLE ('',( #6755 ) ) ;
#10027 = EDGE_CURVE ( 'NONE', #137, #9534, #9371, .T. ) ;
#10028 = AXIS2_PLACEMENT_3D ( 'NONE', #8516, #1066, #4385 ) ;
#10029 = CARTESIAN_POINT ( 'NONE',  ( -0.2298116273558140354, 0.2021116079220241779, -1.000000000000000444 ) ) ;
#10030 = PRESENTATION_STYLE_ASSIGNMENT (( #6757 ) ) ;
#10031 = LINE ( 'NONE', #2627, #8415 ) ;
#10032 = CARTESIAN_POINT ( 'NONE',  ( -0.2733187539321501047, 0.1981866362459673014, -1.000000000000000000 ) ) ;
#10033 = PRESENTATION_STYLE_ASSIGNMENT (( #6762 ) ) ;
#10034 = DIRECTION ( 'NONE',  ( -0.3393303772748785252, -0.9406672605435402179, 0.0000000000000000000 ) ) ;
#10035 = CARTESIAN_POINT ( 'NONE',  ( 0.0000000000000000000, 0.0000000000000000000, -1.000000000000000000 ) ) ;
#10036 = SURFACE_SIDE_STYLE ('',( #6765 ) ) ;
#10037 = SURFACE_SIDE_STYLE ('',( #6767 ) ) ;
#10038 =( NAMED_UNIT ( * ) PLANE_ANGLE_UNIT ( ) SI_UNIT ( $, .RADIAN. ) );
#10039 = ORIENTED_EDGE ( 'NONE', *, *, #7128, .F. ) ;
#10040 =( NAMED_UNIT ( * ) PLANE_ANGLE_UNIT ( ) SI_UNIT ( $, .RADIAN. ) );
#10041 =( NAMED_UNIT ( * ) PLANE_ANGLE_UNIT ( ) SI_UNIT ( $, .RADIAN. ) );
#10042 = CARTESIAN_POINT ( 'NONE',  ( -3.500000000000000444, -2.250000000000000000, -3.500000000000000000 ) ) ;
#10043 = B_SPLINE_CURVE_WITH_KNOTS ( 'NONE', 3,
 ( #2576, #5896, #9181, #1761, #5069, #8388, #944, #4267, #7575, #140, #3455, #6756, #10029, #2626, #5936, #9228, #1814, #5131, #8457 ),
 .UNSPECIFIED., .F., .F.,
 ( 4, 1, 1, 1, 1, 1, 1, 1, 1, 1, 1, 1, 1, 1, 1, 1, 4 ),
 ( 0.0000000000000000000, 0.07430379644281605300, 0.1443936103644180846, 0.2104994961032796985, 0.2735426065034679555, 0.3338247445790732404, 0.3925296724085029498, 0.4500874545995855458, 0.5078206115557879485, 0.5654649127768468508, 0.6231487223336199532, 0.6812971927909358127, 0.7409134981565812517, 0.8018557521958583623, 0.8652412377209435235, 0.9309416570467442531, 1.000000000000000000 ),
 .UNSPECIFIED. ) ;
#10044 = EDGE_LOOP ( 'NONE', ( #5757, #5893, #6686, #10619 ) ) ;
#10045 = CARTESIAN_POINT ( 'NONE',  ( -0.1951934351757467490, 0.2313189462727532064, -0.9899999999999999911 ) ) ;
#10046 = CARTESIAN_POINT ( 'NONE',  ( 0.1026234291547072630, 0.02899342103510433796, -1.000000000000000222 ) ) ;
#10047 = ORIENTED_EDGE ( 'NONE', *, *, #532, .F. ) ;
#10048 = CARTESIAN_POINT ( 'NONE',  ( 1.749999999999999112, -2.250000000000000888, -3.500000000000000000 ) ) ;
#10049 = ORIENTED_EDGE ( 'NONE', *, *, #6939, .F. ) ;
#10050 = CARTESIAN_POINT ( 'NONE',  ( 0.2500000000000005551, 2.050000000000000711, -2.000000000000000000 ) ) ;
#10051 = CARTESIAN_POINT ( 'NONE',  ( -0.3981623536935343100, 0.2028960308059524487, -1.000000000000000000 ) ) ;
#10052 = FILL_AREA_STYLE_COLOUR ( '', #5481 ) ;
#10053 = VECTOR ( 'NONE', #477, 1000.000000000000000 ) ;
#10054 = CARTESIAN_POINT ( 'NONE',  ( 0.09735288885703542727, 0.2338398690535135604, -1.000000000000000000 ) ) ;
#10055 = CARTESIAN_POINT ( 'NONE',  ( -0.2576329443414137055, 0.08591953788914742651, -1.000000000000000666 ) ) ;
#10056 = ORIENTED_EDGE ( 'NONE', *, *, #9709, .F. ) ;
#10057 = SURFACE_SIDE_STYLE ('',( #6786 ) ) ;
#10058 = PRESENTATION_STYLE_ASSIGNMENT (( #6787 ) ) ;
#10059 = UNCERTAINTY_MEASURE_WITH_UNIT (LENGTH_MEASURE( 1.000000000000000082E-05 ), #4346, 'distance_accuracy_value', 'NONE');
#10060 = SURFACE_SIDE_STYLE ('',( #6789 ) ) ;
#10061 = EDGE_CURVE ( 'NONE', #6323, #10326, #4246, .T. ) ;
#10062 = FACE_OUTER_BOUND ( 'NONE', #1890, .T. ) ;
#10063 = ORIENTED_EDGE ( 'NONE', *, *, #1945, .T. ) ;
#10064 = SURFACE_SIDE_STYLE ('',( #6795 ) ) ;
#10065 = CARTESIAN_POINT ( 'NONE',  ( 0.09983410269335210585, 0.2118303823241229344, -0.9900000000000002132 ) ) ;
#10066 = PRESENTATION_LAYER_ASSIGNMENT (  '', '', ( #4048 ) ) ;
#10067 =( GEOMETRIC_REPRESENTATION_CONTEXT ( 3 ) GLOBAL_UNCERTAINTY_ASSIGNED_CONTEXT ( ( #7292 ) ) GLOBAL_UNIT_ASSIGNED_CONTEXT ( ( #417, #10333, #9535 ) ) REPRESENTATION_CONTEXT ( 'NONE', 'WORKASPACE' ) );
#10068 = ORIENTED_EDGE ( 'NONE', *, *, #2448, .T. ) ;
#10069 = ORIENTED_EDGE ( 'NONE', *, *, #2269, .T. ) ;
#10070 =( NAMED_UNIT ( * ) SI_UNIT ( $, .STERADIAN. ) SOLID_ANGLE_UNIT ( ) );
#10071 = STYLED_ITEM ( 'NONE', ( #6015 ), #315 ) ;
#10072 = DIRECTION ( 'NONE',  ( 0.3363908276654490881, -0.9417224702971432881, 0.0000000000000000000 ) ) ;
#10073 = ADVANCED_FACE ( 'NONE', ( #7778 ), #328, .F. ) ;
#10074 = FILL_AREA_STYLE_COLOUR ( '', #9056 ) ;
#10075 =( LENGTH_UNIT ( ) NAMED_UNIT ( * ) SI_UNIT ( .MILLI., .METRE. ) );
#10076 = SURFACE_STYLE_FILL_AREA ( #6804 ) ;
#10077 =( GEOMETRIC_REPRESENTATION_CONTEXT ( 3 ) GLOBAL_UNCERTAINTY_ASSIGNED_CONTEXT ( ( #2506 ) ) GLOBAL_UNIT_ASSIGNED_CONTEXT ( ( #7228, #6418, #5591 ) ) REPRESENTATION_CONTEXT ( 'NONE', 'WORKASPACE' ) );
#10078 = CIRCLE ( 'NONE', #5449, 0.1499999999999999667 ) ;
#10079 = TOROIDAL_SURFACE ( 'NONE', #5450, 0.7000000000000002887, 0.1499999999999999667 ) ;
#10080 = AXIS2_PLACEMENT_3D ( 'NONE', #4330, #7635, #193 ) ;
#10081 = EDGE_CURVE ( 'NONE', #1730, #6089, #6502, .T. ) ;
#10082 =( GEOMETRIC_REPRESENTATION_CONTEXT ( 3 ) GLOBAL_UNCERTAINTY_ASSIGNED_CONTEXT ( ( #9973 ) ) GLOBAL_UNIT_ASSIGNED_CONTEXT ( ( #1981, #1181, #356 ) ) REPRESENTATION_CONTEXT ( 'NONE', 'WORKASPACE' ) );
#10083 = CARTESIAN_POINT ( 'NONE',  ( 1.149999999999999911, 0.6500000000000001332, -2.000000000000000000 ) ) ;
#10084 = CARTESIAN_POINT ( 'NONE',  ( 0.5500000000000003775, -1.500000000000000444, -2.000000000000000000 ) ) ;
#10085 = SURFACE_SIDE_STYLE ('',( #6808 ) ) ;
#10086 = STYLED_ITEM ( 'NONE', ( #2399 ), #9898 ) ;
#10087 = FILL_AREA_STYLE ('',( #6812 ) ) ;
#10088 = PRESENTATION_LAYER_ASSIGNMENT (  '', '', ( #4070 ) ) ;
#10089 = CIRCLE ( 'NONE', #5460, 0.1499999999999999667 ) ;
#10090 = ORIENTED_EDGE ( 'NONE', *, *, #5639, .T. ) ;
#10091 = DIRECTION ( 'NONE',  ( -1.000000000000000000, -0.0000000000000000000, -0.0000000000000000000 ) ) ;
#10092 = DIRECTION ( 'NONE',  ( -1.445602896647339163E-16, -1.000000000000000000, 0.0000000000000000000 ) ) ;
#10093 = PRESENTATION_LAYER_ASSIGNMENT (  '', '', ( #4078 ) ) ;
#10094 = VECTOR ( 'NONE', #3916, 1000.000000000000000 ) ;
#10095 = ORIENTED_EDGE ( 'NONE', *, *, #3278, .T. ) ;
#10096 = CARTESIAN_POINT ( 'NONE',  ( -0.2920594327297974524, 0.1647414405379177826, -0.9899999999999995470 ) ) ;
#10097 = EDGE_CURVE ( 'NONE', #8818, #10366, #2667, .T. ) ;
#10098 = COLOUR_RGB ( '',0.7921568627450980005, 0.8196078431372548767, 0.9333333333333333481 ) ;
#10099 = VECTOR ( 'NONE', #6975, 1000.000000000000000 ) ;
#10100 = EDGE_CURVE ( 'NONE', #1540, #3713, #7075, .T. ) ;
#10101 = CARTESIAN_POINT ( 'NONE',  ( 0.1675094459832145999, 0.09699439703448757555, -1.000000000000000000 ) ) ;
#10102 = CIRCLE ( 'NONE', #5471, 0.1499999999999998557 ) ;
#10103 = FILL_AREA_STYLE_COLOUR ( '', #10644 ) ;
#10104 = ORIENTED_EDGE ( 'NONE', *, *, #2093, .T. ) ;
#10105 = CARTESIAN_POINT ( 'NONE',  ( 0.09735288885703542727, 0.2338398690535135604, -0.9899999999999999911 ) ) ;
#10106 = ORIENTED_EDGE ( 'NONE', *, *, #8474, .F. ) ;
#10107 = CIRCLE ( 'NONE', #4085, 0.8500000000000000888 ) ;
#10108 =( GEOMETRIC_REPRESENTATION_CONTEXT ( 3 ) GLOBAL_UNCERTAINTY_ASSIGNED_CONTEXT ( ( #5556 ) ) GLOBAL_UNIT_ASSIGNED_CONTEXT ( ( #2301, #1506, #679 ) ) REPRESENTATION_CONTEXT ( 'NONE', 'WORKASPACE' ) );
#10109 = PRESENTATION_STYLE_ASSIGNMENT (( #6834 ) ) ;
#10110 =( GEOMETRIC_REPRESENTATION_CONTEXT ( 3 ) GLOBAL_UNCERTAINTY_ASSIGNED_CONTEXT ( ( #3485 ) ) GLOBAL_UNIT_ASSIGNED_CONTEXT ( ( #5918, #5099, #4295 ) ) REPRESENTATION_CONTEXT ( 'NONE', 'WORKASPACE' ) );
#10111 = TOROIDAL_SURFACE ( 'NONE', #5483, 0.7000000000000002887, 0.1499999999999999667 ) ;
#10112 = MECHANICAL_DESIGN_GEOMETRIC_PRESENTATION_REPRESENTATION (  '', ( #792 ), #7389 ) ;
#10113 = FACE_OUTER_BOUND ( 'NONE', #524, .T. ) ;
#10114 = SURFACE_STYLE_FILL_AREA ( #6838 ) ;
#10115 = ORIENTED_EDGE ( 'NONE', *, *, #2912, .F. ) ;
#10116 = EDGE_CURVE ( 'NONE', #3739, #9666, #6262, .T. ) ;
#10117 = CARTESIAN_POINT ( 'NONE',  ( 0.05512506691993533658, 0.2278767797689575381, -0.9900000000000002132 ) ) ;
#10118 = CARTESIAN_POINT ( 'NONE',  ( 0.01126294983264515548, 0.2314008446632696836, -0.9899999999999999911 ) ) ;
#10119 = FILL_AREA_STYLE_COLOUR ( '', #55 ) ;
#10120 =( LENGTH_UNIT ( ) NAMED_UNIT ( * ) SI_UNIT ( .MILLI., .METRE. ) );
#10121 = AXIS2_PLACEMENT_3D ( 'NONE', #4841, #8146, #692 ) ;
#10122 = AXIS2_PLACEMENT_3D ( 'NONE', #8078, #621, #3958 ) ;
#10123 = VECTOR ( 'NONE', #8614, 1000.000000000000000 ) ;
#10124 = FACE_OUTER_BOUND ( 'NONE', #4388, .T. ) ;
#10125 = CARTESIAN_POINT ( 'NONE',  ( 0.2500000000000004441, -1.500000000000000444, -2.000000000000000000 ) ) ;
#10126 = PRESENTATION_LAYER_ASSIGNMENT (  '', '', ( #805 ) ) ;
#10127 = STYLED_ITEM ( 'NONE', ( #1661 ), #1963 ) ;
#10128 = CARTESIAN_POINT ( 'NONE',  ( 0.1694444891903013062, 0.1554586752350471668, -0.9899999999999995470 ) ) ;
#10129 = EDGE_CURVE ( 'NONE', #7283, #4899, #5434, .T. ) ;
#10130 = ORIENTED_EDGE ( 'NONE', *, *, #2129, .F. ) ;
#10131 = LINE ( 'NONE', #2730, #3611 ) ;
#10132 = EDGE_CURVE ( 'NONE', #8385, #10667, #4613, .T. ) ;
#10133 = COLOUR_RGB ( '',1.000000000000000000, 1.000000000000000000, 1.000000000000000000 ) ;
#10134 = AXIS2_PLACEMENT_3D ( 'NONE', #667, #3991, #7297 ) ;
#10135 = DIRECTION ( 'NONE',  ( -1.000000000000000000, -2.168404344971008868E-16, 0.0000000000000000000 ) ) ;
#10136 = ORIENTED_EDGE ( 'NONE', *, *, #7600, .T. ) ;
#10137 = EDGE_LOOP ( 'NONE', ( #3217, #8731, #4128, #3586 ) ) ;
#10138 = CARTESIAN_POINT ( 'NONE',  ( -0.9499999999999995115, -2.050000000000000711, -2.000000000000000000 ) ) ;
#10139 = SURFACE_STYLE_USAGE ( .BOTH. , #6867 ) ;
#10140 =( LENGTH_UNIT ( ) NAMED_UNIT ( * ) SI_UNIT ( .MILLI., .METRE. ) );
#10141 = VECTOR ( 'NONE', #9605, 1000.000000000000000 ) ;
#10142 = CARTESIAN_POINT ( 'NONE',  ( 0.2500000000000003331, 0.8000000000000001554, -2.000000000000000000 ) ) ;
#10143 =( GEOMETRIC_REPRESENTATION_CONTEXT ( 3 ) GLOBAL_UNCERTAINTY_ASSIGNED_CONTEXT ( ( #4597 ) ) GLOBAL_UNIT_ASSIGNED_CONTEXT ( ( #7087, #6270, #5444 ) ) REPRESENTATION_CONTEXT ( 'NONE', 'WORKASPACE' ) );
#10144 = EDGE_LOOP ( 'NONE', ( #5177, #8501, #4278, #4557 ) ) ;
#10145 = CARTESIAN_POINT ( 'NONE',  ( -0.01556631846003775181, 0.1435959666144891733, -1.000000000000000000 ) ) ;
#10146 = CARTESIAN_POINT ( 'NONE',  ( -0.6499999999999994671, 2.200000000000000622, -2.000000000000000000 ) ) ;
#10147 = ADVANCED_FACE ( 'NONE', ( #3815 ), #4193, .T. ) ;
#10148 = CARTESIAN_POINT ( 'NONE',  ( 0.1339559773791275388, 0.2032880043505887468, -0.9899999999999997691 ) ) ;
#10149 = MECHANICAL_DESIGN_GEOMETRIC_PRESENTATION_REPRESENTATION (  '', ( #8804 ), #2218 ) ;
#10150 =( NAMED_UNIT ( * ) SI_UNIT ( $, .STERADIAN. ) SOLID_ANGLE_UNIT ( ) );
#10151 = AXIS2_PLACEMENT_3D ( 'NONE', #6253, #9532, #2099 ) ;
#10152 = STYLED_ITEM ( 'NONE', ( #3813 ), #5544 ) ;
#10153 = ORIENTED_EDGE ( 'NONE', *, *, #32, .T. ) ;
#10154 = FACE_OUTER_BOUND ( 'NONE', #3969, .T. ) ;
#10155 = CARTESIAN_POINT ( 'NONE',  ( 0.06116090429939480960, 0.2047392467859495413, -0.9899999999999999911 ) ) ;
#10156 = DIRECTION ( 'NONE',  ( -1.000000000000000000, -1.239088197126291063E-16, 0.0000000000000000000 ) ) ;
#10157 = FILL_AREA_STYLE_COLOUR ( '', #1804 ) ;
#10158 = ORIENTED_EDGE ( 'NONE', *, *, #1518, .T. ) ;
#10159 = SURFACE_STYLE_FILL_AREA ( #6891 ) ;
#10160 = CARTESIAN_POINT ( 'NONE',  ( 0.1364370949318468584, 0.05908079761950350839, -0.9899999999999997691 ) ) ;
#10161 = EDGE_LOOP ( 'NONE', ( #6554, #4025, #4707, #2913 ) ) ;
#10162 = DIRECTION ( 'NONE',  ( 1.000000000000000000, -2.168404344971009115E-16, 0.0000000000000000000 ) ) ;
#10163 = EDGE_CURVE ( 'NONE', #1065, #507, #774, .T. ) ;
#10164 = EDGE_LOOP ( 'NONE', ( #4537, #5209, #9715, #10559 ) ) ;
#10165 = LINE ( 'NONE', #2758, #8383 ) ;
#10166 = DIRECTION ( 'NONE',  ( -1.517445394471977106E-32, 1.224646799147353207E-16, -1.000000000000000000 ) ) ;
#10167 = COLOUR_RGB ( '',0.9882352941176471006, 0.7372549019607843590, 0.5176470588235293491 ) ;
#10168 = EDGE_CURVE ( 'NONE', #8057, #2427, #10503, .T. ) ;
#10169 = DIRECTION ( 'NONE',  ( -1.000000000000000000, 1.239088197126291063E-16, 0.0000000000000000000 ) ) ;
#10170 =( NAMED_UNIT ( * ) PLANE_ANGLE_UNIT ( ) SI_UNIT ( $, .RADIAN. ) );
#10171 = ORIENTED_EDGE ( 'NONE', *, *, #5306, .T. ) ;
#10172 = DIRECTION ( 'NONE',  ( -1.000000000000000000, 1.239088197126291063E-16, 0.0000000000000000000 ) ) ;
#10173 = LINE ( 'NONE', #2764, #8440 ) ;
#10174 =( LENGTH_UNIT ( ) NAMED_UNIT ( * ) SI_UNIT ( .MILLI., .METRE. ) );
#10175 = UNCERTAINTY_MEASURE_WITH_UNIT (LENGTH_MEASURE( 1.000000000000000082E-05 ), #335, 'distance_accuracy_value', 'NONE');
#10176 = SURFACE_STYLE_FILL_AREA ( #6909 ) ;
#10177 =( NAMED_UNIT ( * ) PLANE_ANGLE_UNIT ( ) SI_UNIT ( $, .RADIAN. ) );
#10178 = SURFACE_STYLE_FILL_AREA ( #6910 ) ;
#10179 = UNCERTAINTY_MEASURE_WITH_UNIT (LENGTH_MEASURE( 1.000000000000000082E-05 ), #8879, 'distance_accuracy_value', 'NONE');
#10180 = PRESENTATION_STYLE_ASSIGNMENT (( #6911 ) ) ;
#10181 = FILL_AREA_STYLE_COLOUR ( '', #7070 ) ;
#10182 = FACE_OUTER_BOUND ( 'NONE', #300, .T. ) ;
#10183 = DIRECTION ( 'NONE',  ( 0.0000000000000000000, 0.0000000000000000000, -1.000000000000000000 ) ) ;
#10184 = ORIENTED_EDGE ( 'NONE', *, *, #9877, .F. ) ;
#10185 = CARTESIAN_POINT ( 'NONE',  ( -0.1619077818746719744, 0.05335206417546477231, -0.9899999999999999911 ) ) ;
#10186 = UNCERTAINTY_MEASURE_WITH_UNIT (LENGTH_MEASURE( 1.000000000000000082E-05 ), #5308, 'distance_accuracy_value', 'NONE');
#10187 = ORIENTED_EDGE ( 'NONE', *, *, #7224, .F. ) ;
#10188 = ORIENTED_EDGE ( 'NONE', *, *, #19, .T. ) ;
#10189 = DIRECTION ( 'NONE',  ( -1.239088197126291063E-16, 1.000000000000000000, 0.0000000000000000000 ) ) ;
#10190 = PRESENTATION_STYLE_ASSIGNMENT (( #6922 ) ) ;
#10191 = UNCERTAINTY_MEASURE_WITH_UNIT (LENGTH_MEASURE( 1.000000000000000082E-05 ), #1719, 'distance_accuracy_value', 'NONE');
#10192 = LINE ( 'NONE', #2781, #7374 ) ;
#10193 = PLANE ( 'NONE',  #2886 ) ;
#10194 = ORIENTED_EDGE ( 'NONE', *, *, #4717, .T. ) ;
#10195 = DIRECTION ( 'NONE',  ( -1.000000000000000000, 0.0000000000000000000, 0.0000000000000000000 ) ) ;
#10196 = FILL_AREA_STYLE_COLOUR ( '', #1982 ) ;
#10197 = CARTESIAN_POINT ( 'NONE',  ( 0.1642389937566542946, 0.1706306660555213239, -1.000000000000000222 ) ) ;
#10198 = VECTOR ( 'NONE', #9646, 1000.000000000000000 ) ;
#10199 = CARTESIAN_POINT ( 'NONE',  ( -0.9499999999999995115, -1.500000000000000444, -2.000000000000000000 ) ) ;
#10200 = CARTESIAN_POINT ( 'NONE',  ( -0.2640177025880647288, 0.1665165409556170206, -0.9899999999999995470 ) ) ;
#10201 = EDGE_LOOP ( 'NONE', ( #815, #7572, #1741, #5725, #10530 ) ) ;
#10202 = SURFACE_SIDE_STYLE ('',( #6933 ) ) ;
#10203 = DIRECTION ( 'NONE',  ( 1.971276677246371026E-16, -1.000000000000000000, 0.0000000000000000000 ) ) ;
#10204 = SURFACE_STYLE_USAGE ( .BOTH. , #6935 ) ;
#10205 =( LENGTH_UNIT ( ) NAMED_UNIT ( * ) SI_UNIT ( .MILLI., .METRE. ) );
#10206 = EDGE_CURVE ( 'NONE', #7094, #360, #8243, .T. ) ;
#10207 = ORIENTED_EDGE ( 'NONE', *, *, #6000, .F. ) ;
#10208 = CARTESIAN_POINT ( 'NONE',  ( 0.1016211815399622465, 0.05091303978522087464, -1.000000000000000000 ) ) ;
#10209 = SURFACE_STYLE_FILL_AREA ( #6941 ) ;
#10210 = CARTESIAN_POINT ( 'NONE',  ( -1.750000000000000000, -1.500000000000000000, -2.000000000000000000 ) ) ;
#10211 = CARTESIAN_POINT ( 'NONE',  ( 0.07747847974333048338, 0.2328058365566655630, -1.000000000000000000 ) ) ;
#10212 = DIRECTION ( 'NONE',  ( 1.000000000000000000, 0.0000000000000000000, -0.0000000000000000000 ) ) ;
#10213 = VERTEX_POINT ( 'NONE', #8885 ) ;
#10214 =( LENGTH_UNIT ( ) NAMED_UNIT ( * ) SI_UNIT ( .MILLI., .METRE. ) );
#10215 = CARTESIAN_POINT ( 'NONE',  ( 0.1437256661012986658, 0.03557870581664175635, -0.9900000000000002132 ) ) ;
#10216 = MECHANICAL_DESIGN_GEOMETRIC_PRESENTATION_REPRESENTATION (  '', ( #8864 ), #9018 ) ;
#10217 = SURFACE_STYLE_USAGE ( .BOTH. , #6947 ) ;
#10218 = EDGE_CURVE ( 'NONE', #8784, #7184, #9606, .T. ) ;
#10219 = FILL_AREA_STYLE ('',( #6949 ) ) ;
#10220 = CARTESIAN_POINT ( 'NONE',  ( 0.1830725980383426099, 0.1890021161431773011, -1.000000000000000000 ) ) ;
#10221 = ORIENTED_EDGE ( 'NONE', *, *, #1054, .F. ) ;
#10222 = SURFACE_STYLE_FILL_AREA ( #6952 ) ;
#10223 = PRESENTATION_STYLE_ASSIGNMENT (( #6953 ) ) ;
#10224 = LINE ( 'NONE', #2812, #4661 ) ;
#10225 = EDGE_CURVE ( 'NONE', #7142, #6770, #1634, .T. ) ;
#10226 = CARTESIAN_POINT ( 'NONE',  ( 1.749999999999999778, 2.249999999999999112, -3.500000000000000000 ) ) ;
#10227 = FILL_AREA_STYLE ('',( #6961 ) ) ;
#10228 = CARTESIAN_POINT ( 'NONE',  ( -0.09605412333808657777, 0.05335206417546477231, -0.9899999999999999911 ) ) ;
#10229 = CARTESIAN_POINT ( 'NONE',  ( -0.4025708916307695895, 0.1929862105169282138, -1.000000000000000000 ) ) ;
#10230 =( NAMED_UNIT ( * ) PLANE_ANGLE_UNIT ( ) SI_UNIT ( $, .RADIAN. ) );
#10231 = EDGE_CURVE ( 'NONE', #6468, #1389, #3594, .T. ) ;
#10232 = PLANE ( 'NONE',  #916 ) ;
#10233 = VERTEX_POINT ( 'NONE', #8259 ) ;
#10234 = DIRECTION ( 'NONE',  ( 0.0000000000000000000, -1.000000000000000000, 0.0000000000000000000 ) ) ;
#10235 = VERTEX_POINT ( 'NONE', #808 ) ;
#10236 = VERTEX_POINT ( 'NONE', #4133 ) ;
#10237 = DIRECTION ( 'NONE',  ( -1.517445394471977106E-32, -1.224646799147353207E-16, 1.000000000000000000 ) ) ;
#10238 = DIRECTION ( 'NONE',  ( 0.0000000000000000000, -1.000000000000000000, 0.0000000000000000000 ) ) ;
#10239 = DIRECTION ( 'NONE',  ( -1.000000000000000000, 1.204669080539449590E-16, 0.0000000000000000000 ) ) ;
#10240 = AXIS2_PLACEMENT_3D ( 'NONE', #2198, #5521, #8821 ) ;
#10241 = LINE ( 'NONE', #2838, #7334 ) ;
#10242 = CARTESIAN_POINT ( 'NONE',  ( 1.149999999999999911, -0.6500000000000001332, -2.000000000000000000 ) ) ;
#10243 = FILL_AREA_STYLE ('',( #6978 ) ) ;
#10244 = STYLED_ITEM ( 'NONE', ( #2795 ), #700 ) ;
#10245 = CARTESIAN_POINT ( 'NONE',  ( 0.05028734007654758753, 0.06371791783400136688, -1.000000000000000000 ) ) ;
#10246 = AXIS2_PLACEMENT_3D ( 'NONE', #7164, #10428, #3024 ) ;
#10247 = SURFACE_STYLE_FILL_AREA ( #6980 ) ;
#10248 = CARTESIAN_POINT ( 'NONE',  ( -0.2362696632611994974, 0.1988232798518640709, -0.9999999999999993339 ) ) ;
#10249 = ORIENTED_EDGE ( 'NONE', *, *, #10471, .T. ) ;
#10250 = DIRECTION ( 'NONE',  ( -1.000000000000000000, 1.204669080539449837E-16, 0.0000000000000000000 ) ) ;
#10251 =( GEOMETRIC_REPRESENTATION_CONTEXT ( 3 ) GLOBAL_UNCERTAINTY_ASSIGNED_CONTEXT ( ( #7080 ) ) GLOBAL_UNIT_ASSIGNED_CONTEXT ( ( #4406, #3601, #2765 ) ) REPRESENTATION_CONTEXT ( 'NONE', 'WORKASPACE' ) );
#10252 = TOROIDAL_SURFACE ( 'NONE', #5617, 0.7000000000000002887, 0.1499999999999999667 ) ;
#10253 = LINE ( 'NONE', #2857, #5663 ) ;
#10254 = CARTESIAN_POINT ( 'NONE',  ( 0.07406760943270329633, 0.05403584981011987781, -0.9999999999999997780 ) ) ;
#10255 = CLOSED_SHELL ( 'NONE', ( #6784, #2740, #4895, #261 ) ) ;
#10256 = ORIENTED_EDGE ( 'NONE', *, *, #1023, .T. ) ;
#10257 = CARTESIAN_POINT ( 'NONE',  ( -0.2326630711452837563, 0.2249341417741730353, -1.000000000000000000 ) ) ;
#10258 = UNCERTAINTY_MEASURE_WITH_UNIT (LENGTH_MEASURE( 1.000000000000000082E-05 ), #3368, 'distance_accuracy_value', 'NONE');
#10259 = SURFACE_SIDE_STYLE ('',( #6988 ) ) ;
#10260 = TOROIDAL_SURFACE ( 'NONE', #5627, 0.7000000000000002887, 0.1499999999999999667 ) ;
#10261 = SURFACE_STYLE_FILL_AREA ( #6990 ) ;
#10262 = SURFACE_SIDE_STYLE ('',( #6991 ) ) ;
#10263 = AXIS2_PLACEMENT_3D ( 'NONE', #2395, #3320, #6624 ) ;
#10264 = CARTESIAN_POINT ( 'NONE',  ( 3.400000000000000799, -2.900000000000000799, 0.0000000000000000000 ) ) ;
#10265 = EDGE_CURVE ( 'NONE', #4915, #1065, #253, .T. ) ;
#10266 = ORIENTED_EDGE ( 'NONE', *, *, #9338, .F. ) ;
#10267 = DIRECTION ( 'NONE',  ( -1.239088197126291063E-16, 1.000000000000000000, 0.0000000000000000000 ) ) ;
#10268 = EDGE_CURVE ( 'NONE', #5024, #10609, #1644, .T. ) ;
#10269 = CARTESIAN_POINT ( 'NONE',  ( 0.1848830177735998059, 0.07058067309380795795, -1.000000000000000000 ) ) ;
#10270 = MECHANICAL_DESIGN_GEOMETRIC_PRESENTATION_REPRESENTATION (  '', ( #8909 ), #7018 ) ;
#10271 = SURFACE_STYLE_USAGE ( .BOTH. , #6998 ) ;
#10272 = PRESENTATION_LAYER_ASSIGNMENT (  '', '', ( #5633 ) ) ;
#10273 = LINE ( 'NONE', #2876, #9945 ) ;
#10274 = AXIS2_PLACEMENT_3D ( 'NONE', #8587, #1146, #4475 ) ;
#10275 = AXIS2_PLACEMENT_3D ( 'NONE', #5452, #8766, #1330 ) ;
#10276 =( NAMED_UNIT ( * ) SI_UNIT ( $, .STERADIAN. ) SOLID_ANGLE_UNIT ( ) );
#10277 = CARTESIAN_POINT ( 'NONE',  ( 3.815815714343070209, -1.500000000000001110, -3.000000000000000000 ) ) ;
#10278 = VERTEX_POINT ( 'NONE', #5811 ) ;
#10279 = CARTESIAN_POINT ( 'NONE',  ( -3.550000000000000266, 2.249999999999999556, -3.000000000000000000 ) ) ;
#10280 = CIRCLE ( 'NONE', #4253, 0.5500000000000001554 ) ;
#10281 = CARTESIAN_POINT ( 'NONE',  ( -1.750000000000000222, 1.500000000000000000, -2.500000000000000000 ) ) ;
#10282 = COLOUR_RGB ( '',0.2509803921568627416, 0.2509803921568627416, 0.2509803921568627416 ) ;
#10283 = EDGE_CURVE ( 'NONE', #8777, #2618, #9104, .T. ) ;
#10284 = MECHANICAL_DESIGN_GEOMETRIC_PRESENTATION_REPRESENTATION (  '', ( #8925 ), #2339 ) ;
#10285 = VECTOR ( 'NONE', #5917, 1000.000000000000000 ) ;
#10286 = UNCERTAINTY_MEASURE_WITH_UNIT (LENGTH_MEASURE( 1.000000000000000082E-05 ), #6055, 'distance_accuracy_value', 'NONE');
#10287 = SURFACE_SIDE_STYLE ('',( #7017 ) ) ;
#10288 =( GEOMETRIC_REPRESENTATION_CONTEXT ( 3 ) GLOBAL_UNCERTAINTY_ASSIGNED_CONTEXT ( ( #10403 ) ) GLOBAL_UNIT_ASSIGNED_CONTEXT ( ( #8635, #7810, #6989 ) ) REPRESENTATION_CONTEXT ( 'NONE', 'WORKASPACE' ) );
#10289 =( NAMED_UNIT ( * ) SI_UNIT ( $, .STERADIAN. ) SOLID_ANGLE_UNIT ( ) );
#10290 = CARTESIAN_POINT ( 'NONE',  ( 0.1920499190446972315, 0.1707947206476423951, -0.9900000000000002132 ) ) ;
#10291 =( GEOMETRIC_REPRESENTATION_CONTEXT ( 3 ) GLOBAL_UNCERTAINTY_ASSIGNED_CONTEXT ( ( #3921 ) ) GLOBAL_UNIT_ASSIGNED_CONTEXT ( ( #1920, #1112, #302 ) ) REPRESENTATION_CONTEXT ( 'NONE', 'WORKASPACE' ) );
#10292 = DIRECTION ( 'NONE',  ( -1.204669080539449590E-16, -1.000000000000000000, 0.0000000000000000000 ) ) ;
#10293 = MECHANICAL_DESIGN_GEOMETRIC_PRESENTATION_REPRESENTATION (  '', ( #8936 ), #2351 ) ;
#10294 = COLOUR_RGB ( '',0.2509803921568627416, 0.2509803921568627416, 0.2509803921568627416 ) ;
#10295 = FACE_OUTER_BOUND ( 'NONE', #2971, .T. ) ;
#10296 = CARTESIAN_POINT ( 'NONE',  ( -1.749999999999999556, 2.999999999999999556, -3.500000000000000000 ) ) ;
#10297 = CARTESIAN_POINT ( 'NONE',  ( 0.01126294983264515548, 0.2314008446632696836, -1.000000000000000000 ) ) ;
#10298 = ORIENTED_EDGE ( 'NONE', *, *, #851, .F. ) ;
#10299 = MECHANICAL_DESIGN_GEOMETRIC_PRESENTATION_REPRESENTATION (  '', ( #971 ), #7560 ) ;
#10300 = CARTESIAN_POINT ( 'NONE',  ( 0.2161409986131329897, 0.05335206417546477231, -0.9899999999999999911 ) ) ;
#10301 = UNCERTAINTY_MEASURE_WITH_UNIT (LENGTH_MEASURE( 1.000000000000000082E-05 ), #1585, 'distance_accuracy_value', 'NONE');
#10302 = FILL_AREA_STYLE ('',( #7034 ) ) ;
#10303 = VERTEX_POINT ( 'NONE', #8321 ) ;
#10304 = ORIENTED_EDGE ( 'NONE', *, *, #10594, .T. ) ;
#10305 = AXIS2_PLACEMENT_3D ( 'NONE', #357, #3679, #6984 ) ;
#10306 = AXIS2_PLACEMENT_3D ( 'NONE', #74, #3399, #6708 ) ;
#10307 = EDGE_CURVE ( 'NONE', #10326, #6323, #9088, .T. ) ;
#10308 = UNCERTAINTY_MEASURE_WITH_UNIT (LENGTH_MEASURE( 1.000000000000000082E-05 ), #5938, 'distance_accuracy_value', 'NONE');
#10309 = VECTOR ( 'NONE', #7514, 999.9999999999998863 ) ;
#10310 = DIRECTION ( 'NONE',  ( 0.0000000000000000000, -1.000000000000000000, 0.0000000000000000000 ) ) ;
#10311 = CARTESIAN_POINT ( 'NONE',  ( -0.09117607455759875468, 0.2094496251510745422, -0.9899999999999999911 ) ) ;
#10312 =( NAMED_UNIT ( * ) SI_UNIT ( $, .STERADIAN. ) SOLID_ANGLE_UNIT ( ) );
#10313 = STYLED_ITEM ( 'NONE', ( #1158 ), #8715 ) ;
#10314 = VECTOR ( 'NONE', #8714, 1000.000000000000000 ) ;
#10315 = CARTESIAN_POINT ( 'NONE',  ( 0.0000000000000000000, 0.0000000000000000000, 0.0000000000000000000 ) ) ;
#10316 = DIRECTION ( 'NONE',  ( 1.000000000000000000, 0.0000000000000000000, 0.0000000000000000000 ) ) ;
#10317 = CARTESIAN_POINT ( 'NONE',  ( -0.1914047330941841540, 0.2094496251510745422, -0.9899999999999999911 ) ) ;
#10318 = ORIENTED_EDGE ( 'NONE', *, *, #7442, .T. ) ;
#10319 = FILL_AREA_STYLE ('',( #7049 ) ) ;
#10320 = AXIS2_PLACEMENT_3D ( 'NONE', #6053, #9334, #1905 ) ;
#10321 = MECHANICAL_DESIGN_GEOMETRIC_PRESENTATION_REPRESENTATION (  '', ( #8957 ), #2376 ) ;
#10322 = TOROIDAL_SURFACE ( 'NONE', #5683, 0.7000000000000002887, 0.1499999999999999667 ) ;
#10323 = EDGE_CURVE ( 'NONE', #210, #1886, #10455, .T. ) ;
#10324 = FACE_OUTER_BOUND ( 'NONE', #9429, .T. ) ;
#10325 = CARTESIAN_POINT ( 'NONE',  ( 3.549999999999999378, 2.249999999999998668, -3.000000000000000000 ) ) ;
#10326 = VERTEX_POINT ( 'NONE', #9950 ) ;
#10327 = CARTESIAN_POINT ( 'NONE',  ( -0.2846123901817131929, 0.1826219205927762657, -0.9899999999999997691 ) ) ;
#10328 = CARTESIAN_POINT ( 'NONE',  ( -3.550000000000000711, -2.250000000000000444, -3.000000000000000000 ) ) ;
#10329 = VECTOR ( 'NONE', #6775, 1000.000000000000000 ) ;
#10330 = VECTOR ( 'NONE', #3529, 1000.000000000000114 ) ;
#10331 = FILL_AREA_STYLE ('',( #7062 ) ) ;
#10332 = ORIENTED_EDGE ( 'NONE', *, *, #1089, .T. ) ;
#10333 =( NAMED_UNIT ( * ) PLANE_ANGLE_UNIT ( ) SI_UNIT ( $, .RADIAN. ) );
#10334 = CARTESIAN_POINT ( 'NONE',  ( 0.1990678278814256574, 0.1276279788096111312, -0.9899999999999999911 ) ) ;
#10335 = CARTESIAN_POINT ( 'NONE',  ( 3.500000000000000444, -0.7500000000000011102, -3.500000000000000000 ) ) ;
#10336 = FILL_AREA_STYLE ('',( #7069 ) ) ;
#10337 = AXIS2_PLACEMENT_3D ( 'NONE', #3269, #6584, #9855 ) ;
#10338 = DIRECTION ( 'NONE',  ( -0.0000000000000000000, -0.0000000000000000000, -1.000000000000000000 ) ) ;
#10339 = SURFACE_STYLE_USAGE ( .BOTH. , #7072 ) ;
#10340 = ORIENTED_EDGE ( 'NONE', *, *, #1283, .T. ) ;
#10341 = CARTESIAN_POINT ( 'NONE',  ( -1.750000000000000888, -2.250000000000000444, -3.500000000000000000 ) ) ;
#10342 = PRESENTATION_STYLE_ASSIGNMENT (( #7076 ) ) ;
#10343 = VERTEX_POINT ( 'NONE', #2546 ) ;
#10344 = DIRECTION ( 'NONE',  ( 0.0000000000000000000, 1.000000000000000000, 0.0000000000000000000 ) ) ;
#10345 = DIRECTION ( 'NONE',  ( -1.000000000000000000, 0.0000000000000000000, 0.0000000000000000000 ) ) ;
#10346 = CARTESIAN_POINT ( 'NONE',  ( 0.09735288885703542727, 0.2338398690535135604, -0.9899999999999999911 ) ) ;
#10347 = VECTOR ( 'NONE', #1993, 1000.000000000000000 ) ;
#10348 = EDGE_CURVE ( 'NONE', #592, #1345, #5873, .T. ) ;
#10349 =( NAMED_UNIT ( * ) PLANE_ANGLE_UNIT ( ) SI_UNIT ( $, .RADIAN. ) );
#10350 =( LENGTH_UNIT ( ) NAMED_UNIT ( * ) SI_UNIT ( .MILLI., .METRE. ) );
#10351 = CARTESIAN_POINT ( 'NONE',  ( 0.1016211815399622465, 0.05091303978522087464, -0.9899999999999999911 ) ) ;
#10352 = EDGE_LOOP ( 'NONE', ( #1759, #6290, #9222, #7079 ) ) ;
#10353 = PRESENTATION_STYLE_ASSIGNMENT (( #7092 ) ) ;
#10354 =( NAMED_UNIT ( * ) SI_UNIT ( $, .STERADIAN. ) SOLID_ANGLE_UNIT ( ) );
#10355 = VERTEX_POINT ( 'NONE', #5046 ) ;
#10356 = ORIENTED_EDGE ( 'NONE', *, *, #437, .T. ) ;
#10357 = DIRECTION ( 'NONE',  ( 1.000000000000000000, 0.0000000000000000000, 0.0000000000000000000 ) ) ;
#10358 = FILL_AREA_STYLE ('',( #7098 ) ) ;
#10359 = FILL_AREA_STYLE ('',( #7100 ) ) ;
#10360 = EDGE_CURVE ( 'NONE', #47, #10025, #8362, .T. ) ;
#10361 = FILL_AREA_STYLE ('',( #7101 ) ) ;
#10362 = DIRECTION ( 'NONE',  ( -9.856383386231851432E-17, -1.000000000000000000, 0.0000000000000000000 ) ) ;
#10363 = ADVANCED_FACE ( 'NONE', ( #7539 ), #1082, .T. ) ;
#10364 = DIRECTION ( 'NONE',  ( -1.000000000000000000, -1.239088197126291063E-16, 0.0000000000000000000 ) ) ;
#10365 = PRESENTATION_STYLE_ASSIGNMENT (( #7104 ) ) ;
#10366 = VERTEX_POINT ( 'NONE', #2798 ) ;
#10367 =( NAMED_UNIT ( * ) SI_UNIT ( $, .STERADIAN. ) SOLID_ANGLE_UNIT ( ) );
#10368 = FILL_AREA_STYLE ('',( #7108 ) ) ;
#10369 = CARTESIAN_POINT ( 'NONE',  ( -1.549999999999999600, 1.500000000000000444, -2.000000000000000000 ) ) ;
#10370 =( NAMED_UNIT ( * ) PLANE_ANGLE_UNIT ( ) SI_UNIT ( $, .RADIAN. ) );
#10371 = ORIENTED_EDGE ( 'NONE', *, *, #2675, .F. ) ;
#10372 = CARTESIAN_POINT ( 'NONE',  ( -0.2960541233380866166, 0.1339160885657086908, -1.000000000000000000 ) ) ;
#10373 = VECTOR ( 'NONE', #8204, 1000.000000000000000 ) ;
#10374 = DIRECTION ( 'NONE',  ( -1.232047923278981460E-16, -1.000000000000000000, 0.0000000000000000000 ) ) ;
#10375 =( NAMED_UNIT ( * ) SI_UNIT ( $, .STERADIAN. ) SOLID_ANGLE_UNIT ( ) );
#10376 = ORIENTED_EDGE ( 'NONE', *, *, #2310, .T. ) ;
#10377 = CARTESIAN_POINT ( 'NONE',  ( -3.550000000000000711, -2.250000000000000444, -3.500000000000000000 ) ) ;
#10378 = CARTESIAN_POINT ( 'NONE',  ( -1.750000000000000666, -0.7500000000000004441, -3.000000000000000000 ) ) ;
#10379 =( NAMED_UNIT ( * ) SI_UNIT ( $, .STERADIAN. ) SOLID_ANGLE_UNIT ( ) );
#10380 = VERTEX_POINT ( 'NONE', #6124 ) ;
#10381 = FILL_AREA_STYLE_COLOUR ( '', #5980 ) ;
#10382 = CARTESIAN_POINT ( 'NONE',  ( 0.09735288885703542727, 0.2338398690535135604, -1.000000000000000000 ) ) ;
#10383 = CARTESIAN_POINT ( 'NONE',  ( -0.04999999999999960726, 2.050000000000000711, -2.000000000000000000 ) ) ;
#10384 = SURFACE_STYLE_FILL_AREA ( #7125 ) ;
#10385 = VERTEX_POINT ( 'NONE', #9411 ) ;
#10386 = UNCERTAINTY_MEASURE_WITH_UNIT (LENGTH_MEASURE( 1.000000000000000082E-05 ), #4743, 'distance_accuracy_value', 'NONE');
#10387 =( LENGTH_UNIT ( ) NAMED_UNIT ( * ) SI_UNIT ( .MILLI., .METRE. ) );
#10388 = SURFACE_STYLE_FILL_AREA ( #7130 ) ;
#10389 = PRESENTATION_STYLE_ASSIGNMENT (( #7131 ) ) ;
#10390 = CARTESIAN_POINT ( 'NONE',  ( -3.499999999999999556, -3.000000000000000444, -0.5000000000000000000 ) ) ;
#10391 = ORIENTED_EDGE ( 'NONE', *, *, #10555, .T. ) ;
#10392 = DIRECTION ( 'NONE',  ( 0.0000000000000000000, -1.000000000000000000, 0.0000000000000000000 ) ) ;
#10393 = CARTESIAN_POINT ( 'NONE',  ( 1.749999999999999778, 1.500000000000000000, -1.500000000000000000 ) ) ;
#10394 = DIRECTION ( 'NONE',  ( 1.000000000000000000, 0.0000000000000000000, 0.0000000000000000000 ) ) ;
#10395 = VERTEX_POINT ( 'NONE', #1989 ) ;
#10396 = UNCERTAINTY_MEASURE_WITH_UNIT (LENGTH_MEASURE( 1.000000000000000082E-05 ), #1220, 'distance_accuracy_value', 'NONE');
#10397 = FILL_AREA_STYLE ('',( #7140 ) ) ;
#10398 = ORIENTED_EDGE ( 'NONE', *, *, #4766, .F. ) ;
#10399 = ORIENTED_EDGE ( 'NONE', *, *, #6417, .T. ) ;
#10400 = EDGE_CURVE ( 'NONE', #7126, #360, #8070, .T. ) ;
#10401 = CARTESIAN_POINT ( 'NONE',  ( 0.1364370949318468584, 0.05908079761950350839, -0.9999999999999997780 ) ) ;
#10402 =( NAMED_UNIT ( * ) SI_UNIT ( $, .STERADIAN. ) SOLID_ANGLE_UNIT ( ) );
#10403 = UNCERTAINTY_MEASURE_WITH_UNIT (LENGTH_MEASURE( 1.000000000000000082E-05 ), #8635, 'distance_accuracy_value', 'NONE');
#10404 =( NAMED_UNIT ( * ) SI_UNIT ( $, .STERADIAN. ) SOLID_ANGLE_UNIT ( ) );
#10405 =( NAMED_UNIT ( * ) SI_UNIT ( $, .STERADIAN. ) SOLID_ANGLE_UNIT ( ) );
#10406 = FACE_OUTER_BOUND ( 'NONE', #1165, .T. ) ;
#10407 = DIRECTION ( 'NONE',  ( -0.0000000000000000000, -0.0000000000000000000, -1.000000000000000000 ) ) ;
#10408 = ORIENTED_EDGE ( 'NONE', *, *, #8545, .F. ) ;
#10409 = CARTESIAN_POINT ( 'NONE',  ( -0.09117607455759875468, 0.2094496251510745422, -0.9899999999999999911 ) ) ;
#10410 = ADVANCED_FACE ( 'NONE', ( #4515 ), #7809, .T. ) ;
#10411 = MECHANICAL_DESIGN_GEOMETRIC_PRESENTATION_REPRESENTATION (  '', ( #1080 ), #7669 ) ;
#10412 = ORIENTED_EDGE ( 'NONE', *, *, #9434, .F. ) ;
#10413 = DIRECTION ( 'NONE',  ( 1.000000000000000000, 0.0000000000000000000, 0.0000000000000000000 ) ) ;
#10414 =( NAMED_UNIT ( * ) SI_UNIT ( $, .STERADIAN. ) SOLID_ANGLE_UNIT ( ) );
#10415 =( LENGTH_UNIT ( ) NAMED_UNIT ( * ) SI_UNIT ( .MILLI., .METRE. ) );
#10416 = CARTESIAN_POINT ( 'NONE',  ( 1.150000000000000133, 0.9500000000000000666, -2.000000000000000000 ) ) ;
#10417 = DIRECTION ( 'NONE',  ( 0.0000000000000000000, 0.0000000000000000000, -1.000000000000000000 ) ) ;
#10418 = ORIENTED_EDGE ( 'NONE', *, *, #1937, .T. ) ;
#10419 =( GEOMETRIC_REPRESENTATION_CONTEXT ( 3 ) GLOBAL_UNCERTAINTY_ASSIGNED_CONTEXT ( ( #4909 ) ) GLOBAL_UNIT_ASSIGNED_CONTEXT ( ( #4768, #3956, #3122 ) ) REPRESENTATION_CONTEXT ( 'NONE', 'WORKASPACE' ) );
#10420 = DIRECTION ( 'NONE',  ( 0.0000000000000000000, -1.000000000000000000, 0.0000000000000000000 ) ) ;
#10421 = CARTESIAN_POINT ( 'NONE',  ( 0.2161409986131329897, 0.05335206417546477231, -0.9899999999999999911 ) ) ;
#10422 = B_SPLINE_CURVE_WITH_KNOTS ( 'NONE', 2,
 ( #10328, #2920, #6252 ),
 .UNSPECIFIED., .F., .F.,
 ( 3, 3 ),
 ( 0.0000000000000000000, 1.000000000000000000 ),
 .UNSPECIFIED. ) ;
#10423 = FACE_OUTER_BOUND ( 'NONE', #1536, .T. ) ;
#10424 = DIRECTION ( 'NONE',  ( 0.0000000000000000000, 1.000000000000000000, 0.0000000000000000000 ) ) ;
#10425 = FACE_OUTER_BOUND ( 'NONE', #2522, .T. ) ;
#10426 = PLANE ( 'NONE',  #2995 ) ;
#10427 = CIRCLE ( 'NONE', #5785, 0.1499999999999999667 ) ;
#10428 = DIRECTION ( 'NONE',  ( -1.000000000000000000, 1.239088197126291063E-16, 0.0000000000000000000 ) ) ;
#10429 = STYLED_ITEM ( 'NONE', ( #1511 ), #6742 ) ;
#10430 = DIRECTION ( 'NONE',  ( 1.000000000000000000, 0.0000000000000000000, 0.0000000000000000000 ) ) ;
#10431 = DIRECTION ( 'NONE',  ( -1.000000000000000000, -0.0000000000000000000, 0.0000000000000000000 ) ) ;
#10432 = SURFACE_STYLE_USAGE ( .BOTH. , #7167 ) ;
#10433 = ADVANCED_FACE ( 'NONE', ( #5421 ), #8727, .F. ) ;
#10434 = MECHANICAL_DESIGN_GEOMETRIC_PRESENTATION_REPRESENTATION (  '', ( #9068 ), #2491 ) ;
#10435 = DIRECTION ( 'NONE',  ( -0.0000000000000000000, 0.0000000000000000000, -1.000000000000000000 ) ) ;
#10436 = CARTESIAN_POINT ( 'NONE',  ( 0.2917507547106939492, 0.2314008446632696836, -0.9899999999999999911 ) ) ;
#10437 = AXIS2_PLACEMENT_3D ( 'NONE', #9846, #2428, #5749 ) ;
#10438 = AXIS2_PLACEMENT_3D ( 'NONE', #597, #3924, #7243 ) ;
#10439 = AXIS2_PLACEMENT_3D ( 'NONE', #7912, #465, #3798 ) ;
#10440 = CARTESIAN_POINT ( 'NONE',  ( 0.06025980618681303635, 0.2294404446260246144, -0.9899999999999999911 ) ) ;
#10441 = SURFACE_SIDE_STYLE ('',( #7174 ) ) ;
#10442 = STYLED_ITEM ( 'NONE', ( #10365 ), #518 ) ;
#10443 = ORIENTED_EDGE ( 'NONE', *, *, #173, .T. ) ;
#10444 = STYLED_ITEM ( 'NONE', ( #4095 ), #7909 ) ;
#10445 = STYLED_ITEM ( 'NONE', ( #1441 ), #3909 ) ;
#10446 = CIRCLE ( 'NONE', #5812, 0.1499999999999999667 ) ;
#10447 = FILL_AREA_STYLE_COLOUR ( '', #7211 ) ;
#10448 = MECHANICAL_DESIGN_GEOMETRIC_PRESENTATION_REPRESENTATION (  '', ( #10620 ), #7706 ) ;
#10449 = EDGE_CURVE ( 'NONE', #3933, #7900, #6359, .T. ) ;
#10450 = AXIS2_PLACEMENT_3D ( 'NONE', #6928, #7847, #398 ) ;
#10451 = CARTESIAN_POINT ( 'NONE',  ( -3.499999999999999556, 0.7499999999999995559, -3.000000000000000000 ) ) ;
#10452 = ORIENTED_EDGE ( 'NONE', *, *, #7398, .F. ) ;
#10453 = FILL_AREA_STYLE_COLOUR ( '', #3726 ) ;
#10454 = CARTESIAN_POINT ( 'NONE',  ( -1.249999999999999556, -2.200000000000000622, -2.000000000000000000 ) ) ;
#10455 = CIRCLE ( 'NONE', #5818, 0.1499999999999999667 ) ;
#10456 =( GEOMETRIC_REPRESENTATION_CONTEXT ( 3 ) GLOBAL_UNCERTAINTY_ASSIGNED_CONTEXT ( ( #2612 ) ) GLOBAL_UNIT_ASSIGNED_CONTEXT ( ( #10387, #9600, #8807 ) ) REPRESENTATION_CONTEXT ( 'NONE', 'WORKASPACE' ) );
#10457 = AXIS2_PLACEMENT_3D ( 'NONE', #6901, #10166, #2759 ) ;
#10458 = AXIS2_PLACEMENT_3D ( 'NONE', #1705, #5021, #8332 ) ;
#10459 = CARTESIAN_POINT ( 'NONE',  ( 0.08061975960342668279, 0.05261450686573036772, -0.9900000000000002132 ) ) ;
#10460 = VERTEX_POINT ( 'NONE', #5537 ) ;
#10461 =( NAMED_UNIT ( * ) SI_UNIT ( $, .STERADIAN. ) SOLID_ANGLE_UNIT ( ) );
#10462 = ORIENTED_EDGE ( 'NONE', *, *, #6544, .F. ) ;
#10463 = ORIENTED_EDGE ( 'NONE', *, *, #9528, .T. ) ;
#10464 = SURFACE_STYLE_FILL_AREA ( #7196 ) ;
#10465 = CIRCLE ( 'NONE', #5829, 0.5500000000000003775 ) ;
#10466 = DIRECTION ( 'NONE',  ( -1.000000000000000000, 1.239088197126291063E-16, 0.0000000000000000000 ) ) ;
#10467 = PRESENTATION_LAYER_ASSIGNMENT (  '', '', ( #4441 ) ) ;
#10468 = MECHANICAL_DESIGN_GEOMETRIC_PRESENTATION_REPRESENTATION (  '', ( #9100 ), #2526 ) ;
#10469 = PRESENTATION_STYLE_ASSIGNMENT (( #7198 ) ) ;
#10470 = DIRECTION ( 'NONE',  ( -1.000000000000000000, 1.239088197126291063E-16, 0.0000000000000000000 ) ) ;
#10471 = EDGE_CURVE ( 'NONE', #5307, #5609, #8836, .T. ) ;
#10472 = FILL_AREA_STYLE_COLOUR ( '', #6021 ) ;
#10473 = COLOUR_RGB ( '',0.9882352941176471006, 0.7372549019607843590, 0.5176470588235293491 ) ;
#10474 = ADVANCED_FACE ( 'NONE', ( #8024 ), #572, .T. ) ;
#10475 = FACE_OUTER_BOUND ( 'NONE', #4576, .T. ) ;
#10476 = ORIENTED_EDGE ( 'NONE', *, *, #10560, .F. ) ;
#10477 = SURFACE_SIDE_STYLE ('',( #7210 ) ) ;
#10478 = ORIENTED_EDGE ( 'NONE', *, *, #1763, .F. ) ;
#10479 = PRESENTATION_STYLE_ASSIGNMENT (( #7215 ) ) ;
#10480 = STYLED_ITEM ( 'NONE', ( #4539 ), #2167 ) ;
#10481 = FILL_AREA_STYLE_COLOUR ( '', #5260 ) ;
#10482 = STYLED_ITEM ( 'NONE', ( #2544 ), #5674 ) ;
#10483 = FACE_OUTER_BOUND ( 'NONE', #6349, .T. ) ;
#10484 = COLOUR_RGB ( '',1.000000000000000000, 1.000000000000000000, 1.000000000000000000 ) ;
#10485 = AXIS2_PLACEMENT_3D ( 'NONE', #9989, #2581, #5900 ) ;
#10486 = DIRECTION ( 'NONE',  ( -1.000000000000000000, 0.0000000000000000000, 0.0000000000000000000 ) ) ;
#10487 = UNCERTAINTY_MEASURE_WITH_UNIT (LENGTH_MEASURE( 1.000000000000000082E-05 ), #6776, 'distance_accuracy_value', 'NONE');
#10488 = EDGE_CURVE ( 'NONE', #290, #3639, #3085, .T. ) ;
#10489 = DIRECTION ( 'NONE',  ( -1.000000000000000000, 0.0000000000000000000, -0.0000000000000000000 ) ) ;
#10490 = SURFACE_STYLE_FILL_AREA ( #7222 ) ;
#10491 = CIRCLE ( 'NONE', #4469, 0.1499999999999999667 ) ;
#10492 =( NAMED_UNIT ( * ) PLANE_ANGLE_UNIT ( ) SI_UNIT ( $, .RADIAN. ) );
#10493 =( NAMED_UNIT ( * ) PLANE_ANGLE_UNIT ( ) SI_UNIT ( $, .RADIAN. ) );
#10494 = STYLED_ITEM ( 'NONE', ( #4028 ), #8849 ) ;
#10495 = PRESENTATION_LAYER_ASSIGNMENT (  '', '', ( #4473 ) ) ;
#10496 = ORIENTED_EDGE ( 'NONE', *, *, #7408, .F. ) ;
#10497 =( NAMED_UNIT ( * ) PLANE_ANGLE_UNIT ( ) SI_UNIT ( $, .RADIAN. ) );
#10498 = STYLED_ITEM ( 'NONE', ( #8826 ), #6220 ) ;
#10499 = FILL_AREA_STYLE_COLOUR ( '', #3088 ) ;
#10500 = FILL_AREA_STYLE ('',( #7234 ) ) ;
#10501 = EDGE_CURVE ( 'NONE', #1715, #3331, #9268, .T. ) ;
#10502 = MECHANICAL_DESIGN_GEOMETRIC_PRESENTATION_REPRESENTATION (  '', ( #9135 ), #2555 ) ;
#10503 = LINE ( 'NONE', #3095, #2162 ) ;
#10504 = DIRECTION ( 'NONE',  ( -1.517445394471977106E-32, -1.224646799147353207E-16, 1.000000000000000000 ) ) ;
#10505 = CARTESIAN_POINT ( 'NONE',  ( -0.2959733498975575805, 0.1301385716644387902, -0.9899999999999999911 ) ) ;
#10506 = ORIENTED_EDGE ( 'NONE', *, *, #4981, .F. ) ;
#10507 = ADVANCED_FACE ( 'NONE', ( #1446 ), #4774, .T. ) ;
#10508 = UNCERTAINTY_MEASURE_WITH_UNIT (LENGTH_MEASURE( 1.000000000000000082E-05 ), #2846, 'distance_accuracy_value', 'NONE');
#10509 =( GEOMETRIC_REPRESENTATION_CONTEXT ( 3 ) GLOBAL_UNCERTAINTY_ASSIGNED_CONTEXT ( ( #1200 ) ) GLOBAL_UNIT_ASSIGNED_CONTEXT ( ( #7223, #6414, #5589 ) ) REPRESENTATION_CONTEXT ( 'NONE', 'WORKASPACE' ) );
#10510 = LINE ( 'NONE', #3100, #5799 ) ;
#10511 = PLANE ( 'NONE',  #8639 ) ;
#10512 = ORIENTED_EDGE ( 'NONE', *, *, #10682, .T. ) ;
#10513 = SURFACE_STYLE_FILL_AREA ( #7246 ) ;
#10514 = DIRECTION ( 'NONE',  ( 1.000000000000000000, 0.0000000000000000000, -0.0000000000000000000 ) ) ;
#10515 = CARTESIAN_POINT ( 'NONE',  ( 0.05028734007654758753, 0.06371791783400136688, -1.000000000000000000 ) ) ;
#10516 = VERTEX_POINT ( 'NONE', #2370 ) ;
#10517 = UNCERTAINTY_MEASURE_WITH_UNIT (LENGTH_MEASURE( 1.000000000000000082E-05 ), #6966, 'distance_accuracy_value', 'NONE');
#10518 = SURFACE_STYLE_USAGE ( .BOTH. , #7251 ) ;
#10519 = EDGE_LOOP ( 'NONE', ( #9873, #3226, #5910, #4911 ) ) ;
#10520 = SURFACE_STYLE_USAGE ( .BOTH. , #7254 ) ;
#10521 =( GEOMETRIC_REPRESENTATION_CONTEXT ( 3 ) GLOBAL_UNCERTAINTY_ASSIGNED_CONTEXT ( ( #6077 ) ) GLOBAL_UNIT_ASSIGNED_CONTEXT ( ( #6081, #5256, #4460 ) ) REPRESENTATION_CONTEXT ( 'NONE', 'WORKASPACE' ) );
#10522 = CARTESIAN_POINT ( 'NONE',  ( 3.549999999999999378, 0.7499999999999986677, -3.000000000000000000 ) ) ;
#10523 = UNCERTAINTY_MEASURE_WITH_UNIT (LENGTH_MEASURE( 1.000000000000000082E-05 ), #3820, 'distance_accuracy_value', 'NONE');
#10524 =( LENGTH_UNIT ( ) NAMED_UNIT ( * ) SI_UNIT ( .MILLI., .METRE. ) );
#10525 = VECTOR ( 'NONE', #7162, 1000.000000000000000 ) ;
#10526 = SURFACE_STYLE_FILL_AREA ( #7257 ) ;
#10527 =( NAMED_UNIT ( * ) PLANE_ANGLE_UNIT ( ) SI_UNIT ( $, .RADIAN. ) );
#10528 = FACE_OUTER_BOUND ( 'NONE', #4962, .T. ) ;
#10529 = ORIENTED_EDGE ( 'NONE', *, *, #9253, .F. ) ;
#10530 = ORIENTED_EDGE ( 'NONE', *, *, #1302, .T. ) ;
#10531 = DIRECTION ( 'NONE',  ( 1.000000000000000000, 0.0000000000000000000, 0.0000000000000000000 ) ) ;
#10532 = FACE_OUTER_BOUND ( 'NONE', #7208, .T. ) ;
#10533 = DIRECTION ( 'NONE',  ( -1.000000000000000000, 0.0000000000000000000, 0.0000000000000000000 ) ) ;
#10534 =( NAMED_UNIT ( * ) PLANE_ANGLE_UNIT ( ) SI_UNIT ( $, .RADIAN. ) );
#10535 = DIRECTION ( 'NONE',  ( -0.3390537954853692915, -0.9407669869669987861, 0.0000000000000000000 ) ) ;
#10536 = SURFACE_STYLE_USAGE ( .BOTH. , #7267 ) ;
#10537 = CARTESIAN_POINT ( 'NONE',  ( 0.2500000000000003331, -0.8000000000000001554, -2.000000000000000000 ) ) ;
#10538 = DIRECTION ( 'NONE',  ( -0.0000000000000000000, 0.0000000000000000000, -1.000000000000000000 ) ) ;
#10539 = CARTESIAN_POINT ( 'NONE',  ( -3.550000000000000266, 2.249999999999999556, -3.000000000000000000 ) ) ;
#10540 = FACE_OUTER_BOUND ( 'NONE', #5080, .T. ) ;
#10541 = CARTESIAN_POINT ( 'NONE',  ( 0.1087896401917259476, 0.02903925168999599640, -0.9899999999999999911 ) ) ;
#10542 = VERTEX_POINT ( 'NONE', #5696 ) ;
#10543 = FILL_AREA_STYLE_COLOUR ( '', #1314 ) ;
#10544 = ADVANCED_FACE ( 'NONE', ( #8981 ), #6354, .T. ) ;
#10545 = CARTESIAN_POINT ( 'NONE',  ( 3.499999999999999556, -2.250000000000001776, -3.500000000000000000 ) ) ;
#10546 = SURFACE_SIDE_STYLE ('',( #7277 ) ) ;
#10547 = AXIS2_PLACEMENT_3D ( 'NONE', #6626, #9900, #2497 ) ;
#10548 =( NAMED_UNIT ( * ) SI_UNIT ( $, .STERADIAN. ) SOLID_ANGLE_UNIT ( ) );
#10549 = CARTESIAN_POINT ( 'NONE',  ( -0.2943678630517445050, 0.1119274897903309585, -0.9999999999999993339 ) ) ;
#10550 = LINE ( 'NONE', #741, #3574 ) ;
#10551 = CARTESIAN_POINT ( 'NONE',  ( 0.1574014321776503189, 0.07751575732157002518, -0.9899999999999999911 ) ) ;
#10552 = CARTESIAN_POINT ( 'NONE',  ( -0.2222259852778986355, 0.03512453073702262452, -0.9899999999999999911 ) ) ;
#10553 = VERTEX_POINT ( 'NONE', #1551 ) ;
#10554 = CARTESIAN_POINT ( 'NONE',  ( -0.01556631846003775181, 0.1216447471022940596, -0.9899999999999999911 ) ) ;
#10555 = EDGE_CURVE ( 'NONE', #8632, #987, #2466, .T. ) ;
#10556 =( LENGTH_UNIT ( ) NAMED_UNIT ( * ) SI_UNIT ( .MILLI., .METRE. ) );
#10557 =( GEOMETRIC_REPRESENTATION_CONTEXT ( 3 ) GLOBAL_UNCERTAINTY_ASSIGNED_CONTEXT ( ( #8786 ) ) GLOBAL_UNIT_ASSIGNED_CONTEXT ( ( #4214, #3408, #2585 ) ) REPRESENTATION_CONTEXT ( 'NONE', 'WORKASPACE' ) );
#10558 =( NAMED_UNIT ( * ) PLANE_ANGLE_UNIT ( ) SI_UNIT ( $, .RADIAN. ) );
#10559 = ORIENTED_EDGE ( 'NONE', *, *, #772, .T. ) ;
#10560 = EDGE_CURVE ( 'NONE', #3274, #1415, #3040, .T. ) ;
#10561 = CARTESIAN_POINT ( 'NONE',  ( -3.499999999999999556, 2.999999999999999556, -0.5000000000000000000 ) ) ;
#10562 = CARTESIAN_POINT ( 'NONE',  ( -3.550000000000000266, 0.7499999999999995559, -3.000000000000000000 ) ) ;
#10563 = ORIENTED_EDGE ( 'NONE', *, *, #3302, .F. ) ;
#10564 = ORIENTED_EDGE ( 'NONE', *, *, #7977, .T. ) ;
#10565 = PRESENTATION_STYLE_ASSIGNMENT (( #7294 ) ) ;
#10566 = CARTESIAN_POINT ( 'NONE',  ( 0.8500000000000004219, -2.350000000000000533, -2.000000000000000000 ) ) ;
#10567 = EDGE_CURVE ( 'NONE', #2750, #745, #848, .T. ) ;
#10568 = CARTESIAN_POINT ( 'NONE',  ( -0.4619077818746720188, 0.03140084466326965168, -0.9899999999999999911 ) ) ;
#10569 = DIRECTION ( 'NONE',  ( -1.000000000000000000, -0.0000000000000000000, -0.0000000000000000000 ) ) ;
#10570 = FACE_OUTER_BOUND ( 'NONE', #4905, .T. ) ;
#10571 = EDGE_LOOP ( 'NONE', ( #2111, #6082, #10221, #8819 ) ) ;
#10572 = SURFACE_SIDE_STYLE ('',( #7305 ) ) ;
#10573 = PRESENTATION_LAYER_ASSIGNMENT (  '', '', ( #7846 ) ) ;
#10574 = DIRECTION ( 'NONE',  ( -1.000000000000000000, 0.0000000000000000000, 0.0000000000000000000 ) ) ;
#10575 = B_SPLINE_SURFACE_WITH_KNOTS ( 'NONE', 3, 1, ( 
 ( #255, #9409 ),
 ( #1986, #5314 ),
 ( #8633, #1184 ),
 ( #4514, #7808 ),
 ( #361, #3683 ),
 ( #6987, #10257 ),
 ( #2862, #6195 ),
 ( #9484, #2046 ),
 ( #5372, #8682 ),
 ( #1234, #4558 ),
 ( #7858, #410 ),
 ( #3746, #7058 ),
 ( #10327, #2918 ),
 ( #6250, #9526 ),
 ( #2095, #5419 ),
 ( #8724, #1285 ),
 ( #4624, #7920 ),
 ( #474, #3804 ),
 ( #7112, #10372 ) ),
 .UNSPECIFIED., .F., .F., .F.,
 ( 4, 1, 1, 1, 1, 1, 1, 1, 1, 1, 1, 1, 1, 1, 1, 1, 4 ),
 ( 2, 2 ),
 ( 0.0000000000000000000, 0.06863117867660099847, 0.1345664660386766964, 0.1983281540108808028, 0.2607897666408446891, 0.3219991514841584190, 0.3827217465030193222, 0.4435374740357288514, 0.5051334294849249007, 0.5662138747646714432, 0.6261058646175455822, 0.6853493221605165830, 0.7449958703477972399, 0.8054158418145627163, 0.8676362663459531444, 0.9323077823023292465, 1.000000000000000000 ),
 ( 0.0000000000000000000, 1.000000000000000000 ),
 .UNSPECIFIED. ) ;
#10576 = SURFACE_STYLE_USAGE ( .BOTH. , #7310 ) ;
#10577 = CARTESIAN_POINT ( 'NONE',  ( 3.499999999999999556, -2.250000000000001776, -3.500000000000000000 ) ) ;
#10578 = UNCERTAINTY_MEASURE_WITH_UNIT (LENGTH_MEASURE( 1.000000000000000082E-05 ), #8808, 'distance_accuracy_value', 'NONE');
#10579 = CARTESIAN_POINT ( 'NONE',  ( -0.01556631846003775181, 0.05335206417546477231, -0.9899999999999999911 ) ) ;
#10580 =( LENGTH_UNIT ( ) NAMED_UNIT ( * ) SI_UNIT ( .MILLI., .METRE. ) );
#10581 = FACE_BOUND ( 'NONE', #1933, .T. ) ;
#10582 = CARTESIAN_POINT ( 'NONE',  ( 0.06774289063716951165, 0.05581505038011890657, -0.9900000000000004352 ) ) ;
#10583 =( NAMED_UNIT ( * ) PLANE_ANGLE_UNIT ( ) SI_UNIT ( $, .RADIAN. ) );
#10584 = CARTESIAN_POINT ( 'NONE',  ( 0.1956642584727042999, 0.09675008867523447742, -0.9900000000000002132 ) ) ;
#10585 = ORIENTED_EDGE ( 'NONE', *, *, #8238, .F. ) ;
#10586 = FILL_AREA_STYLE_COLOUR ( '', #9063 ) ;
#10587 =( LENGTH_UNIT ( ) NAMED_UNIT ( * ) SI_UNIT ( .MILLI., .METRE. ) );
#10588 = PRESENTATION_LAYER_ASSIGNMENT (  '', '', ( #5947 ) ) ;
#10589 = CARTESIAN_POINT ( 'NONE',  ( -1.749999999999999556, 2.999999999999999556, -3.500000000000000000 ) ) ;
#10590 = CARTESIAN_POINT ( 'NONE',  ( -0.2233830370538947008, 0.05844406325176196293, -0.9900000000000004352 ) ) ;
#10591 = EDGE_CURVE ( 'NONE', #2378, #8784, #10465, .T. ) ;
#10592 = CARTESIAN_POINT ( 'NONE',  ( -0.2007921016242630308, 0.03160585132413151060, -0.9999999999999997780 ) ) ;
#10593 = DIRECTION ( 'NONE',  ( -1.275531967630004752E-16, -1.000000000000000000, 0.0000000000000000000 ) ) ;
#10594 = EDGE_CURVE ( 'NONE', #7283, #2640, #9935, .T. ) ;
#10595 = LINE ( 'NONE', #3195, #2674 ) ;
#10596 = COLOUR_RGB ( '',0.9882352941176471006, 0.7372549019607843590, 0.5176470588235293491 ) ;
#10597 = ORIENTED_EDGE ( 'NONE', *, *, #8294, .T. ) ;
#10598 = SURFACE_STYLE_USAGE ( .BOTH. , #7325 ) ;
#10599 = STYLED_ITEM ( 'NONE', ( #7052 ), #707 ) ;
#10600 =( GEOMETRIC_REPRESENTATION_CONTEXT ( 3 ) GLOBAL_UNCERTAINTY_ASSIGNED_CONTEXT ( ( #334 ) ) GLOBAL_UNIT_ASSIGNED_CONTEXT ( ( #5192, #9, #9908 ) ) REPRESENTATION_CONTEXT ( 'NONE', 'WORKASPACE' ) );
#10601 = DIRECTION ( 'NONE',  ( -1.000000000000000000, 0.0000000000000000000, 0.0000000000000000000 ) ) ;
#10602 = AXIS2_PLACEMENT_3D ( 'NONE', #3124, #6450, #9724 ) ;
#10603 = COLOUR_RGB ( '',0.7529411764705882248, 0.7529411764705882248, 0.7529411764705882248 ) ;
#10604 = DIRECTION ( 'NONE',  ( -1.239088197126291063E-16, 1.000000000000000000, 0.0000000000000000000 ) ) ;
#10605 = STYLED_ITEM ( 'NONE', ( #6878 ), #6793 ) ;
#10606 = DIRECTION ( 'NONE',  ( -1.517445394471977106E-32, -1.224646799147353207E-16, 1.000000000000000000 ) ) ;
#10607 = CARTESIAN_POINT ( 'NONE',  ( -0.4010050356316888776, 0.1987494916397017919, -0.9999999999999997780 ) ) ;
#10608 = CLOSED_SHELL ( 'NONE', ( #8619, #3784, #9514, #2344, #6393, #1620 ) ) ;
#10609 = VERTEX_POINT ( 'NONE', #9147 ) ;
#10610 = FILL_AREA_STYLE ('',( #7332 ) ) ;
#10611 = ADVANCED_FACE ( 'NONE', ( #1721 ), #5033, .T. ) ;
#10612 = FILL_AREA_STYLE_COLOUR ( '', #8732 ) ;
#10613 = ORIENTED_EDGE ( 'NONE', *, *, #8441, .F. ) ;
#10614 = CIRCLE ( 'NONE', #5972, 0.8500000000000000888 ) ;
#10615 =( GEOMETRIC_REPRESENTATION_CONTEXT ( 3 ) GLOBAL_UNCERTAINTY_ASSIGNED_CONTEXT ( ( #3381 ) ) GLOBAL_UNIT_ASSIGNED_CONTEXT ( ( #2855, #2041, #1229 ) ) REPRESENTATION_CONTEXT ( 'NONE', 'WORKASPACE' ) );
#10616 = AXIS2_PLACEMENT_3D ( 'NONE', #20, #3334, #6641 ) ;
#10617 = UNCERTAINTY_MEASURE_WITH_UNIT (LENGTH_MEASURE( 1.000000000000000082E-05 ), #8671, 'distance_accuracy_value', 'NONE');
#10618 = FILL_AREA_STYLE_COLOUR ( '', #778 ) ;
#10619 = ORIENTED_EDGE ( 'NONE', *, *, #542, .T. ) ;
#10620 = STYLED_ITEM ( 'NONE', ( #7377 ), #420 ) ;
#10621 = DIRECTION ( 'NONE',  ( 1.000000000000000000, 0.0000000000000000000, 0.0000000000000000000 ) ) ;
#10622 = VECTOR ( 'NONE', #7441, 1000.000000000000000 ) ;
#10623 = CARTESIAN_POINT ( 'NONE',  ( 0.2917507547106939492, 0.05335206417546477231, -1.000000000000000000 ) ) ;
#10624 = AXIS2_PLACEMENT_3D ( 'NONE', #4642, #7941, #492 ) ;
#10625 = FILL_AREA_STYLE ('',( #7346 ) ) ;
#10626 = AXIS2_PLACEMENT_3D ( 'NONE', #10142, #2737, #6062 ) ;
#10627 = MECHANICAL_DESIGN_GEOMETRIC_PRESENTATION_REPRESENTATION (  '', ( #9260 ), #2682 ) ;
#10628 = VERTEX_POINT ( 'NONE', #2630 ) ;
#10629 = SURFACE_STYLE_FILL_AREA ( #7348 ) ;
#10630 = DIRECTION ( 'NONE',  ( -0.3536223923290756632, 0.9353882635801357148, 0.0000000000000000000 ) ) ;
#10631 = EDGE_CURVE ( 'NONE', #3144, #2673, #5943, .T. ) ;
#10632 = PRESENTATION_STYLE_ASSIGNMENT (( #7353 ) ) ;
#10633 = SURFACE_STYLE_FILL_AREA ( #7355 ) ;
#10634 = ORIENTED_EDGE ( 'NONE', *, *, #5048, .F. ) ;
#10635 = COLOUR_RGB ( '',1.000000000000000000, 1.000000000000000000, 1.000000000000000000 ) ;
#10636 = ORIENTED_EDGE ( 'NONE', *, *, #9942, .F. ) ;
#10637 = COLOUR_RGB ( '',0.7921568627450980005, 0.8196078431372548767, 0.9333333333333333481 ) ;
#10638 = CIRCLE ( 'NONE', #5991, 0.1499999999999999667 ) ;
#10639 = ADVANCED_FACE ( 'NONE', ( #5137 ), #8466, .F. ) ;
#10640 = STYLED_ITEM ( 'NONE', ( #2807 ), #7455 ) ;
#10641 = DIRECTION ( 'NONE',  ( 0.0000000000000000000, -1.000000000000000000, 0.0000000000000000000 ) ) ;
#10642 = DIRECTION ( 'NONE',  ( -1.517445394471977106E-32, 1.224646799147353207E-16, -1.000000000000000000 ) ) ;
#10643 = DIRECTION ( 'NONE',  ( -0.0000000000000000000, 0.0000000000000000000, 1.000000000000000000 ) ) ;
#10644 = COLOUR_RGB ( '',0.7529411764705882248, 0.7529411764705882248, 0.7529411764705882248 ) ;
#10645 = DIRECTION ( 'NONE',  ( 0.0000000000000000000, -1.000000000000000000, 0.0000000000000000000 ) ) ;
#10646 = AXIS2_PLACEMENT_3D ( 'NONE', #6511, #9797, #2381 ) ;
#10647 =( GEOMETRIC_REPRESENTATION_CONTEXT ( 3 ) GLOBAL_UNCERTAINTY_ASSIGNED_CONTEXT ( ( #6103 ) ) GLOBAL_UNIT_ASSIGNED_CONTEXT ( ( #6245, #5414, #4619 ) ) REPRESENTATION_CONTEXT ( 'NONE', 'WORKASPACE' ) );
#10648 = PRESENTATION_STYLE_ASSIGNMENT (( #7369 ) ) ;
#10649 = DIRECTION ( 'NONE',  ( -1.239088197126291063E-16, -1.000000000000000000, 0.0000000000000000000 ) ) ;
#10650 = FILL_AREA_STYLE_COLOUR ( '', #5503 ) ;
#10651 = DIRECTION ( 'NONE',  ( -1.517445394471977106E-32, -1.224646799147353207E-16, 1.000000000000000000 ) ) ;
#10652 = EDGE_CURVE ( 'NONE', #1786, #1658, #188, .T. ) ;
#10653 = ORIENTED_EDGE ( 'NONE', *, *, #5565, .T. ) ;
#10654 = MECHANICAL_DESIGN_GEOMETRIC_PRESENTATION_REPRESENTATION (  '', ( #9143 ), #2707 ) ;
#10655 = DIRECTION ( 'NONE',  ( -1.239088197126291063E-16, 1.000000000000000000, 0.0000000000000000000 ) ) ;
#10656 = PRESENTATION_LAYER_ASSIGNMENT (  '', '', ( #4645 ) ) ;
#10657 = TOROIDAL_SURFACE ( 'NONE', #2361, 0.7000000000000002887, 0.1499999999999999667 ) ;
#10658 = PLANE ( 'NONE',  #2180 ) ;
#10659 =( GEOMETRIC_REPRESENTATION_CONTEXT ( 3 ) GLOBAL_UNCERTAINTY_ASSIGNED_CONTEXT ( ( #5573 ) ) GLOBAL_UNIT_ASSIGNED_CONTEXT ( ( #3892, #3076, #2253 ) ) REPRESENTATION_CONTEXT ( 'NONE', 'WORKASPACE' ) );
#10660 = CARTESIAN_POINT ( 'NONE',  ( -0.2576329443414137055, 0.08591953788914742651, -0.9999999999999997780 ) ) ;
#10661 = CARTESIAN_POINT ( 'NONE',  ( 0.1563510876453729492, 0.1838212442071268382, -0.9999999999999997780 ) ) ;
#10662 = CARTESIAN_POINT ( 'NONE',  ( -1.749999999999999556, 2.999999999999999556, -3.500000000000000000 ) ) ;
#10663 = VECTOR ( 'NONE', #560, 1000.000000000000000 ) ;
#10664 = DIRECTION ( 'NONE',  ( -1.000000000000000000, 2.409338161078899180E-16, 0.0000000000000000000 ) ) ;
#10665 = STYLED_ITEM ( 'NONE', ( #612 ), #4950 ) ;
#10666 = CARTESIAN_POINT ( 'NONE',  ( 0.1053178278814256713, 0.02896182027302574707, -1.000000000000000000 ) ) ;
#10667 = VERTEX_POINT ( 'NONE', #10083 ) ;
#10668 = COLOUR_RGB ( '',0.7529411764705882248, 0.7529411764705882248, 0.7529411764705882248 ) ;
#10669 = PRESENTATION_LAYER_ASSIGNMENT (  '', '', ( #4660 ) ) ;
#10670 = CIRCLE ( 'NONE', #6034, 0.1499999999999999667 ) ;
#10671 = COLOUR_RGB ( '',0.9882352941176471006, 0.7372549019607843590, 0.5176470588235293491 ) ;
#10672 =( LENGTH_UNIT ( ) NAMED_UNIT ( * ) SI_UNIT ( .MILLI., .METRE. ) );
#10673 = CARTESIAN_POINT ( 'NONE',  ( 0.1990678278814256574, 0.1276279788096111312, -0.9899999999999999911 ) ) ;
#10674 = CARTESIAN_POINT ( 'NONE',  ( 0.2500000000000005551, -2.200000000000000622, -2.000000000000000000 ) ) ;
#10675 = ORIENTED_EDGE ( 'NONE', *, *, #4161, .T. ) ;
#10676 =( NAMED_UNIT ( * ) SI_UNIT ( $, .STERADIAN. ) SOLID_ANGLE_UNIT ( ) );
#10677 = DIRECTION ( 'NONE',  ( -1.000000000000000000, 1.239088197126291063E-16, 0.0000000000000000000 ) ) ;
#10678 = VERTEX_POINT ( 'NONE', #2685 ) ;
#10679 =( GEOMETRIC_REPRESENTATION_CONTEXT ( 3 ) GLOBAL_UNCERTAINTY_ASSIGNED_CONTEXT ( ( #8055 ) ) GLOBAL_UNIT_ASSIGNED_CONTEXT ( ( #6701, #5892, #5065 ) ) REPRESENTATION_CONTEXT ( 'NONE', 'WORKASPACE' ) );
#10680 = MECHANICAL_DESIGN_GEOMETRIC_PRESENTATION_REPRESENTATION (  '', ( #9306 ), #2727 ) ;
#10681 = ORIENTED_EDGE ( 'NONE', *, *, #3107, .T. ) ;
#10682 = EDGE_CURVE ( 'NONE', #6489, #8385, #4795, .T. ) ;
#10683 = VECTOR ( 'NONE', #8423, 1000.000000000000000 ) ;
#10684 =( NAMED_UNIT ( * ) SI_UNIT ( $, .STERADIAN. ) SOLID_ANGLE_UNIT ( ) );
#10685 = VERTEX_POINT ( 'NONE', #5190 ) ;
#10686 = CARTESIAN_POINT ( 'NONE',  ( 3.549999999999999378, 2.249999999999998668, -3.500000000000000000 ) ) ;
#10687 = CARTESIAN_POINT ( 'NONE',  ( -3.499999999999999556, -3.000000000000000444, -0.5000000000000000000 ) ) ;
#10688 = ORIENTED_EDGE ( 'NONE', *, *, #10097, .F. ) ;
#10689 = EDGE_LOOP ( 'NONE', ( #4632, #10703, #9361, #865 ) ) ;
#10690 = FACE_OUTER_BOUND ( 'NONE', #8, .T. ) ;
#10691 = DIRECTION ( 'NONE',  ( -1.000000000000000000, -1.239088197126291063E-16, 0.0000000000000000000 ) ) ;
#10692 = EDGE_CURVE ( 'NONE', #2274, #1525, #8507, .T. ) ;
#10693 = FILL_AREA_STYLE_COLOUR ( '', #5405 ) ;
#10694 = EDGE_CURVE ( 'NONE', #9743, #271, #7673, .T. ) ;
#10695 = DIRECTION ( 'NONE',  ( -1.000000000000000000, -1.239088197126291063E-16, 0.0000000000000000000 ) ) ;
#10696 = FILL_AREA_STYLE ('',( #7426 ) ) ;
#10697 = FILL_AREA_STYLE_COLOUR ( '', #1603 ) ;
#10698 = CARTESIAN_POINT ( 'NONE',  ( -1.549999999999999600, 1.500000000000000444, -2.000000000000000000 ) ) ;
#10699 = ORIENTED_EDGE ( 'NONE', *, *, #10631, .T. ) ;
#10700 = CARTESIAN_POINT ( 'NONE',  ( -0.2920577238350460791, 0.1016880832018772635, -1.000000000000000222 ) ) ;
#10701 = CARTESIAN_POINT ( 'NONE',  ( -1.249999999999999556, -1.500000000000000444, -2.000000000000000000 ) ) ;
#10702 = PRESENTATION_STYLE_ASSIGNMENT (( #7433 ) ) ;
#10703 = ORIENTED_EDGE ( 'NONE', *, *, #3801, .T. ) ;
#10704 = DIRECTION ( 'NONE',  ( -1.000000000000000000, -1.239088197126291063E-16, 0.0000000000000000000 ) ) ;
#10705 = CARTESIAN_POINT ( 'NONE',  ( -0.2692248550454036105, 0.1333444422242452687, -0.9899999999999999911 ) ) ;
#10706 = EDGE_CURVE ( 'NONE', #9887, #3739, #6875, .T. ) ;
#10707 = DIRECTION ( 'NONE',  ( -1.000000000000000000, 1.239088197126291063E-16, 0.0000000000000000000 ) ) ;
#10708 = CARTESIAN_POINT ( 'NONE',  ( 0.08463784330745109663, 0.2111454300135160445, -0.9999999999999997780 ) ) ;
#10709 = SURFACE_STYLE_USAGE ( .BOTH. , #7440 ) ;
#10710 = CARTESIAN_POINT ( 'NONE',  ( 0.8500000000000003109, -0.9500000000000000666, -2.000000000000000000 ) ) ;
#10711 = ORIENTED_EDGE ( 'NONE', *, *, #7777, .T. ) ;
#10712 = SURFACE_SIDE_STYLE ('',( #7444 ) ) ;
ENDSEC;
END-ISO-10303-21;
